sample_id,label,sample_type,eligible,primary_effect,finite_row_count,retained_row_count,candidate_stratum_count,retained_stratum_count,eligibility_reason,ber_bler_spearman,ber_bler_row_count,ber_bler_reason
FT840_CDLA_ADAPTATION_MISMATCH_MILD_R01,adaptation_mismatch,physical,False,nan,80,0,2,0,too_few_retained_rows,nan,80,constant_outcome
FT840_CDLA_ADAPTATION_MISMATCH_MILD_R02,adaptation_mismatch,physical,False,nan,80,0,2,0,too_few_retained_rows,nan,80,constant_outcome
FT840_CDLA_ADAPTATION_MISMATCH_MILD_R03,adaptation_mismatch,physical,False,nan,80,0,2,0,too_few_retained_rows,nan,80,constant_outcome
FT840_CDLA_ADAPTATION_MISMATCH_MILD_R04,adaptation_mismatch,physical,True,-0.41143528879424507,80,59,2,1,eligible,0.6786033838182193,80,eligible
FT840_CDLA_ADAPTATION_MISMATCH_MILD_R05,adaptation_mismatch,physical,False,nan,80,0,2,0,too_few_retained_rows,nan,80,constant_outcome
FT840_CDLA_ADAPTATION_MISMATCH_MILD_R06,adaptation_mismatch,physical,False,nan,80,0,2,0,too_few_retained_rows,nan,80,constant_outcome
FT840_CDLA_ADAPTATION_MISMATCH_MILD_R08,adaptation_mismatch,physical,False,nan,80,0,2,0,too_few_retained_rows,nan,80,constant_outcome
FT840_CDLA_ADAPTATION_MISMATCH_MILD_R09,adaptation_mismatch,physical,True,-0.10762952642784829,80,80,2,2,eligible,0.7128752217216852,80,eligible
FT840_CDLA_ADAPTATION_MISMATCH_MILD_R10,adaptation_mismatch,physical,False,nan,80,0,2,0,too_few_retained_rows,nan,80,constant_outcome
FT840_CDLA_ADAPTATION_MISMATCH_MILD_R11,adaptation_mismatch,physical,True,0.2011648431748978,80,80,2,2,eligible,0.3607937477760573,80,eligible
FT840_CDLA_ADAPTATION_MISMATCH_MILD_R12,adaptation_mismatch,physical,False,nan,80,0,2,0,too_few_retained_rows,nan,80,constant_outcome
FT840_CDLA_ADAPTATION_MISMATCH_MILD_R13,adaptation_mismatch,physical,False,nan,80,0,2,0,too_few_retained_rows,nan,80,constant_outcome
FT840_CDLA_ADAPTATION_MISMATCH_MILD_R14,adaptation_mismatch,physical,False,nan,80,0,2,0,too_few_retained_rows,nan,80,constant_outcome
FT840_CDLA_ADAPTATION_MISMATCH_MILD_R15,adaptation_mismatch,physical,False,nan,80,0,2,0,too_few_retained_rows,nan,80,constant_outcome
FT840_CDLA_ADAPTATION_MISMATCH_MILD_R17,adaptation_mismatch,physical,False,nan,80,0,2,0,too_few_retained_rows,nan,80,constant_outcome
FT840_CDLA_ADAPTATION_MISMATCH_MILD_R18,adaptation_mismatch,physical,True,0.28543688108565085,80,80,2,2,eligible,0.6987203404862483,80,eligible
FT840_CDLA_ADAPTATION_MISMATCH_MILD_R19,adaptation_mismatch,physical,False,nan,80,0,2,0,too_few_retained_rows,nan,80,constant_outcome
FT840_CDLA_ADAPTATION_MISMATCH_MILD_R20,adaptation_mismatch,physical,True,-0.0337552836191026,80,62,2,1,eligible,0.726320243399118,80,eligible
FT840_CDLA_ADAPTATION_MISMATCH_MODERATE_R01,adaptation_mismatch,physical,True,0.34344881177670844,80,80,2,2,eligible,0.7526344210945483,80,eligible
FT840_CDLA_ADAPTATION_MISMATCH_MODERATE_R02,adaptation_mismatch,physical,False,nan,80,0,2,0,too_few_retained_rows,nan,80,constant_outcome
FT840_CDLA_ADAPTATION_MISMATCH_MODERATE_R03,adaptation_mismatch,physical,True,0.020527095008066792,80,80,2,2,eligible,0.7234787275321469,80,eligible
FT840_CDLA_ADAPTATION_MISMATCH_MODERATE_R04,adaptation_mismatch,physical,True,0.14778299365029743,80,80,2,2,eligible,0.7532435771547094,80,eligible
FT840_CDLA_ADAPTATION_MISMATCH_MODERATE_R05,adaptation_mismatch,physical,True,0.14205655407293355,80,80,2,2,eligible,0.7339182751217281,80,eligible
FT840_CDLA_ADAPTATION_MISMATCH_MODERATE_R06,adaptation_mismatch,physical,True,0.25029773399714456,80,80,2,2,eligible,0.7633763531066273,80,eligible
FT840_CDLA_ADAPTATION_MISMATCH_MODERATE_R07,adaptation_mismatch,physical,True,0.20239061213623233,80,38,2,1,eligible,0.19432331956201906,80,eligible
FT840_CDLA_ADAPTATION_MISMATCH_MODERATE_R08,adaptation_mismatch,physical,False,nan,80,0,2,0,too_few_retained_rows,nan,80,constant_outcome
FT840_CDLA_ADAPTATION_MISMATCH_MODERATE_R09,adaptation_mismatch,physical,True,0.4585102618608009,80,41,2,1,eligible,0.3765808387504334,80,eligible
FT840_CDLA_ADAPTATION_MISMATCH_MODERATE_R10,adaptation_mismatch,physical,True,0.1596217121039727,80,67,3,2,eligible,0.866114407057448,80,eligible
FT840_CDLA_ADAPTATION_MISMATCH_MODERATE_R11,adaptation_mismatch,physical,True,-0.445661135228165,80,39,2,1,eligible,0.7049667701597551,80,eligible
FT840_CDLA_ADAPTATION_MISMATCH_MODERATE_R12,adaptation_mismatch,physical,True,0.002916367968821251,80,80,2,2,eligible,0.7566499084579774,80,eligible
FT840_CDLA_ADAPTATION_MISMATCH_MODERATE_R13,adaptation_mismatch,physical,True,-0.30097502791014297,80,80,2,2,eligible,0.7651200483849692,80,eligible
FT840_CDLA_ADAPTATION_MISMATCH_MODERATE_R14,adaptation_mismatch,physical,True,0.19007953785226223,80,80,2,2,eligible,0.7497715938117007,80,eligible
FT840_CDLA_ADAPTATION_MISMATCH_MODERATE_R15,adaptation_mismatch,physical,True,0.16273628470196405,80,80,2,2,eligible,0.7316572999934498,80,eligible
FT840_CDLA_ADAPTATION_MISMATCH_MODERATE_R16,adaptation_mismatch,physical,True,-0.0748119297585814,80,80,2,2,eligible,0.6609820981723994,80,eligible
FT840_CDLA_ADAPTATION_MISMATCH_MODERATE_R17,adaptation_mismatch,physical,True,0.32951461508838736,80,80,2,2,eligible,0.76423051231219,80,eligible
FT840_CDLA_ADAPTATION_MISMATCH_MODERATE_R18,adaptation_mismatch,physical,True,-0.060748780878299116,80,80,2,2,eligible,0.7426345108153137,80,eligible
FT840_CDLA_ADAPTATION_MISMATCH_MODERATE_R19,adaptation_mismatch,physical,True,0.029963741083425022,80,80,2,2,eligible,0.7660336075095175,80,eligible
FT840_CDLA_ADAPTATION_MISMATCH_MODERATE_R20,adaptation_mismatch,physical,True,0.04875609489281619,80,63,2,1,eligible,0.7747080415279115,80,eligible
FT840_CDLA_ADAPTATION_MISMATCH_SEVERE_R01,adaptation_mismatch,physical,True,0.3531180714288779,80,80,2,2,eligible,0.7349966047236274,80,eligible
FT840_CDLA_ADAPTATION_MISMATCH_SEVERE_R02,adaptation_mismatch,physical,True,0.13590990170858203,80,80,2,2,eligible,0.727038021401916,80,eligible
FT840_CDLA_ADAPTATION_MISMATCH_SEVERE_R03,adaptation_mismatch,physical,True,0.09547267332161057,80,80,2,2,eligible,0.7845686016449964,80,eligible
FT840_CDLA_ADAPTATION_MISMATCH_SEVERE_R04,adaptation_mismatch,physical,True,0.293412809991723,80,80,2,2,eligible,0.7752379030804717,80,eligible
FT840_CDLA_ADAPTATION_MISMATCH_SEVERE_R05,adaptation_mismatch,physical,True,-1.4597567242742604e-05,80,80,2,2,eligible,0.7879205788914394,80,eligible
FT840_CDLA_ADAPTATION_MISMATCH_SEVERE_R06,adaptation_mismatch,physical,True,0.3279862681439966,80,80,2,2,eligible,0.7559829467290293,80,eligible
FT840_CDLA_ADAPTATION_MISMATCH_SEVERE_R07,adaptation_mismatch,physical,True,0.04587471129154132,80,80,2,2,eligible,0.7636267394757079,80,eligible
FT840_CDLA_ADAPTATION_MISMATCH_SEVERE_R08,adaptation_mismatch,physical,True,0.08691436330250409,80,52,2,1,eligible,0.7571603328754296,80,eligible
FT840_CDLA_ADAPTATION_MISMATCH_SEVERE_R09,adaptation_mismatch,physical,True,0.2627944534302253,80,80,2,2,eligible,0.7797058627120484,80,eligible
FT840_CDLA_ADAPTATION_MISMATCH_SEVERE_R10,adaptation_mismatch,physical,True,0.21254092391235302,80,80,2,2,eligible,0.7597326085144419,80,eligible
FT840_CDLA_ADAPTATION_MISMATCH_SEVERE_R11,adaptation_mismatch,physical,True,0.12684135763705298,80,80,2,2,eligible,0.7773690098794691,80,eligible
FT840_CDLA_ADAPTATION_MISMATCH_SEVERE_R12,adaptation_mismatch,physical,True,0.3814837515196954,80,80,2,2,eligible,0.7919574102218495,80,eligible
FT840_CDLA_ADAPTATION_MISMATCH_SEVERE_R13,adaptation_mismatch,physical,True,0.07660524155951194,80,80,2,2,eligible,0.7756255720254153,80,eligible
FT840_CDLA_ADAPTATION_MISMATCH_SEVERE_R14,adaptation_mismatch,physical,True,-0.20408954060356924,80,80,2,2,eligible,0.7618241498575696,80,eligible
FT840_CDLA_ADAPTATION_MISMATCH_SEVERE_R15,adaptation_mismatch,physical,True,-0.13786257452345246,80,80,2,2,eligible,0.7694299817753922,80,eligible
FT840_CDLA_ADAPTATION_MISMATCH_SEVERE_R16,adaptation_mismatch,physical,True,0.6563263713445392,80,50,2,1,eligible,0.7653394309585998,80,eligible
FT840_CDLA_ADAPTATION_MISMATCH_SEVERE_R17,adaptation_mismatch,physical,True,0.330999289621947,80,80,2,2,eligible,0.7845212960151021,80,eligible
FT840_CDLA_ADAPTATION_MISMATCH_SEVERE_R18,adaptation_mismatch,physical,True,-0.007301259968311209,80,80,2,2,eligible,0.7251258094397511,80,eligible
FT840_CDLA_ADAPTATION_MISMATCH_SEVERE_R19,adaptation_mismatch,physical,True,-0.030353319862913484,80,80,2,2,eligible,0.7715358853623756,80,eligible
FT840_CDLA_ADAPTATION_MISMATCH_SEVERE_R20,adaptation_mismatch,physical,True,0.13607345638744606,80,80,2,2,eligible,0.7851326286737005,80,eligible
FT840_CDLA_BLOCKAGE_MILD_R01,blockage,physical,False,nan,80,0,2,0,too_few_retained_rows,nan,80,constant_outcome
FT840_CDLA_BLOCKAGE_MILD_R02,blockage,physical,False,nan,80,0,2,0,too_few_retained_rows,nan,80,constant_outcome
FT840_CDLA_BLOCKAGE_MILD_R03,blockage,physical,False,nan,80,0,2,0,too_few_retained_rows,nan,80,constant_outcome
FT840_CDLA_BLOCKAGE_MILD_R04,blockage,physical,False,nan,80,0,2,0,too_few_retained_rows,nan,80,constant_outcome
FT840_CDLA_BLOCKAGE_MILD_R05,blockage,physical,False,nan,80,0,2,0,too_few_retained_rows,nan,80,constant_outcome
FT840_CDLA_BLOCKAGE_MILD_R06,blockage,physical,False,nan,80,0,2,0,too_few_retained_rows,nan,80,constant_outcome
FT840_CDLA_BLOCKAGE_MILD_R07,blockage,physical,False,nan,80,0,2,0,too_few_retained_rows,nan,80,constant_outcome
FT840_CDLA_BLOCKAGE_MILD_R08,blockage,physical,False,nan,80,0,2,0,too_few_retained_rows,nan,80,constant_outcome
FT840_CDLA_BLOCKAGE_MILD_R09,blockage,physical,False,nan,80,0,2,0,too_few_retained_rows,nan,80,constant_outcome
FT840_CDLA_BLOCKAGE_MILD_R10,blockage,physical,False,nan,80,0,2,0,too_few_retained_rows,nan,80,constant_outcome
FT840_CDLA_BLOCKAGE_MILD_R11,blockage,physical,False,nan,80,0,2,0,too_few_retained_rows,nan,80,constant_outcome
FT840_CDLA_BLOCKAGE_MILD_R12,blockage,physical,False,nan,80,0,2,0,too_few_retained_rows,nan,80,constant_outcome
FT840_CDLA_BLOCKAGE_MILD_R13,blockage,physical,False,nan,80,0,2,0,too_few_retained_rows,nan,80,constant_outcome
FT840_CDLA_BLOCKAGE_MILD_R14,blockage,physical,False,nan,80,0,2,0,too_few_retained_rows,nan,80,constant_outcome
FT840_CDLA_BLOCKAGE_MILD_R15,blockage,physical,False,nan,80,0,2,0,too_few_retained_rows,nan,80,constant_outcome
FT840_CDLA_BLOCKAGE_MILD_R17,blockage,physical,False,nan,80,0,2,0,too_few_retained_rows,nan,80,constant_outcome
FT840_CDLA_BLOCKAGE_MILD_R18,blockage,physical,False,nan,80,0,2,0,too_few_retained_rows,nan,80,constant_outcome
FT840_CDLA_BLOCKAGE_MILD_R19,blockage,physical,False,nan,80,0,2,0,too_few_retained_rows,nan,80,constant_outcome
FT840_CDLA_BLOCKAGE_MILD_R20,blockage,physical,False,nan,80,0,2,0,too_few_retained_rows,nan,80,constant_outcome
FT840_CDLA_BLOCKAGE_MODERATE_R01,blockage,physical,True,-0.3434383329317721,80,48,3,2,eligible,0.7311708271280479,80,eligible
FT840_CDLA_BLOCKAGE_MODERATE_R02,blockage,physical,False,nan,80,18,3,1,too_few_retained_rows,0.6568626158111612,80,eligible
FT840_CDLA_BLOCKAGE_MODERATE_R03,blockage,physical,True,-0.3559269241927254,80,39,3,2,eligible,0.6808552637523744,80,eligible
FT840_CDLA_BLOCKAGE_MODERATE_R04,blockage,physical,False,nan,80,19,3,1,too_few_retained_rows,0.7412027904145856,80,eligible
FT840_CDLA_BLOCKAGE_MODERATE_R05,blockage,physical,True,-0.39397728821323935,80,49,3,2,eligible,0.7164236773629874,80,eligible
FT840_CDLA_BLOCKAGE_MODERATE_R06,blockage,physical,True,-0.39008546005689243,80,56,3,2,eligible,0.7239032544596146,80,eligible
FT840_CDLA_BLOCKAGE_MODERATE_R07,blockage,physical,False,nan,80,17,3,1,too_few_retained_rows,0.6611952461692476,80,eligible
FT840_CDLA_BLOCKAGE_MODERATE_R08,blockage,physical,True,-0.3972368090675682,80,56,3,2,eligible,0.6663342234992801,80,eligible
FT840_CDLA_BLOCKAGE_MODERATE_R09,blockage,physical,True,-0.4039929970112401,80,33,3,2,eligible,0.6582198514060207,80,eligible
FT840_CDLA_BLOCKAGE_MODERATE_R10,blockage,physical,False,nan,80,17,3,1,too_few_retained_rows,0.6643063256203734,80,eligible
FT840_CDLA_BLOCKAGE_MODERATE_R11,blockage,physical,True,-0.3988683254528694,80,48,3,2,eligible,0.7263423521194748,80,eligible
FT840_CDLA_BLOCKAGE_MODERATE_R12,blockage,physical,False,nan,80,18,3,1,too_few_retained_rows,0.7025547506655363,80,eligible
FT840_CDLA_BLOCKAGE_MODERATE_R13,blockage,physical,False,nan,80,18,3,1,too_few_retained_rows,0.7058198675997196,80,eligible
FT840_CDLA_BLOCKAGE_MODERATE_R14,blockage,physical,True,-0.4134681152796927,80,33,3,1,eligible,0.777415033372312,80,eligible
FT840_CDLA_BLOCKAGE_MODERATE_R15,blockage,physical,True,-0.4601706772584372,80,56,3,2,eligible,0.6400631403158613,80,eligible
FT840_CDLA_BLOCKAGE_MODERATE_R16,blockage,physical,False,nan,80,18,3,1,too_few_retained_rows,0.6328541400148837,80,eligible
FT840_CDLA_BLOCKAGE_MODERATE_R17,blockage,physical,False,nan,80,18,3,1,too_few_retained_rows,0.6867779008232132,80,eligible
FT840_CDLA_BLOCKAGE_MODERATE_R18,blockage,physical,False,nan,80,17,3,1,too_few_retained_rows,0.6064741961481566,80,eligible
FT840_CDLA_BLOCKAGE_MODERATE_R19,blockage,physical,False,nan,80,17,3,1,too_few_retained_rows,0.6918705697760168,80,eligible
FT840_CDLA_BLOCKAGE_MODERATE_R20,blockage,physical,True,-0.37679872303827394,80,40,3,2,eligible,0.7084163446466081,80,eligible
FT840_CDLA_BLOCKAGE_SEVERE_R01,blockage,physical,True,-0.3406374206197535,80,49,3,2,eligible,0.7514043199745943,80,eligible
FT840_CDLA_BLOCKAGE_SEVERE_R02,blockage,physical,True,-0.3290045105084073,80,53,3,2,eligible,0.7829085762958001,80,eligible
FT840_CDLA_BLOCKAGE_SEVERE_R03,blockage,physical,True,-0.2886751345948129,80,35,3,1,eligible,0.7769309688655058,80,eligible
FT840_CDLA_BLOCKAGE_SEVERE_R04,blockage,physical,True,-0.3902739409326358,80,56,3,2,eligible,0.7605332446923437,80,eligible
FT840_CDLA_BLOCKAGE_SEVERE_R05,blockage,physical,True,-0.3180392109698487,80,56,3,2,eligible,0.7548155157547063,80,eligible
FT840_CDLA_BLOCKAGE_SEVERE_R06,blockage,physical,False,nan,80,16,3,1,too_few_retained_rows,0.7800319527133078,80,eligible
FT840_CDLA_BLOCKAGE_SEVERE_R07,blockage,physical,True,-0.3527381766706785,80,46,3,2,eligible,0.7531857104991675,80,eligible
FT840_CDLA_BLOCKAGE_SEVERE_R08,blockage,physical,True,-0.37796447300922714,80,40,3,2,eligible,0.7817929677862917,80,eligible
FT840_CDLA_BLOCKAGE_SEVERE_R09,blockage,physical,True,-0.3649073824146472,80,43,3,2,eligible,0.7760385302348192,80,eligible
FT840_CDLA_BLOCKAGE_SEVERE_R10,blockage,physical,False,nan,80,21,3,1,too_few_retained_rows,0.7946587342041374,80,eligible
FT840_CDLA_BLOCKAGE_SEVERE_R11,blockage,physical,False,nan,80,16,3,1,too_few_retained_rows,0.7777333714301713,80,eligible
FT840_CDLA_BLOCKAGE_SEVERE_R12,blockage,physical,True,-0.31704947975626585,80,56,3,2,eligible,0.7543684510887473,80,eligible
FT840_CDLA_BLOCKAGE_SEVERE_R13,blockage,physical,True,-0.3170494797562659,80,56,3,2,eligible,0.7454051232555134,80,eligible
FT840_CDLA_BLOCKAGE_SEVERE_R14,blockage,physical,True,-0.3691608515201262,80,42,3,2,eligible,0.7772389150040286,80,eligible
FT840_CDLA_BLOCKAGE_SEVERE_R15,blockage,physical,True,-0.39180195498468945,80,37,3,1,eligible,0.7641089536700302,80,eligible
FT840_CDLA_BLOCKAGE_SEVERE_R16,blockage,physical,False,nan,80,23,3,1,too_few_retained_rows,0.7806308485021268,80,eligible
FT840_CDLA_BLOCKAGE_SEVERE_R17,blockage,physical,True,-0.33968311024337866,80,25,3,1,eligible,0.7829202977794597,80,eligible
FT840_CDLA_BLOCKAGE_SEVERE_R18,blockage,physical,True,-0.31704947975626585,80,56,3,2,eligible,0.744994510386119,80,eligible
FT840_CDLA_BLOCKAGE_SEVERE_R19,blockage,physical,True,-0.31704947975626585,80,56,3,2,eligible,0.7460760591214629,80,eligible
FT840_CDLA_BLOCKAGE_SEVERE_R20,blockage,physical,True,-0.39180195498468934,80,37,3,1,eligible,0.764203491245411,80,eligible
FT840_CDLA_INTERFERENCE_MILD_R01,interference,physical,True,-0.11608043601255662,80,45,2,1,eligible,0.17179808183471473,80,eligible
FT840_CDLA_INTERFERENCE_MILD_R02,interference,physical,True,-0.2553769592276246,80,45,2,1,eligible,0.18700475712421286,80,eligible
FT840_CDLA_INTERFERENCE_MILD_R04,interference,physical,False,nan,80,0,2,0,too_few_retained_rows,nan,80,constant_outcome
FT840_CDLA_INTERFERENCE_MILD_R05,interference,physical,False,nan,80,0,2,0,too_few_retained_rows,nan,80,constant_outcome
FT840_CDLA_INTERFERENCE_MILD_R06,interference,physical,False,nan,80,0,2,0,too_few_retained_rows,nan,80,constant_outcome
FT840_CDLA_INTERFERENCE_MILD_R07,interference,physical,False,nan,80,0,2,0,too_few_retained_rows,nan,80,constant_outcome
FT840_CDLA_INTERFERENCE_MILD_R08,interference,physical,False,nan,80,0,2,0,too_few_retained_rows,nan,80,constant_outcome
FT840_CDLA_INTERFERENCE_MILD_R09,interference,physical,False,nan,80,0,2,0,too_few_retained_rows,nan,80,constant_outcome
FT840_CDLA_INTERFERENCE_MILD_R12,interference,physical,False,nan,80,0,2,0,too_few_retained_rows,nan,80,constant_outcome
FT840_CDLA_INTERFERENCE_MILD_R13,interference,physical,False,nan,80,0,2,0,too_few_retained_rows,nan,80,constant_outcome
FT840_CDLA_INTERFERENCE_MILD_R14,interference,physical,False,nan,80,0,2,0,too_few_retained_rows,nan,80,constant_outcome
FT840_CDLA_INTERFERENCE_MILD_R15,interference,physical,False,nan,80,0,2,0,too_few_retained_rows,nan,80,constant_outcome
FT840_CDLA_INTERFERENCE_MILD_R16,interference,physical,False,nan,80,0,2,0,too_few_retained_rows,nan,80,constant_outcome
FT840_CDLA_INTERFERENCE_MILD_R17,interference,physical,False,nan,80,0,2,0,too_few_retained_rows,nan,80,constant_outcome
FT840_CDLA_INTERFERENCE_MILD_R18,interference,physical,False,nan,80,0,2,0,too_few_retained_rows,nan,80,constant_outcome
FT840_CDLA_INTERFERENCE_MILD_R19,interference,physical,False,nan,80,0,2,0,too_few_retained_rows,nan,80,constant_outcome
FT840_CDLA_INTERFERENCE_MILD_R20,interference,physical,False,nan,80,0,2,0,too_few_retained_rows,nan,80,constant_outcome
FT840_CDLA_INTERFERENCE_MODERATE_R01,interference,physical,True,-0.494351904260489,80,42,3,1,eligible,0.5555042046514133,80,eligible
FT840_CDLA_INTERFERENCE_MODERATE_R02,interference,physical,True,-0.6198132639817399,80,35,3,1,eligible,0.6410161334735698,80,eligible
FT840_CDLA_INTERFERENCE_MODERATE_R03,interference,physical,True,-0.5597778122304284,80,34,3,1,eligible,0.5973642130194811,80,eligible
FT840_CDLA_INTERFERENCE_MODERATE_R04,interference,physical,True,-0.5787377542490227,80,51,3,1,eligible,0.618739952750181,80,eligible
FT840_CDLA_INTERFERENCE_MODERATE_R05,interference,physical,True,-0.7861110510609635,80,30,3,1,eligible,0.716879032351311,80,eligible
FT840_CDLA_INTERFERENCE_MODERATE_R06,interference,physical,True,-0.573611451147238,80,43,3,1,eligible,0.6339935350793784,80,eligible
FT840_CDLA_INTERFERENCE_MODERATE_R07,interference,physical,True,-0.6527686680606466,80,37,3,1,eligible,0.6113695411688115,80,eligible
FT840_CDLA_INTERFERENCE_MODERATE_R08,interference,physical,True,-0.5976660439257386,80,34,3,1,eligible,0.5860325552331462,80,eligible
FT840_CDLA_INTERFERENCE_MODERATE_R09,interference,physical,True,-0.636706116035084,80,50,3,1,eligible,0.6768042676304238,80,eligible
FT840_CDLA_INTERFERENCE_MODERATE_R10,interference,physical,True,-0.6576020057433216,80,38,3,1,eligible,0.6431848125782075,80,eligible
FT840_CDLA_INTERFERENCE_MODERATE_R11,interference,physical,True,-0.5246079728840627,80,43,3,1,eligible,0.5819970324005275,80,eligible
FT840_CDLA_INTERFERENCE_MODERATE_R12,interference,physical,True,-0.47931807747882116,80,51,3,1,eligible,0.5387183172334846,80,eligible
FT840_CDLA_INTERFERENCE_MODERATE_R13,interference,physical,True,-0.5809303433251302,80,39,3,1,eligible,0.543685509052942,80,eligible
FT840_CDLA_INTERFERENCE_MODERATE_R14,interference,physical,True,-0.6253053994807226,80,32,3,1,eligible,0.5875722268073389,80,eligible
FT840_CDLA_INTERFERENCE_MODERATE_R15,interference,physical,True,-0.5671920878891095,80,34,3,1,eligible,0.6152166689687188,80,eligible
FT840_CDLA_INTERFERENCE_MODERATE_R16,interference,physical,True,-0.5104797441240913,80,50,3,1,eligible,0.5310593641057823,80,eligible
FT840_CDLA_INTERFERENCE_MODERATE_R17,interference,physical,True,-0.6833302748143713,80,44,3,1,eligible,0.6612030672165112,80,eligible
FT840_CDLA_INTERFERENCE_MODERATE_R18,interference,physical,True,-0.45466192890601065,80,50,3,1,eligible,0.5186205075869113,80,eligible
FT840_CDLA_INTERFERENCE_MODERATE_R19,interference,physical,True,-0.5374838498865699,80,51,3,1,eligible,0.5459964379205552,80,eligible
FT840_CDLA_INTERFERENCE_MODERATE_R20,interference,physical,True,-0.5483456864400545,80,28,3,1,eligible,0.5770821537241213,80,eligible
FT840_CDLA_INTERFERENCE_SEVERE_R01,interference,physical,True,-0.36490738241464715,80,43,3,2,eligible,0.7528476798101333,80,eligible
FT840_CDLA_INTERFERENCE_SEVERE_R02,interference,physical,True,-0.3180392109698487,80,56,3,2,eligible,0.7531990631590345,80,eligible
FT840_CDLA_INTERFERENCE_SEVERE_R03,interference,physical,True,-0.3691608515201262,80,42,3,2,eligible,0.7524524060492266,80,eligible
FT840_CDLA_INTERFERENCE_SEVERE_R04,interference,physical,True,-0.3966842739866385,80,36,3,2,eligible,0.7513984327773625,80,eligible
FT840_CDLA_INTERFERENCE_SEVERE_R05,interference,physical,True,-0.411427882082004,80,33,3,2,eligible,0.755183121463229,80,eligible
FT840_CDLA_INTERFERENCE_SEVERE_R06,interference,physical,True,-0.34510489068379213,80,48,3,2,eligible,0.7636777674542371,80,eligible
FT840_CDLA_INTERFERENCE_SEVERE_R07,interference,physical,True,-0.35669704925042256,80,45,3,2,eligible,0.7594130612958502,80,eligible
FT840_CDLA_INTERFERENCE_SEVERE_R08,interference,physical,True,-0.4015565711019381,80,35,3,2,eligible,0.7769211987911374,80,eligible
FT840_CDLA_INTERFERENCE_SEVERE_R09,interference,physical,True,-0.36916085152012607,80,42,3,2,eligible,0.7824358467110777,80,eligible
FT840_CDLA_INTERFERENCE_SEVERE_R10,interference,physical,True,-0.3180392109698487,80,56,3,2,eligible,0.7581706687688556,80,eligible
FT840_CDLA_INTERFERENCE_SEVERE_R11,interference,physical,True,-0.411427882082004,80,33,3,2,eligible,0.7740115441780161,80,eligible
FT840_CDLA_INTERFERENCE_SEVERE_R12,interference,physical,True,-0.4212674019414369,80,31,3,2,eligible,0.8071890908055317,80,eligible
FT840_CDLA_INTERFERENCE_SEVERE_R13,interference,physical,True,-0.4650665041978156,80,36,3,2,eligible,0.7656620038989939,80,eligible
FT840_CDLA_INTERFERENCE_SEVERE_R14,interference,physical,True,-0.39013678338625785,80,56,3,2,eligible,0.7674433553810291,80,eligible
FT840_CDLA_INTERFERENCE_SEVERE_R15,interference,physical,True,-0.42362882608524705,80,56,3,2,eligible,0.7604370346835039,80,eligible
FT840_CDLA_INTERFERENCE_SEVERE_R16,interference,physical,True,-0.4015565711019381,80,35,3,2,eligible,0.7597463124110596,80,eligible
FT840_CDLA_INTERFERENCE_SEVERE_R17,interference,physical,True,-0.3527381766706785,80,46,3,2,eligible,0.7791583596901993,80,eligible
FT840_CDLA_INTERFERENCE_SEVERE_R18,interference,physical,True,-0.35669704925042256,80,45,3,2,eligible,0.7582978130909019,80,eligible
FT840_CDLA_INTERFERENCE_SEVERE_R19,interference,physical,True,-0.3691608515201261,80,42,3,2,eligible,0.7571467684340976,80,eligible
FT840_CDLA_INTERFERENCE_SEVERE_R20,interference,physical,True,-0.3180392109698487,80,56,3,2,eligible,0.7620499280986875,80,eligible
FT840_CDLA_MOBILITY_MILD_R01,mobility,physical,True,-0.46400109825019625,80,56,3,2,eligible,0.8502030170884662,80,eligible
FT840_CDLA_MOBILITY_MILD_R02,mobility,physical,True,-0.03031689579462891,80,56,2,1,eligible,0.7963323186210718,80,eligible
FT840_CDLA_MOBILITY_MILD_R03,mobility,physical,True,0.13378337727805767,80,59,2,1,eligible,0.7861440231334027,80,eligible
FT840_CDLA_MOBILITY_MILD_R04,mobility,physical,True,-0.10667055927739802,80,56,2,1,eligible,0.7922851332663463,80,eligible
FT840_CDLA_MOBILITY_MILD_R05,mobility,physical,True,0.1491066972777157,80,60,2,1,eligible,0.735856450781812,80,eligible
FT840_CDLA_MOBILITY_MILD_R06,mobility,physical,True,-0.35369711760400396,80,56,2,1,eligible,0.7850912790916963,80,eligible
FT840_CDLA_MOBILITY_MILD_R07,mobility,physical,True,-0.2923027110968338,80,56,2,1,eligible,0.4962360586354106,80,eligible
FT840_CDLA_MOBILITY_MILD_R08,mobility,physical,True,0.14287992527381865,80,56,2,1,eligible,0.45999711466678717,80,eligible
FT840_CDLA_MOBILITY_MILD_R09,mobility,physical,True,0.08455638970874717,80,80,2,2,eligible,0.7966262244728269,80,eligible
FT840_CDLA_MOBILITY_MILD_R10,mobility,physical,True,-0.19250895261890413,80,80,2,2,eligible,0.7632790938564605,80,eligible
FT840_CDLA_MOBILITY_MILD_R11,mobility,physical,True,0.04048121030627477,80,80,2,2,eligible,0.8134669751696113,80,eligible
FT840_CDLA_MOBILITY_MILD_R12,mobility,physical,True,-0.21829254677380716,80,56,2,1,eligible,0.5985092436617279,80,eligible
FT840_CDLA_MOBILITY_MILD_R13,mobility,physical,True,0.2989258380889152,80,80,2,2,eligible,0.7986584545451257,80,eligible
FT840_CDLA_MOBILITY_MILD_R14,mobility,physical,True,0.0513464826748418,80,56,2,1,eligible,0.7810196883188473,80,eligible
FT840_CDLA_MOBILITY_MILD_R15,mobility,physical,True,0.039646484234302566,80,80,2,2,eligible,0.6967633693440847,80,eligible
FT840_CDLA_MOBILITY_MILD_R16,mobility,physical,True,0.03092042224039883,80,80,2,2,eligible,0.8247714877988427,80,eligible
FT840_CDLA_MOBILITY_MILD_R17,mobility,physical,True,-0.38689552813149647,80,38,2,1,eligible,0.27827095877323416,80,eligible
FT840_CDLA_MOBILITY_MILD_R18,mobility,physical,True,-0.29919185594678493,80,80,2,2,eligible,0.44017143026882544,80,eligible
FT840_CDLA_MOBILITY_MILD_R19,mobility,physical,True,-0.059437862000474406,80,70,3,2,eligible,0.8697260676111908,80,eligible
FT840_CDLA_MOBILITY_MILD_R20,mobility,physical,True,0.25351144902115064,80,80,2,2,eligible,0.794164476706853,80,eligible
FT840_CDLA_MOBILITY_MODERATE_R01,mobility,physical,True,0.1328953618510825,80,80,2,2,eligible,0.7854329302669757,80,eligible
FT840_CDLA_MOBILITY_MODERATE_R02,mobility,physical,True,0.11102205505657683,80,62,2,1,eligible,0.8158998486124986,80,eligible
FT840_CDLA_MOBILITY_MODERATE_R03,mobility,physical,True,0.3320001843104566,80,48,2,1,eligible,0.7759280171644157,80,eligible
FT840_CDLA_MOBILITY_MODERATE_R04,mobility,physical,True,0.030237651520711412,80,57,2,1,eligible,0.7960062964110162,80,eligible
FT840_CDLA_MOBILITY_MODERATE_R05,mobility,physical,True,-0.19380741273651308,80,56,2,1,eligible,0.34411184052011207,80,eligible
FT840_CDLA_MOBILITY_MODERATE_R06,mobility,physical,True,0.29895216761178683,80,80,2,2,eligible,0.8050531188543795,80,eligible
FT840_CDLA_MOBILITY_MODERATE_R07,mobility,physical,True,-0.01743469177654396,80,56,2,1,eligible,0.4484921254556035,80,eligible
FT840_CDLA_MOBILITY_MODERATE_R08,mobility,physical,True,0.0699537612385324,80,80,2,2,eligible,0.5544436600742267,80,eligible
FT840_CDLA_MOBILITY_MODERATE_R09,mobility,physical,True,-0.2500398692291826,80,56,2,1,eligible,0.796569807516749,80,eligible
FT840_CDLA_MOBILITY_MODERATE_R10,mobility,physical,True,-0.04603676768814021,80,56,2,1,eligible,0.7863353679762312,80,eligible
FT840_CDLA_MOBILITY_MODERATE_R11,mobility,physical,True,0.25653198949003164,80,80,2,2,eligible,0.7964617085126676,80,eligible
FT840_CDLA_MOBILITY_MODERATE_R12,mobility,physical,True,-0.13033294716221008,80,59,2,1,eligible,0.6324347011942177,80,eligible
FT840_CDLA_MOBILITY_MODERATE_R13,mobility,physical,True,0.11005640317050991,80,80,2,2,eligible,0.801260113904785,80,eligible
FT840_CDLA_MOBILITY_MODERATE_R14,mobility,physical,True,-0.03149466872788637,80,80,2,2,eligible,0.7983243271351961,80,eligible
FT840_CDLA_MOBILITY_MODERATE_R15,mobility,physical,True,0.06253053994807221,80,61,2,1,eligible,0.4663980049552874,80,eligible
FT840_CDLA_MOBILITY_MODERATE_R16,mobility,physical,True,0.0871820236482456,80,80,2,2,eligible,0.7941784524475418,80,eligible
FT840_CDLA_MOBILITY_MODERATE_R17,mobility,physical,True,0.09199972740861898,80,57,2,1,eligible,0.7823356807798909,80,eligible
FT840_CDLA_MOBILITY_MODERATE_R18,mobility,physical,True,0.23796606373976914,80,56,2,1,eligible,0.3401144729375739,80,eligible
FT840_CDLA_MOBILITY_MODERATE_R19,mobility,physical,True,-0.12501993461459132,80,56,2,1,eligible,0.28913112280296394,80,eligible
FT840_CDLA_MOBILITY_MODERATE_R20,mobility,physical,True,0.031339558610288296,80,80,2,2,eligible,0.7980169218788616,80,eligible
FT840_CDLA_MOBILITY_SEVERE_R01,mobility,physical,True,-0.23863650455621538,80,80,2,2,eligible,0.7638795084044708,80,eligible
FT840_CDLA_MOBILITY_SEVERE_R02,mobility,physical,True,-0.5179593375520388,80,54,2,1,eligible,0.4757157359213544,80,eligible
FT840_CDLA_MOBILITY_SEVERE_R03,mobility,physical,True,0.1655031408614682,80,80,2,2,eligible,0.7978232026451305,80,eligible
FT840_CDLA_MOBILITY_SEVERE_R04,mobility,physical,True,0.02678998598884101,80,56,2,1,eligible,0.8080827711549178,80,eligible
FT840_CDLA_MOBILITY_SEVERE_R05,mobility,physical,True,-0.26836067018208554,80,56,2,1,eligible,0.7878183937578018,80,eligible
FT840_CDLA_MOBILITY_SEVERE_R06,mobility,physical,True,-0.04038508211579474,80,56,2,1,eligible,0.5784220314835132,80,eligible
FT840_CDLA_MOBILITY_SEVERE_R07,mobility,physical,True,-0.17655051042284445,80,80,2,2,eligible,0.7983385236478626,80,eligible
FT840_CDLA_MOBILITY_SEVERE_R08,mobility,physical,True,0.16812259091669093,80,80,2,2,eligible,0.7804915148052947,80,eligible
FT840_CDLA_MOBILITY_SEVERE_R09,mobility,physical,True,0.23121217995765406,80,80,2,2,eligible,0.7777337036528135,80,eligible
FT840_CDLA_MOBILITY_SEVERE_R10,mobility,physical,True,0.120144735186122,80,56,2,1,eligible,0.7910267936429991,80,eligible
FT840_CDLA_MOBILITY_SEVERE_R11,mobility,physical,True,0.12040314866133241,80,59,2,1,eligible,0.7919960360425743,80,eligible
FT840_CDLA_MOBILITY_SEVERE_R12,mobility,physical,True,0.20255685987044703,80,80,2,2,eligible,0.7948341692476112,80,eligible
FT840_CDLA_MOBILITY_SEVERE_R13,mobility,physical,True,-0.15264560661726106,80,80,2,2,eligible,0.7962972944358991,80,eligible
FT840_CDLA_MOBILITY_SEVERE_R14,mobility,physical,True,-0.22215006043359367,80,56,2,1,eligible,0.49647536713500906,80,eligible
FT840_CDLA_MOBILITY_SEVERE_R15,mobility,physical,True,-0.14618812449010857,80,61,2,1,eligible,0.542267307969896,80,eligible
FT840_CDLA_MOBILITY_SEVERE_R16,mobility,physical,True,-0.06157244744792398,80,80,2,2,eligible,0.41628934756995684,80,eligible
FT840_CDLA_MOBILITY_SEVERE_R17,mobility,physical,True,0.027145778279642152,80,56,2,1,eligible,0.7753976993513441,80,eligible
FT840_CDLA_MOBILITY_SEVERE_R18,mobility,physical,True,-0.3389379255541011,80,51,3,1,eligible,0.8213172376688178,80,eligible
FT840_CDLA_MOBILITY_SEVERE_R19,mobility,physical,True,-0.14709308700356982,80,56,2,1,eligible,0.7935304393934584,80,eligible
FT840_CDLA_MOBILITY_SEVERE_R20,mobility,physical,True,-0.008842635151288206,80,57,2,1,eligible,0.7776672675954889,80,eligible
FT840_CDLA_NONPHYSICAL_GOODPUT_R01,nonphysical_goodput,control,False,nan,80,0,2,0,too_few_retained_rows,nan,80,constant_outcome
FT840_CDLA_NONPHYSICAL_GOODPUT_R02,nonphysical_goodput,control,False,nan,80,0,2,0,too_few_retained_rows,nan,80,constant_outcome
FT840_CDLA_NONPHYSICAL_GOODPUT_R03,nonphysical_goodput,control,False,nan,80,0,2,0,too_few_retained_rows,nan,80,constant_outcome
FT840_CDLA_NONPHYSICAL_GOODPUT_R04,nonphysical_goodput,control,False,nan,80,0,2,0,too_few_retained_rows,nan,80,constant_outcome
FT840_CDLA_NONPHYSICAL_GOODPUT_R05,nonphysical_goodput,control,False,nan,80,0,2,0,too_few_retained_rows,nan,80,constant_outcome
FT840_CDLA_NONPHYSICAL_GOODPUT_R06,nonphysical_goodput,control,False,nan,80,0,2,0,too_few_retained_rows,nan,80,constant_outcome
FT840_CDLA_NONPHYSICAL_GOODPUT_R07,nonphysical_goodput,control,False,nan,80,0,2,0,too_few_retained_rows,nan,80,constant_outcome
FT840_CDLA_NONPHYSICAL_GOODPUT_R08,nonphysical_goodput,control,False,nan,80,0,2,0,too_few_retained_rows,nan,80,constant_outcome
FT840_CDLA_NONPHYSICAL_GOODPUT_R09,nonphysical_goodput,control,False,nan,80,0,2,0,too_few_retained_rows,nan,80,constant_outcome
FT840_CDLA_NONPHYSICAL_GOODPUT_R10,nonphysical_goodput,control,False,nan,80,0,2,0,too_few_retained_rows,nan,80,constant_outcome
FT840_CDLA_NONPHYSICAL_GOODPUT_R11,nonphysical_goodput,control,False,nan,80,0,2,0,too_few_retained_rows,nan,80,constant_outcome
FT840_CDLA_NONPHYSICAL_GOODPUT_R12,nonphysical_goodput,control,False,nan,80,0,2,0,too_few_retained_rows,nan,80,constant_outcome
FT840_CDLA_NONPHYSICAL_GOODPUT_R13,nonphysical_goodput,control,False,nan,80,0,2,0,too_few_retained_rows,nan,80,constant_outcome
FT840_CDLA_NONPHYSICAL_GOODPUT_R14,nonphysical_goodput,control,False,nan,80,0,2,0,too_few_retained_rows,nan,80,constant_outcome
FT840_CDLA_NONPHYSICAL_GOODPUT_R15,nonphysical_goodput,control,False,nan,80,0,2,0,too_few_retained_rows,nan,80,constant_outcome
FT840_CDLA_NONPHYSICAL_GOODPUT_R16,nonphysical_goodput,control,False,nan,80,0,2,0,too_few_retained_rows,nan,80,constant_outcome
FT840_CDLA_NONPHYSICAL_GOODPUT_R17,nonphysical_goodput,control,False,nan,80,0,2,0,too_few_retained_rows,nan,80,constant_outcome
FT840_CDLA_NONPHYSICAL_GOODPUT_R18,nonphysical_goodput,control,False,nan,80,0,2,0,too_few_retained_rows,nan,80,constant_outcome
FT840_CDLA_NONPHYSICAL_GOODPUT_R19,nonphysical_goodput,control,False,nan,80,0,2,0,too_few_retained_rows,nan,80,constant_outcome
FT840_CDLA_NONPHYSICAL_GOODPUT_R20,nonphysical_goodput,control,False,nan,80,0,2,0,too_few_retained_rows,nan,80,constant_outcome
FT840_CDLA_NORMAL_R01,normal,control,False,nan,80,0,2,0,too_few_retained_rows,nan,80,constant_outcome
FT840_CDLA_NORMAL_R02,normal,control,False,nan,80,0,2,0,too_few_retained_rows,nan,80,constant_outcome
FT840_CDLA_NORMAL_R03,normal,control,False,nan,80,0,2,0,too_few_retained_rows,nan,80,constant_outcome
FT840_CDLA_NORMAL_R04,normal,control,False,nan,80,0,2,0,too_few_retained_rows,nan,80,constant_outcome
FT840_CDLA_NORMAL_R05,normal,control,False,nan,80,0,2,0,too_few_retained_rows,nan,80,constant_outcome
FT840_CDLA_NORMAL_R06,normal,control,False,nan,80,0,2,0,too_few_retained_rows,nan,80,constant_outcome
FT840_CDLA_NORMAL_R07,normal,control,False,nan,80,0,2,0,too_few_retained_rows,nan,80,constant_outcome
FT840_CDLA_NORMAL_R08,normal,control,False,nan,80,0,2,0,too_few_retained_rows,nan,80,constant_outcome
FT840_CDLA_NORMAL_R09,normal,control,False,nan,80,0,2,0,too_few_retained_rows,nan,80,constant_outcome
FT840_CDLA_NORMAL_R10,normal,control,False,nan,80,0,2,0,too_few_retained_rows,nan,80,constant_outcome
FT840_CDLA_NORMAL_R11,normal,control,False,nan,80,0,2,0,too_few_retained_rows,nan,80,constant_outcome
FT840_CDLA_NORMAL_R12,normal,control,False,nan,80,0,2,0,too_few_retained_rows,nan,80,constant_outcome
FT840_CDLA_NORMAL_R13,normal,control,False,nan,80,0,2,0,too_few_retained_rows,nan,80,constant_outcome
FT840_CDLA_NORMAL_R14,normal,control,False,nan,80,0,2,0,too_few_retained_rows,nan,80,constant_outcome
FT840_CDLA_NORMAL_R15,normal,control,False,nan,80,0,2,0,too_few_retained_rows,nan,80,constant_outcome
FT840_CDLA_NORMAL_R16,normal,control,False,nan,80,0,2,0,too_few_retained_rows,nan,80,constant_outcome
FT840_CDLA_NORMAL_R17,normal,control,False,nan,80,0,2,0,too_few_retained_rows,nan,80,constant_outcome
FT840_CDLA_NORMAL_R18,normal,control,False,nan,80,0,2,0,too_few_retained_rows,nan,80,constant_outcome
FT840_CDLA_NORMAL_R19,normal,control,False,nan,80,0,2,0,too_few_retained_rows,nan,80,constant_outcome
FT840_CDLA_NORMAL_R20,normal,control,False,nan,80,0,2,0,too_few_retained_rows,nan,80,constant_outcome
FT840_CDLB_ADAPTATION_MISMATCH_MILD_R01,adaptation_mismatch,physical,True,0.03751026850348689,80,80,2,2,eligible,0.7373498260915867,80,eligible
FT840_CDLB_ADAPTATION_MISMATCH_MILD_R02,adaptation_mismatch,physical,False,nan,80,0,2,0,too_few_retained_rows,nan,80,constant_outcome
FT840_CDLB_ADAPTATION_MISMATCH_MILD_R03,adaptation_mismatch,physical,True,-0.09754676974985058,80,80,2,2,eligible,0.7247801405480699,80,eligible
FT840_CDLB_ADAPTATION_MISMATCH_MILD_R04,adaptation_mismatch,physical,True,0.2676029545993249,80,80,2,2,eligible,0.7254292102672805,80,eligible
FT840_CDLB_ADAPTATION_MISMATCH_MILD_R06,adaptation_mismatch,physical,False,nan,80,0,2,0,too_few_retained_rows,nan,80,constant_outcome
FT840_CDLB_ADAPTATION_MISMATCH_MILD_R08,adaptation_mismatch,physical,False,nan,80,0,2,0,too_few_retained_rows,nan,80,constant_outcome
FT840_CDLB_ADAPTATION_MISMATCH_MILD_R09,adaptation_mismatch,physical,True,-0.05507755214141848,80,80,2,2,eligible,0.7235126622043606,80,eligible
FT840_CDLB_ADAPTATION_MISMATCH_MILD_R10,adaptation_mismatch,physical,True,0.1451709026678303,80,80,2,2,eligible,0.7241498227604797,80,eligible
FT840_CDLB_ADAPTATION_MISMATCH_MILD_R11,adaptation_mismatch,physical,False,nan,80,0,2,0,too_few_retained_rows,nan,80,constant_outcome
FT840_CDLB_ADAPTATION_MISMATCH_MILD_R12,adaptation_mismatch,physical,True,-0.008945067883350635,80,80,2,2,eligible,0.7254890807462617,80,eligible
FT840_CDLB_ADAPTATION_MISMATCH_MILD_R13,adaptation_mismatch,physical,True,-0.032211618524108185,80,42,2,1,eligible,0.17314014391382732,80,eligible
FT840_CDLB_ADAPTATION_MISMATCH_MILD_R15,adaptation_mismatch,physical,True,-0.1631784879661263,80,53,2,1,eligible,0.190722202159082,80,eligible
FT840_CDLB_ADAPTATION_MISMATCH_MILD_R16,adaptation_mismatch,physical,True,-0.25216586114453593,80,80,2,2,eligible,0.7055416228072403,80,eligible
FT840_CDLB_ADAPTATION_MISMATCH_MILD_R17,adaptation_mismatch,physical,False,nan,80,0,2,0,too_few_retained_rows,nan,80,constant_outcome
FT840_CDLB_ADAPTATION_MISMATCH_MILD_R18,adaptation_mismatch,physical,True,-0.382691898587952,80,47,2,1,eligible,0.5507659972068738,80,eligible
FT840_CDLB_ADAPTATION_MISMATCH_MILD_R19,adaptation_mismatch,physical,False,nan,80,0,2,0,too_few_retained_rows,nan,80,constant_outcome
FT840_CDLB_ADAPTATION_MISMATCH_MODERATE_R01,adaptation_mismatch,physical,True,-0.5511070751355518,80,43,2,1,eligible,0.7624624407844875,80,eligible
FT840_CDLB_ADAPTATION_MISMATCH_MODERATE_R02,adaptation_mismatch,physical,True,0.14229470793136217,80,80,2,2,eligible,0.7376886305277807,80,eligible
FT840_CDLB_ADAPTATION_MISMATCH_MODERATE_R03,adaptation_mismatch,physical,True,0.11578053755605505,80,80,2,2,eligible,0.7384157430334578,80,eligible
FT840_CDLB_ADAPTATION_MISMATCH_MODERATE_R04,adaptation_mismatch,physical,True,0.32776954059406666,80,80,2,2,eligible,0.7383679813125703,80,eligible
FT840_CDLB_ADAPTATION_MISMATCH_MODERATE_R05,adaptation_mismatch,physical,True,0.14296355415149345,80,62,2,1,eligible,0.7387024068421504,80,eligible
FT840_CDLB_ADAPTATION_MISMATCH_MODERATE_R06,adaptation_mismatch,physical,True,-0.323709224150301,80,80,2,2,eligible,0.7236144948787931,80,eligible
FT840_CDLB_ADAPTATION_MISMATCH_MODERATE_R07,adaptation_mismatch,physical,True,-0.2821754121883281,80,57,2,1,eligible,0.7376886305277807,80,eligible
FT840_CDLB_ADAPTATION_MISMATCH_MODERATE_R08,adaptation_mismatch,physical,True,-0.35099329608023017,80,80,2,2,eligible,0.7553491682720931,80,eligible
FT840_CDLB_ADAPTATION_MISMATCH_MODERATE_R09,adaptation_mismatch,physical,True,0.33884286365257854,80,80,2,2,eligible,0.75071880548121,80,eligible
FT840_CDLB_ADAPTATION_MISMATCH_MODERATE_R10,adaptation_mismatch,physical,True,0.3095119576317085,80,80,2,2,eligible,0.7633072855363102,80,eligible
FT840_CDLB_ADAPTATION_MISMATCH_MODERATE_R11,adaptation_mismatch,physical,True,0.3396073669063322,80,80,2,2,eligible,0.6930531847018432,80,eligible
FT840_CDLB_ADAPTATION_MISMATCH_MODERATE_R12,adaptation_mismatch,physical,True,0.05364063833276589,80,80,2,2,eligible,0.7528921315310209,80,eligible
FT840_CDLB_ADAPTATION_MISMATCH_MODERATE_R13,adaptation_mismatch,physical,True,0.20804948575899435,80,80,2,2,eligible,0.7486784432788464,80,eligible
FT840_CDLB_ADAPTATION_MISMATCH_MODERATE_R14,adaptation_mismatch,physical,True,0.11796642553818286,80,80,2,2,eligible,0.6941540709550671,80,eligible
FT840_CDLB_ADAPTATION_MISMATCH_MODERATE_R15,adaptation_mismatch,physical,True,0.004717637287722142,80,80,2,2,eligible,0.7609000938296083,80,eligible
FT840_CDLB_ADAPTATION_MISMATCH_MODERATE_R16,adaptation_mismatch,physical,True,-0.6479058811545568,80,56,2,1,eligible,0.751526621182514,80,eligible
FT840_CDLB_ADAPTATION_MISMATCH_MODERATE_R17,adaptation_mismatch,physical,True,0.6727476265888759,80,50,2,1,eligible,0.7247716117662837,80,eligible
FT840_CDLB_ADAPTATION_MISMATCH_MODERATE_R18,adaptation_mismatch,physical,False,nan,80,0,2,0,too_few_retained_rows,nan,80,constant_outcome
FT840_CDLB_ADAPTATION_MISMATCH_MODERATE_R19,adaptation_mismatch,physical,True,0.35107538277648664,80,80,2,2,eligible,0.7845322339161578,80,eligible
FT840_CDLB_ADAPTATION_MISMATCH_MODERATE_R20,adaptation_mismatch,physical,True,0.285927108302987,80,62,2,1,eligible,0.7306372629930012,80,eligible
FT840_CDLB_ADAPTATION_MISMATCH_SEVERE_R01,adaptation_mismatch,physical,True,-0.800816912297694,80,36,2,1,eligible,0.7766108004081974,80,eligible
FT840_CDLB_ADAPTATION_MISMATCH_SEVERE_R02,adaptation_mismatch,physical,True,0.31741645652837797,80,80,2,2,eligible,0.7544842344267882,80,eligible
FT840_CDLB_ADAPTATION_MISMATCH_SEVERE_R03,adaptation_mismatch,physical,True,0.0300037507032716,80,63,2,1,eligible,0.7604232933769373,80,eligible
FT840_CDLB_ADAPTATION_MISMATCH_SEVERE_R04,adaptation_mismatch,physical,True,-0.09365107150540843,80,80,2,2,eligible,0.7245712720288584,80,eligible
FT840_CDLB_ADAPTATION_MISMATCH_SEVERE_R05,adaptation_mismatch,physical,True,0.391946590258367,80,80,2,2,eligible,0.7241795980456532,80,eligible
FT840_CDLB_ADAPTATION_MISMATCH_SEVERE_R06,adaptation_mismatch,physical,True,-0.2593339313390039,80,59,2,1,eligible,0.7739085846575493,80,eligible
FT840_CDLB_ADAPTATION_MISMATCH_SEVERE_R07,adaptation_mismatch,physical,True,-0.3689143807285732,80,56,2,1,eligible,0.7501465273043187,80,eligible
FT840_CDLB_ADAPTATION_MISMATCH_SEVERE_R08,adaptation_mismatch,physical,True,-0.3760163769747194,80,80,2,2,eligible,0.7649159009159906,80,eligible
FT840_CDLB_ADAPTATION_MISMATCH_SEVERE_R09,adaptation_mismatch,physical,True,0.04429200169767489,80,80,2,2,eligible,0.7809415838833047,80,eligible
FT840_CDLB_ADAPTATION_MISMATCH_SEVERE_R10,adaptation_mismatch,physical,True,0.4639039734166156,80,49,2,1,eligible,0.7520799092258657,80,eligible
FT840_CDLB_ADAPTATION_MISMATCH_SEVERE_R11,adaptation_mismatch,physical,True,-0.20650291155215741,80,62,2,1,eligible,0.7239925000993344,80,eligible
FT840_CDLB_ADAPTATION_MISMATCH_SEVERE_R12,adaptation_mismatch,physical,True,-0.17547143685877564,80,80,2,2,eligible,0.7705908659249633,80,eligible
FT840_CDLB_ADAPTATION_MISMATCH_SEVERE_R13,adaptation_mismatch,physical,True,-0.1345651192825424,80,80,2,2,eligible,0.7241923600065505,80,eligible
FT840_CDLB_ADAPTATION_MISMATCH_SEVERE_R14,adaptation_mismatch,physical,True,0.15780422203830394,80,80,2,2,eligible,0.7600114002565064,80,eligible
FT840_CDLB_ADAPTATION_MISMATCH_SEVERE_R15,adaptation_mismatch,physical,True,-0.5464544264541992,80,56,2,1,eligible,0.767897194662141,80,eligible
FT840_CDLB_ADAPTATION_MISMATCH_SEVERE_R16,adaptation_mismatch,physical,True,0.4725590735765263,80,63,2,1,eligible,0.7572055529456374,80,eligible
FT840_CDLB_ADAPTATION_MISMATCH_SEVERE_R17,adaptation_mismatch,physical,True,0.16775120462528617,80,80,2,2,eligible,0.7515221998004842,80,eligible
FT840_CDLB_ADAPTATION_MISMATCH_SEVERE_R18,adaptation_mismatch,physical,True,-0.11120354633205483,80,80,2,2,eligible,0.7760012498738661,80,eligible
FT840_CDLB_ADAPTATION_MISMATCH_SEVERE_R19,adaptation_mismatch,physical,True,0.6243950491999555,80,80,2,2,eligible,0.7742402730869706,80,eligible
FT840_CDLB_ADAPTATION_MISMATCH_SEVERE_R20,adaptation_mismatch,physical,True,0.46344830787605357,80,80,2,2,eligible,0.7770746529564433,80,eligible
FT840_CDLB_BLOCKAGE_MILD_R01,blockage,physical,False,nan,80,0,2,0,too_few_retained_rows,nan,80,constant_outcome
FT840_CDLB_BLOCKAGE_MILD_R02,blockage,physical,False,nan,80,0,2,0,too_few_retained_rows,nan,80,constant_outcome
FT840_CDLB_BLOCKAGE_MILD_R03,blockage,physical,False,nan,80,0,2,0,too_few_retained_rows,nan,80,constant_outcome
FT840_CDLB_BLOCKAGE_MILD_R04,blockage,physical,True,-0.6239554426529083,80,70,2,1,eligible,0.6526282784450187,80,eligible
FT840_CDLB_BLOCKAGE_MILD_R05,blockage,physical,True,-0.6225430174794668,80,49,2,1,eligible,0.5840541029715538,80,eligible
FT840_CDLB_BLOCKAGE_MILD_R06,blockage,physical,True,-0.22941573387056188,80,56,2,1,eligible,0.19451983777219728,80,eligible
FT840_CDLB_BLOCKAGE_MILD_R07,blockage,physical,True,-0.5611485509943382,80,53,2,1,eligible,0.5485564435470943,80,eligible
FT840_CDLB_BLOCKAGE_MILD_R08,blockage,physical,False,nan,80,0,2,0,too_few_retained_rows,nan,80,constant_outcome
FT840_CDLB_BLOCKAGE_MILD_R09,blockage,physical,True,-0.7574900717443157,80,41,2,1,eligible,0.6750154491067173,80,eligible
FT840_CDLB_BLOCKAGE_MILD_R10,blockage,physical,False,nan,80,0,2,0,too_few_retained_rows,nan,80,constant_outcome
FT840_CDLB_BLOCKAGE_MILD_R11,blockage,physical,True,-0.4404735901257173,80,56,3,2,eligible,0.6652243510420991,80,eligible
FT840_CDLB_BLOCKAGE_MILD_R12,blockage,physical,False,nan,80,0,2,0,too_few_retained_rows,nan,80,constant_outcome
FT840_CDLB_BLOCKAGE_MILD_R13,blockage,physical,False,nan,80,0,2,0,too_few_retained_rows,nan,80,constant_outcome
FT840_CDLB_BLOCKAGE_MILD_R14,blockage,physical,True,-0.17404473035374698,80,46,2,1,eligible,0.18762192147534762,80,eligible
FT840_CDLB_BLOCKAGE_MILD_R15,blockage,physical,True,-0.5270864463740453,80,49,2,1,eligible,0.48545550069550536,80,eligible
FT840_CDLB_BLOCKAGE_MILD_R16,blockage,physical,False,nan,80,0,2,0,too_few_retained_rows,nan,80,constant_outcome
FT840_CDLB_BLOCKAGE_MILD_R17,blockage,physical,False,nan,80,0,2,0,too_few_retained_rows,nan,80,constant_outcome
FT840_CDLB_BLOCKAGE_MILD_R18,blockage,physical,False,nan,80,0,2,0,too_few_retained_rows,nan,80,constant_outcome
FT840_CDLB_BLOCKAGE_MILD_R19,blockage,physical,False,nan,80,0,2,0,too_few_retained_rows,nan,80,constant_outcome
FT840_CDLB_BLOCKAGE_MILD_R20,blockage,physical,False,nan,80,0,2,0,too_few_retained_rows,nan,80,constant_outcome
FT840_CDLB_BLOCKAGE_MODERATE_R01,blockage,physical,False,nan,80,19,3,1,too_few_retained_rows,0.7502872743438431,80,eligible
FT840_CDLB_BLOCKAGE_MODERATE_R02,blockage,physical,True,-0.46811627641723497,80,43,3,2,eligible,0.693427337633158,80,eligible
FT840_CDLB_BLOCKAGE_MODERATE_R03,blockage,physical,True,-0.4226234614200152,80,51,3,2,eligible,0.6902528670743379,80,eligible
FT840_CDLB_BLOCKAGE_MODERATE_R04,blockage,physical,True,-0.3475165157943097,80,56,3,2,eligible,0.6396654683723095,80,eligible
FT840_CDLB_BLOCKAGE_MODERATE_R05,blockage,physical,True,-0.38674755557837565,80,57,3,2,eligible,0.7243583269195965,80,eligible
FT840_CDLB_BLOCKAGE_MODERATE_R06,blockage,physical,True,-0.4023059865372031,80,41,3,2,eligible,0.6680208943768753,80,eligible
FT840_CDLB_BLOCKAGE_MODERATE_R07,blockage,physical,True,-0.26721762914503533,80,56,3,2,eligible,0.6841992601505759,80,eligible
FT840_CDLB_BLOCKAGE_MODERATE_R08,blockage,physical,True,-0.3776097432520434,80,40,3,1,eligible,0.7504325027360341,80,eligible
FT840_CDLB_BLOCKAGE_MODERATE_R09,blockage,physical,True,-0.5096241878491735,80,48,3,2,eligible,0.6823973048005287,80,eligible
FT840_CDLB_BLOCKAGE_MODERATE_R10,blockage,physical,False,nan,80,0,3,0,too_few_retained_rows,0.6939974187634481,80,eligible
FT840_CDLB_BLOCKAGE_MODERATE_R11,blockage,physical,True,-0.4757512855624098,80,31,3,1,eligible,0.7092873338583995,80,eligible
FT840_CDLB_BLOCKAGE_MODERATE_R12,blockage,physical,True,-0.4620472200642281,80,38,3,2,eligible,0.7377565825216376,80,eligible
FT840_CDLB_BLOCKAGE_MODERATE_R13,blockage,physical,True,-0.3281962308702627,80,49,3,1,eligible,0.5214503561400526,80,eligible
FT840_CDLB_BLOCKAGE_MODERATE_R14,blockage,physical,False,nan,80,18,3,1,too_few_retained_rows,0.6933540861169034,80,eligible
FT840_CDLB_BLOCKAGE_MODERATE_R15,blockage,physical,True,-0.3764289244818118,80,27,3,2,eligible,0.6780321324917482,80,eligible
FT840_CDLB_BLOCKAGE_MODERATE_R16,blockage,physical,True,-0.36890148600571243,80,48,3,2,eligible,0.6485962146860907,80,eligible
FT840_CDLB_BLOCKAGE_MODERATE_R17,blockage,physical,False,nan,80,12,3,1,too_few_retained_rows,0.7242732014299063,80,eligible
FT840_CDLB_BLOCKAGE_MODERATE_R18,blockage,physical,False,nan,80,16,3,1,too_few_retained_rows,0.5474547097018864,80,eligible
FT840_CDLB_BLOCKAGE_MODERATE_R19,blockage,physical,True,-0.4194676139809671,80,32,3,1,eligible,0.753805130567824,80,eligible
FT840_CDLB_BLOCKAGE_MODERATE_R20,blockage,physical,True,-0.3868955281314965,80,38,3,1,eligible,0.7502080943870191,80,eligible
FT840_CDLB_BLOCKAGE_SEVERE_R01,blockage,physical,True,-0.3216337604513383,80,28,3,1,eligible,0.762672707994085,80,eligible
FT840_CDLB_BLOCKAGE_SEVERE_R02,blockage,physical,True,-0.36916085152012634,80,42,3,2,eligible,0.7530522229467078,80,eligible
FT840_CDLB_BLOCKAGE_SEVERE_R03,blockage,physical,True,-0.411427882082004,80,33,3,2,eligible,0.78252068551487,80,eligible
FT840_CDLB_BLOCKAGE_SEVERE_R04,blockage,physical,True,-0.3275801912387475,80,53,3,2,eligible,0.7527543568185848,80,eligible
FT840_CDLB_BLOCKAGE_SEVERE_R05,blockage,physical,False,nan,80,19,3,1,too_few_retained_rows,0.7510451493722599,80,eligible
FT840_CDLB_BLOCKAGE_SEVERE_R06,blockage,physical,True,-0.4840798566137486,80,30,3,2,eligible,0.7652773752998152,80,eligible
FT840_CDLB_BLOCKAGE_SEVERE_R07,blockage,physical,True,-0.28097574347450816,80,37,3,1,eligible,0.7531011601413067,80,eligible
FT840_CDLB_BLOCKAGE_SEVERE_R08,blockage,physical,True,-0.40647881756423404,80,34,3,2,eligible,0.7550934120128627,80,eligible
FT840_CDLB_BLOCKAGE_SEVERE_R09,blockage,physical,True,-0.39013678338625785,80,56,3,2,eligible,0.7713907594564855,80,eligible
FT840_CDLB_BLOCKAGE_SEVERE_R10,blockage,physical,True,-0.35209767200764724,80,46,3,2,eligible,0.7499034577617812,80,eligible
FT840_CDLB_BLOCKAGE_SEVERE_R11,blockage,physical,True,-0.3216337604513384,80,28,3,1,eligible,0.7510363236705719,80,eligible
FT840_CDLB_BLOCKAGE_SEVERE_R12,blockage,physical,True,-0.34887476627111125,80,47,3,2,eligible,0.7654001445694307,80,eligible
FT840_CDLB_BLOCKAGE_SEVERE_R13,blockage,physical,True,-0.3180392109698487,80,56,3,2,eligible,0.7514868315533036,80,eligible
FT840_CDLB_BLOCKAGE_SEVERE_R14,blockage,physical,True,-0.4702699715629803,80,25,3,1,eligible,0.7735274427557537,80,eligible
FT840_CDLB_BLOCKAGE_SEVERE_R15,blockage,physical,True,-0.3309163939744806,80,52,3,2,eligible,0.75711060015432,80,eligible
FT840_CDLB_BLOCKAGE_SEVERE_R16,blockage,physical,True,-0.3918019549846895,80,37,3,1,eligible,0.7648933257708272,80,eligible
FT840_CDLB_BLOCKAGE_SEVERE_R17,blockage,physical,True,-0.3607530303753446,80,44,3,2,eligible,0.7593446393349915,80,eligible
FT840_CDLB_BLOCKAGE_SEVERE_R18,blockage,physical,True,-0.3662433001711064,80,56,3,2,eligible,0.7252454150031098,80,eligible
FT840_CDLB_BLOCKAGE_SEVERE_R19,blockage,physical,True,-0.321143984927327,80,55,3,2,eligible,0.7536445585922953,80,eligible
FT840_CDLB_BLOCKAGE_SEVERE_R20,blockage,physical,True,-0.41862842312025933,80,48,3,2,eligible,0.7510760417785898,80,eligible
FT840_CDLB_INTERFERENCE_MILD_R01,interference,physical,False,nan,80,0,2,0,too_few_retained_rows,nan,80,constant_outcome
FT840_CDLB_INTERFERENCE_MILD_R02,interference,physical,False,nan,80,0,2,0,too_few_retained_rows,nan,80,constant_outcome
FT840_CDLB_INTERFERENCE_MILD_R03,interference,physical,False,nan,80,0,2,0,too_few_retained_rows,nan,80,constant_outcome
FT840_CDLB_INTERFERENCE_MILD_R04,interference,physical,False,nan,80,0,2,0,too_few_retained_rows,nan,80,constant_outcome
FT840_CDLB_INTERFERENCE_MILD_R06,interference,physical,False,nan,80,0,2,0,too_few_retained_rows,nan,80,constant_outcome
FT840_CDLB_INTERFERENCE_MILD_R07,interference,physical,False,nan,80,0,2,0,too_few_retained_rows,nan,80,constant_outcome
FT840_CDLB_INTERFERENCE_MILD_R08,interference,physical,False,nan,80,0,2,0,too_few_retained_rows,nan,80,constant_outcome
FT840_CDLB_INTERFERENCE_MILD_R09,interference,physical,False,nan,80,0,2,0,too_few_retained_rows,nan,80,constant_outcome
FT840_CDLB_INTERFERENCE_MILD_R10,interference,physical,False,nan,80,0,2,0,too_few_retained_rows,nan,80,constant_outcome
FT840_CDLB_INTERFERENCE_MILD_R11,interference,physical,False,nan,80,0,2,0,too_few_retained_rows,nan,80,constant_outcome
FT840_CDLB_INTERFERENCE_MILD_R12,interference,physical,True,-0.29702006475334325,80,65,2,1,eligible,0.30352913521425395,80,eligible
FT840_CDLB_INTERFERENCE_MILD_R13,interference,physical,False,nan,80,0,2,0,too_few_retained_rows,nan,80,constant_outcome
FT840_CDLB_INTERFERENCE_MILD_R15,interference,physical,False,nan,80,0,2,0,too_few_retained_rows,nan,80,constant_outcome
FT840_CDLB_INTERFERENCE_MILD_R16,interference,physical,False,nan,80,0,2,0,too_few_retained_rows,nan,80,constant_outcome
FT840_CDLB_INTERFERENCE_MILD_R17,interference,physical,False,nan,80,0,2,0,too_few_retained_rows,nan,80,constant_outcome
FT840_CDLB_INTERFERENCE_MILD_R18,interference,physical,True,-0.2245365597551246,80,49,2,1,eligible,0.17061840954967347,80,eligible
FT840_CDLB_INTERFERENCE_MILD_R19,interference,physical,False,nan,80,0,2,0,too_few_retained_rows,nan,80,constant_outcome
FT840_CDLB_INTERFERENCE_MILD_R20,interference,physical,False,nan,80,0,2,0,too_few_retained_rows,nan,80,constant_outcome
FT840_CDLB_INTERFERENCE_MODERATE_R01,interference,physical,True,-0.6782856883229628,80,37,3,1,eligible,0.6559822097160196,80,eligible
FT840_CDLB_INTERFERENCE_MODERATE_R02,interference,physical,True,-0.742957203275161,80,24,3,1,eligible,0.7245840547083188,80,eligible
FT840_CDLB_INTERFERENCE_MODERATE_R03,interference,physical,False,nan,80,23,3,1,too_few_retained_rows,0.6885760069595986,80,eligible
FT840_CDLB_INTERFERENCE_MODERATE_R04,interference,physical,True,-0.6079621897683126,80,52,3,1,eligible,0.6508515451401982,80,eligible
FT840_CDLB_INTERFERENCE_MODERATE_R05,interference,physical,True,-0.7071679999028376,80,41,3,1,eligible,0.6781034755313364,80,eligible
FT840_CDLB_INTERFERENCE_MODERATE_R06,interference,physical,True,-0.6688396310010449,80,44,3,1,eligible,0.5881167526071526,80,eligible
FT840_CDLB_INTERFERENCE_MODERATE_R07,interference,physical,True,-0.5939162812763437,80,43,3,1,eligible,0.6011245405587813,80,eligible
FT840_CDLB_INTERFERENCE_MODERATE_R08,interference,physical,True,-0.4702117301891035,80,39,3,1,eligible,0.5671760675939589,80,eligible
FT840_CDLB_INTERFERENCE_MODERATE_R09,interference,physical,True,-0.6593804733957871,80,31,3,1,eligible,0.6681991739690452,80,eligible
FT840_CDLB_INTERFERENCE_MODERATE_R10,interference,physical,True,-0.5276736951766049,80,42,3,1,eligible,0.5695886045448683,80,eligible
FT840_CDLB_INTERFERENCE_MODERATE_R11,interference,physical,True,-0.7034432081838874,80,51,3,1,eligible,0.7097542445789553,80,eligible
FT840_CDLB_INTERFERENCE_MODERATE_R12,interference,physical,True,-0.6132686518775848,80,50,3,1,eligible,0.6469869824375155,80,eligible
FT840_CDLB_INTERFERENCE_MODERATE_R13,interference,physical,True,-0.5855770085141947,80,34,3,1,eligible,0.6384143380381058,80,eligible
FT840_CDLB_INTERFERENCE_MODERATE_R14,interference,physical,True,-0.7043883360626506,80,43,3,1,eligible,0.6935413305971501,80,eligible
FT840_CDLB_INTERFERENCE_MODERATE_R15,interference,physical,True,-0.5303336178800533,80,51,3,1,eligible,0.6108771387976549,80,eligible
FT840_CDLB_INTERFERENCE_MODERATE_R16,interference,physical,True,-0.4309431519733236,80,42,3,1,eligible,0.495369240457688,80,eligible
FT840_CDLB_INTERFERENCE_MODERATE_R17,interference,physical,True,-0.7981639161636146,80,36,3,1,eligible,0.723877761766688,80,eligible
FT840_CDLB_INTERFERENCE_MODERATE_R18,interference,physical,True,-0.7194430788361929,80,47,3,1,eligible,0.7237291080496944,80,eligible
FT840_CDLB_INTERFERENCE_MODERATE_R19,interference,physical,True,-0.7010242890837823,80,42,3,1,eligible,0.6952716868516042,80,eligible
FT840_CDLB_INTERFERENCE_MODERATE_R20,interference,physical,True,-0.735082526214792,80,41,3,1,eligible,0.7232555433945421,80,eligible
FT840_CDLB_INTERFERENCE_SEVERE_R01,interference,physical,True,-0.38381585395140344,80,58,3,2,eligible,0.7667966346167918,80,eligible
FT840_CDLB_INTERFERENCE_SEVERE_R02,interference,physical,True,-0.321143984927327,80,55,3,2,eligible,0.7510760417785898,80,eligible
FT840_CDLB_INTERFERENCE_SEVERE_R03,interference,physical,True,-0.30085436903044194,80,62,3,2,eligible,0.7509789641926045,80,eligible
FT840_CDLB_INTERFERENCE_SEVERE_R04,interference,physical,True,-0.411427882082004,80,33,3,2,eligible,0.7656197682360626,80,eligible
FT840_CDLB_INTERFERENCE_SEVERE_R05,interference,physical,True,-0.32163376045133835,80,28,3,1,eligible,0.7756396950651328,80,eligible
FT840_CDLB_INTERFERENCE_SEVERE_R06,interference,physical,True,-0.3451048906837919,80,48,3,2,eligible,0.7650687307653813,80,eligible
FT840_CDLB_INTERFERENCE_SEVERE_R07,interference,physical,True,-0.3150068766445848,80,57,3,2,eligible,0.7527854606262224,80,eligible
FT840_CDLB_INTERFERENCE_SEVERE_R08,interference,physical,False,nan,80,21,3,1,too_few_retained_rows,0.7741493571316213,80,eligible
FT840_CDLB_INTERFERENCE_SEVERE_R09,interference,physical,False,nan,80,22,3,1,too_few_retained_rows,0.7736635002107232,80,eligible
FT840_CDLB_INTERFERENCE_SEVERE_R10,interference,physical,True,-0.42924530553908996,80,45,3,2,eligible,0.7681328638823022,80,eligible
FT840_CDLB_INTERFERENCE_SEVERE_R11,interference,physical,True,-0.36916085152012623,80,42,3,2,eligible,0.7566724717855543,80,eligible
FT840_CDLB_INTERFERENCE_SEVERE_R12,interference,physical,True,-0.39187865940730326,80,37,3,2,eligible,0.755443459793319,80,eligible
FT840_CDLB_INTERFERENCE_SEVERE_R13,interference,physical,True,-0.3180392109698487,80,56,3,2,eligible,0.7508775142259058,80,eligible
FT840_CDLB_INTERFERENCE_SEVERE_R14,interference,physical,True,-0.4391550328268403,80,29,3,1,eligible,0.7753657321920304,80,eligible
FT840_CDLB_INTERFERENCE_SEVERE_R15,interference,physical,True,-0.3015113445777637,80,32,3,1,eligible,0.7631183001941745,80,eligible
FT840_CDLB_INTERFERENCE_SEVERE_R16,interference,physical,True,-0.3451048906837921,80,48,3,2,eligible,0.7593674446003318,80,eligible
FT840_CDLB_INTERFERENCE_SEVERE_R17,interference,physical,True,-0.3649073824146472,80,43,3,2,eligible,0.7508951547449724,80,eligible
FT840_CDLB_INTERFERENCE_SEVERE_R18,interference,physical,True,-0.4253951099854076,80,46,3,2,eligible,0.7636727349647235,80,eligible
FT840_CDLB_INTERFERENCE_SEVERE_R19,interference,physical,True,-0.35273817667067864,80,46,3,2,eligible,0.7577941521165669,80,eligible
FT840_CDLB_INTERFERENCE_SEVERE_R20,interference,physical,True,-0.36075303037534473,80,44,3,2,eligible,0.7528476798101333,80,eligible
FT840_CDLB_MOBILITY_MILD_R01,mobility,physical,True,0.12014473518612194,80,56,2,1,eligible,0.7871897575642165,80,eligible
FT840_CDLB_MOBILITY_MILD_R02,mobility,physical,True,0.06888747637021414,80,59,2,1,eligible,0.7943881771378117,80,eligible
FT840_CDLB_MOBILITY_MILD_R03,mobility,physical,True,0.11584289136785828,80,62,2,1,eligible,0.4689465288856904,80,eligible
FT840_CDLB_MOBILITY_MILD_R04,mobility,physical,True,-0.19085156594606043,80,56,2,1,eligible,0.6824584224871264,80,eligible
FT840_CDLB_MOBILITY_MILD_R05,mobility,physical,True,0.10393685218473141,80,59,2,1,eligible,0.7634212372681405,80,eligible
FT840_CDLB_MOBILITY_MILD_R06,mobility,physical,True,-0.042972350107894304,80,80,2,2,eligible,0.7941178962327344,80,eligible
FT840_CDLB_MOBILITY_MILD_R07,mobility,physical,True,0.2918307893334606,80,57,2,1,eligible,0.5972069759910381,80,eligible
FT840_CDLB_MOBILITY_MILD_R08,mobility,physical,True,0.12105900327311589,80,58,2,1,eligible,0.7867761454589304,80,eligible
FT840_CDLB_MOBILITY_MILD_R09,mobility,physical,True,-0.01944371364320291,80,80,2,2,eligible,0.8034845395410067,80,eligible
FT840_CDLB_MOBILITY_MILD_R10,mobility,physical,True,0.05057335361541816,80,80,2,2,eligible,0.7845658229694693,80,eligible
FT840_CDLB_MOBILITY_MILD_R11,mobility,physical,True,0.03205390613354842,80,80,2,2,eligible,0.7860990454553043,80,eligible
FT840_CDLB_MOBILITY_MILD_R12,mobility,physical,True,0.046036767688140204,80,56,2,1,eligible,0.7913053815730269,80,eligible
FT840_CDLB_MOBILITY_MILD_R13,mobility,physical,True,0.1515844789731445,80,56,2,1,eligible,0.7949348599627654,80,eligible
FT840_CDLB_MOBILITY_MILD_R14,mobility,physical,True,-0.12821473053669136,80,80,2,2,eligible,0.8117590380344125,80,eligible
FT840_CDLB_MOBILITY_MILD_R15,mobility,physical,True,0.07035807783441551,80,80,2,2,eligible,0.7602447241530426,80,eligible
FT840_CDLB_MOBILITY_MILD_R16,mobility,physical,True,0.003352029877030098,80,80,2,2,eligible,0.7847270349688338,80,eligible
FT840_CDLB_MOBILITY_MILD_R17,mobility,physical,True,0.0990104722462609,80,80,2,2,eligible,0.7952661608114414,80,eligible
FT840_CDLB_MOBILITY_MILD_R18,mobility,physical,True,-0.1292284860011431,80,80,2,2,eligible,0.7752835490765593,80,eligible
FT840_CDLB_MOBILITY_MILD_R19,mobility,physical,True,0.22111726576835797,80,56,2,1,eligible,0.6468796335549566,80,eligible
FT840_CDLB_MOBILITY_MILD_R20,mobility,physical,True,0.17586629400217335,80,63,2,1,eligible,0.7918776449673228,80,eligible
FT840_CDLB_MOBILITY_MODERATE_R01,mobility,physical,True,-0.03502091512011946,80,80,2,2,eligible,0.7549140889809779,80,eligible
FT840_CDLB_MOBILITY_MODERATE_R02,mobility,physical,True,-0.1414496489966678,80,50,2,1,eligible,0.7507849218938163,80,eligible
FT840_CDLB_MOBILITY_MODERATE_R03,mobility,physical,True,-0.07552115518652998,80,70,2,1,eligible,0.7389591417657766,80,eligible
FT840_CDLB_MOBILITY_MODERATE_R04,mobility,physical,True,-0.13633672075576045,80,80,2,2,eligible,0.8209431030999693,80,eligible
FT840_CDLB_MOBILITY_MODERATE_R05,mobility,physical,True,-0.046835443761280765,80,80,2,2,eligible,0.7947194142390263,80,eligible
FT840_CDLB_MOBILITY_MODERATE_R06,mobility,physical,True,0.29763017651934165,80,80,2,2,eligible,0.7847546812911299,80,eligible
FT840_CDLB_MOBILITY_MODERATE_R07,mobility,physical,True,0.11763170587844936,80,56,2,1,eligible,0.7783048911856916,80,eligible
FT840_CDLB_MOBILITY_MODERATE_R08,mobility,physical,True,0.1072982401802927,80,80,2,2,eligible,0.8045625463750473,80,eligible
FT840_CDLB_MOBILITY_MODERATE_R09,mobility,physical,True,-0.22585541940504014,80,80,2,2,eligible,0.7641328323501827,80,eligible
FT840_CDLB_MOBILITY_MODERATE_R10,mobility,physical,True,-0.05940401295066866,80,61,2,1,eligible,0.4695428478886158,80,eligible
FT840_CDLB_MOBILITY_MODERATE_R11,mobility,physical,True,0.11385744045257423,80,56,2,1,eligible,0.7948361456939881,80,eligible
FT840_CDLB_MOBILITY_MODERATE_R12,mobility,physical,True,0.12192698155462338,80,42,2,1,eligible,0.7508334183669608,80,eligible
FT840_CDLB_MOBILITY_MODERATE_R13,mobility,physical,True,0.37853293124813536,80,80,2,2,eligible,0.7740675601495937,80,eligible
FT840_CDLB_MOBILITY_MODERATE_R14,mobility,physical,True,-0.16316771161116386,80,56,2,1,eligible,0.7694944896974036,80,eligible
FT840_CDLB_MOBILITY_MODERATE_R15,mobility,physical,True,0.11823336987434818,80,80,2,2,eligible,0.7560684715271585,80,eligible
FT840_CDLB_MOBILITY_MODERATE_R16,mobility,physical,True,0.18482233766899486,80,66,2,1,eligible,0.6809881349629748,80,eligible
FT840_CDLB_MOBILITY_MODERATE_R17,mobility,physical,True,0.12573692606000222,80,65,2,1,eligible,0.8024733276930647,80,eligible
FT840_CDLB_MOBILITY_MODERATE_R18,mobility,physical,True,0.13876973066051868,80,59,2,1,eligible,0.7880796036671124,80,eligible
FT840_CDLB_MOBILITY_MODERATE_R19,mobility,physical,True,-0.4854880722085846,80,53,2,1,eligible,0.5888213509550724,80,eligible
FT840_CDLB_MOBILITY_MODERATE_R20,mobility,physical,True,0.18292552651324492,80,80,2,2,eligible,0.7940759808131229,80,eligible
FT840_CDLB_MOBILITY_SEVERE_R01,mobility,physical,True,-0.015835037329791208,80,56,2,1,eligible,0.7860821563163052,80,eligible
FT840_CDLB_MOBILITY_SEVERE_R02,mobility,physical,True,-0.2745973563856201,80,56,2,1,eligible,0.7959359415787589,80,eligible
FT840_CDLB_MOBILITY_SEVERE_R03,mobility,physical,True,0.2286975921795503,80,80,2,2,eligible,0.7847592892956001,80,eligible
FT840_CDLB_MOBILITY_SEVERE_R04,mobility,physical,True,-0.09953452035868793,80,56,2,1,eligible,0.7761569382542657,80,eligible
FT840_CDLB_MOBILITY_SEVERE_R05,mobility,physical,True,-0.036194371039522916,80,56,2,1,eligible,0.7820075375226138,80,eligible
FT840_CDLB_MOBILITY_SEVERE_R06,mobility,physical,True,-0.018943380760602074,80,56,2,1,eligible,0.5209242848957932,80,eligible
FT840_CDLB_MOBILITY_SEVERE_R07,mobility,physical,True,-0.07813745913411947,80,56,2,1,eligible,0.7956687632485621,80,eligible
FT840_CDLB_MOBILITY_SEVERE_R08,mobility,physical,True,-0.2455748715643758,80,56,2,1,eligible,0.7950276966830732,80,eligible
FT840_CDLB_MOBILITY_SEVERE_R09,mobility,physical,True,-0.013572889139821047,80,56,2,1,eligible,0.7752242108537426,80,eligible
FT840_CDLB_MOBILITY_SEVERE_R10,mobility,physical,True,-0.06697496497210254,80,56,2,1,eligible,0.7943462189076986,80,eligible
FT840_CDLB_MOBILITY_SEVERE_R11,mobility,physical,True,-0.21431988791072795,80,56,2,1,eligible,0.4688275374912929,80,eligible
FT840_CDLB_MOBILITY_SEVERE_R12,mobility,physical,True,0.10433270650039778,80,57,2,1,eligible,0.7978727407741223,80,eligible
FT840_CDLB_MOBILITY_SEVERE_R13,mobility,physical,True,0.01483908358354197,80,80,2,2,eligible,0.8064729600701389,80,eligible
FT840_CDLB_MOBILITY_SEVERE_R14,mobility,physical,True,-0.03693444311602683,80,59,2,1,eligible,0.4972615328920642,80,eligible
FT840_CDLB_MOBILITY_SEVERE_R15,mobility,physical,True,0.2050525970410803,80,80,2,2,eligible,0.7844139140514289,80,eligible
FT840_CDLB_MOBILITY_SEVERE_R16,mobility,physical,True,0.06482502630571352,80,80,2,2,eligible,0.806448569021175,80,eligible
FT840_CDLB_MOBILITY_SEVERE_R17,mobility,physical,True,0.15516881385758563,80,80,2,2,eligible,0.7915275183064787,80,eligible
FT840_CDLB_MOBILITY_SEVERE_R18,mobility,physical,True,0.04744867012944609,80,80,2,2,eligible,0.6776163006113138,80,eligible
FT840_CDLB_MOBILITY_SEVERE_R19,mobility,physical,True,0.18298116504801276,80,80,2,2,eligible,0.6764545263070408,80,eligible
FT840_CDLB_MOBILITY_SEVERE_R20,mobility,physical,True,0.05944160914170157,80,80,2,2,eligible,0.7770654596897991,80,eligible
FT840_CDLB_NONPHYSICAL_GOODPUT_R01,nonphysical_goodput,control,False,nan,80,0,2,0,too_few_retained_rows,nan,80,constant_outcome
FT840_CDLB_NONPHYSICAL_GOODPUT_R02,nonphysical_goodput,control,False,nan,80,0,2,0,too_few_retained_rows,nan,80,constant_outcome
FT840_CDLB_NONPHYSICAL_GOODPUT_R03,nonphysical_goodput,control,False,nan,80,0,2,0,too_few_retained_rows,nan,80,constant_outcome
FT840_CDLB_NONPHYSICAL_GOODPUT_R04,nonphysical_goodput,control,False,nan,80,0,2,0,too_few_retained_rows,nan,80,constant_outcome
FT840_CDLB_NONPHYSICAL_GOODPUT_R05,nonphysical_goodput,control,False,nan,80,0,2,0,too_few_retained_rows,nan,80,constant_outcome
FT840_CDLB_NONPHYSICAL_GOODPUT_R06,nonphysical_goodput,control,False,nan,80,0,2,0,too_few_retained_rows,nan,80,constant_outcome
FT840_CDLB_NONPHYSICAL_GOODPUT_R07,nonphysical_goodput,control,False,nan,80,0,2,0,too_few_retained_rows,nan,80,constant_outcome
FT840_CDLB_NONPHYSICAL_GOODPUT_R08,nonphysical_goodput,control,False,nan,80,0,2,0,too_few_retained_rows,nan,80,constant_outcome
FT840_CDLB_NONPHYSICAL_GOODPUT_R09,nonphysical_goodput,control,False,nan,80,0,2,0,too_few_retained_rows,nan,80,constant_outcome
FT840_CDLB_NONPHYSICAL_GOODPUT_R10,nonphysical_goodput,control,False,nan,80,23,3,1,too_few_retained_rows,0.7216123917341065,80,eligible
FT840_CDLB_NONPHYSICAL_GOODPUT_R11,nonphysical_goodput,control,False,nan,80,0,2,0,too_few_retained_rows,nan,80,constant_outcome
FT840_CDLB_NONPHYSICAL_GOODPUT_R12,nonphysical_goodput,control,False,nan,80,0,2,0,too_few_retained_rows,nan,80,constant_outcome
FT840_CDLB_NONPHYSICAL_GOODPUT_R13,nonphysical_goodput,control,False,nan,80,0,2,0,too_few_retained_rows,nan,80,constant_outcome
FT840_CDLB_NONPHYSICAL_GOODPUT_R14,nonphysical_goodput,control,False,nan,80,0,2,0,too_few_retained_rows,nan,80,constant_outcome
FT840_CDLB_NONPHYSICAL_GOODPUT_R15,nonphysical_goodput,control,False,nan,80,0,2,0,too_few_retained_rows,nan,80,constant_outcome
FT840_CDLB_NONPHYSICAL_GOODPUT_R16,nonphysical_goodput,control,False,nan,80,0,2,0,too_few_retained_rows,nan,80,constant_outcome
FT840_CDLB_NONPHYSICAL_GOODPUT_R17,nonphysical_goodput,control,False,nan,80,0,2,0,too_few_retained_rows,nan,80,constant_outcome
FT840_CDLB_NONPHYSICAL_GOODPUT_R18,nonphysical_goodput,control,False,nan,80,0,2,0,too_few_retained_rows,nan,80,constant_outcome
FT840_CDLB_NONPHYSICAL_GOODPUT_R19,nonphysical_goodput,control,False,nan,80,0,2,0,too_few_retained_rows,nan,80,constant_outcome
FT840_CDLB_NONPHYSICAL_GOODPUT_R20,nonphysical_goodput,control,False,nan,80,0,2,0,too_few_retained_rows,nan,80,constant_outcome
FT840_CDLB_NORMAL_R01,normal,control,False,nan,80,0,2,0,too_few_retained_rows,nan,80,constant_outcome
FT840_CDLB_NORMAL_R02,normal,control,False,nan,80,0,2,0,too_few_retained_rows,nan,80,constant_outcome
FT840_CDLB_NORMAL_R03,normal,control,False,nan,80,0,2,0,too_few_retained_rows,nan,80,constant_outcome
FT840_CDLB_NORMAL_R04,normal,control,False,nan,80,0,2,0,too_few_retained_rows,nan,80,constant_outcome
FT840_CDLB_NORMAL_R05,normal,control,False,nan,80,0,2,0,too_few_retained_rows,nan,80,constant_outcome
FT840_CDLB_NORMAL_R06,normal,control,False,nan,80,0,2,0,too_few_retained_rows,nan,80,constant_outcome
FT840_CDLB_NORMAL_R07,normal,control,False,nan,80,0,2,0,too_few_retained_rows,nan,80,constant_outcome
FT840_CDLB_NORMAL_R08,normal,control,False,nan,80,0,2,0,too_few_retained_rows,nan,80,constant_outcome
FT840_CDLB_NORMAL_R09,normal,control,False,nan,80,0,2,0,too_few_retained_rows,nan,80,constant_outcome
FT840_CDLB_NORMAL_R11,normal,control,False,nan,80,0,2,0,too_few_retained_rows,nan,80,constant_outcome
FT840_CDLB_NORMAL_R12,normal,control,False,nan,80,0,2,0,too_few_retained_rows,nan,80,constant_outcome
FT840_CDLB_NORMAL_R13,normal,control,False,nan,80,0,2,0,too_few_retained_rows,nan,80,constant_outcome
FT840_CDLB_NORMAL_R14,normal,control,False,nan,80,0,2,0,too_few_retained_rows,nan,80,constant_outcome
FT840_CDLB_NORMAL_R15,normal,control,False,nan,80,0,2,0,too_few_retained_rows,nan,80,constant_outcome
FT840_CDLB_NORMAL_R16,normal,control,False,nan,80,0,2,0,too_few_retained_rows,nan,80,constant_outcome
FT840_CDLB_NORMAL_R17,normal,control,False,nan,80,0,2,0,too_few_retained_rows,nan,80,constant_outcome
FT840_CDLB_NORMAL_R18,normal,control,False,nan,80,0,2,0,too_few_retained_rows,nan,80,constant_outcome
FT840_CDLB_NORMAL_R19,normal,control,False,nan,80,0,2,0,too_few_retained_rows,nan,80,constant_outcome
FT840_CDLB_NORMAL_R20,normal,control,False,nan,80,0,2,0,too_few_retained_rows,nan,80,constant_outcome
FT840_CDLC_ADAPTATION_MISMATCH_MILD_R01,adaptation_mismatch,physical,False,nan,80,0,2,0,too_few_retained_rows,nan,80,constant_outcome
FT840_CDLC_ADAPTATION_MISMATCH_MILD_R02,adaptation_mismatch,physical,False,nan,80,0,2,0,too_few_retained_rows,nan,80,constant_outcome
FT840_CDLC_ADAPTATION_MISMATCH_MILD_R03,adaptation_mismatch,physical,False,nan,80,0,2,0,too_few_retained_rows,nan,80,constant_outcome
FT840_CDLC_ADAPTATION_MISMATCH_MILD_R04,adaptation_mismatch,physical,True,-0.1789858894041524,80,63,2,1,eligible,0.37222393875911597,80,eligible
FT840_CDLC_ADAPTATION_MISMATCH_MILD_R05,adaptation_mismatch,physical,True,0.07775817709278524,80,80,2,2,eligible,0.7258186335592055,80,eligible
FT840_CDLC_ADAPTATION_MISMATCH_MILD_R06,adaptation_mismatch,physical,False,nan,80,0,2,0,too_few_retained_rows,nan,80,constant_outcome
FT840_CDLC_ADAPTATION_MISMATCH_MILD_R07,adaptation_mismatch,physical,False,nan,80,0,2,0,too_few_retained_rows,nan,80,constant_outcome
FT840_CDLC_ADAPTATION_MISMATCH_MILD_R08,adaptation_mismatch,physical,True,-0.073532829860103,80,80,2,2,eligible,0.7242859683401484,80,eligible
FT840_CDLC_ADAPTATION_MISMATCH_MILD_R09,adaptation_mismatch,physical,False,nan,80,0,2,0,too_few_retained_rows,nan,80,constant_outcome
FT840_CDLC_ADAPTATION_MISMATCH_MILD_R10,adaptation_mismatch,physical,False,nan,80,0,2,0,too_few_retained_rows,nan,80,constant_outcome
FT840_CDLC_ADAPTATION_MISMATCH_MILD_R11,adaptation_mismatch,physical,True,0.10721051846337154,80,80,2,2,eligible,0.4587933996926977,80,eligible
FT840_CDLC_ADAPTATION_MISMATCH_MILD_R12,adaptation_mismatch,physical,False,nan,80,0,2,0,too_few_retained_rows,nan,80,constant_outcome
FT840_CDLC_ADAPTATION_MISMATCH_MILD_R13,adaptation_mismatch,physical,False,nan,80,0,2,0,too_few_retained_rows,nan,80,constant_outcome
FT840_CDLC_ADAPTATION_MISMATCH_MILD_R14,adaptation_mismatch,physical,False,nan,80,0,2,0,too_few_retained_rows,nan,80,constant_outcome
FT840_CDLC_ADAPTATION_MISMATCH_MILD_R15,adaptation_mismatch,physical,False,nan,80,0,2,0,too_few_retained_rows,nan,80,constant_outcome
FT840_CDLC_ADAPTATION_MISMATCH_MILD_R16,adaptation_mismatch,physical,True,-0.012800307666203494,80,58,2,1,eligible,0.5417515442918909,80,eligible
FT840_CDLC_ADAPTATION_MISMATCH_MILD_R17,adaptation_mismatch,physical,True,0.36004822802909714,80,80,2,2,eligible,0.7293562448903361,80,eligible
FT840_CDLC_ADAPTATION_MISMATCH_MILD_R18,adaptation_mismatch,physical,True,0.16126589522651935,80,51,2,1,eligible,0.4241504116296206,80,eligible
FT840_CDLC_ADAPTATION_MISMATCH_MILD_R19,adaptation_mismatch,physical,True,-0.5559191848381121,80,56,2,1,eligible,0.7314073683588115,80,eligible
FT840_CDLC_ADAPTATION_MISMATCH_MODERATE_R01,adaptation_mismatch,physical,True,-0.030623883237800936,80,80,2,2,eligible,0.765519083083852,80,eligible
FT840_CDLC_ADAPTATION_MISMATCH_MODERATE_R02,adaptation_mismatch,physical,True,-0.5109725273405624,80,56,2,1,eligible,0.7364417991032622,80,eligible
FT840_CDLC_ADAPTATION_MISMATCH_MODERATE_R03,adaptation_mismatch,physical,False,nan,80,0,2,0,too_few_retained_rows,nan,80,constant_outcome
FT840_CDLC_ADAPTATION_MISMATCH_MODERATE_R04,adaptation_mismatch,physical,True,0.2973184582514005,80,80,2,2,eligible,0.707603625641737,80,eligible
FT840_CDLC_ADAPTATION_MISMATCH_MODERATE_R05,adaptation_mismatch,physical,True,0.04188146314582463,80,80,2,2,eligible,0.7315432643141402,80,eligible
FT840_CDLC_ADAPTATION_MISMATCH_MODERATE_R06,adaptation_mismatch,physical,True,0.10001805028580843,80,80,2,2,eligible,0.7546632512362231,80,eligible
FT840_CDLC_ADAPTATION_MISMATCH_MODERATE_R07,adaptation_mismatch,physical,True,0.5371394352435619,80,53,2,1,eligible,0.7666374826098852,80,eligible
FT840_CDLC_ADAPTATION_MISMATCH_MODERATE_R08,adaptation_mismatch,physical,True,0.1452404878542973,80,80,2,2,eligible,0.7346366335737307,80,eligible
FT840_CDLC_ADAPTATION_MISMATCH_MODERATE_R09,adaptation_mismatch,physical,True,-0.5757905426756756,80,36,2,1,eligible,0.7627377135131744,80,eligible
FT840_CDLC_ADAPTATION_MISMATCH_MODERATE_R10,adaptation_mismatch,physical,True,0.03941169614899817,80,80,2,2,eligible,0.7535595113456052,80,eligible
FT840_CDLC_ADAPTATION_MISMATCH_MODERATE_R11,adaptation_mismatch,physical,False,nan,80,0,2,0,too_few_retained_rows,nan,80,constant_outcome
FT840_CDLC_ADAPTATION_MISMATCH_MODERATE_R12,adaptation_mismatch,physical,True,-0.25518708191905276,80,61,2,1,eligible,0.7421075157271856,80,eligible
FT840_CDLC_ADAPTATION_MISMATCH_MODERATE_R13,adaptation_mismatch,physical,True,-0.0035540670218724107,80,80,2,2,eligible,0.7639244813816374,80,eligible
FT840_CDLC_ADAPTATION_MISMATCH_MODERATE_R14,adaptation_mismatch,physical,True,-0.16691058581606805,80,50,2,1,eligible,0.7637891367425507,80,eligible
FT840_CDLC_ADAPTATION_MISMATCH_MODERATE_R15,adaptation_mismatch,physical,False,nan,80,0,2,0,too_few_retained_rows,nan,80,constant_outcome
FT840_CDLC_ADAPTATION_MISMATCH_MODERATE_R16,adaptation_mismatch,physical,False,nan,80,0,2,0,too_few_retained_rows,nan,80,constant_outcome
FT840_CDLC_ADAPTATION_MISMATCH_MODERATE_R17,adaptation_mismatch,physical,True,-0.3227965938406772,80,58,2,1,eligible,0.7454998142074913,80,eligible
FT840_CDLC_ADAPTATION_MISMATCH_MODERATE_R18,adaptation_mismatch,physical,True,0.223695778620612,80,80,2,2,eligible,0.7516548752167984,80,eligible
FT840_CDLC_ADAPTATION_MISMATCH_MODERATE_R19,adaptation_mismatch,physical,True,-0.5923135976872466,80,54,2,1,eligible,0.7324834556741772,80,eligible
FT840_CDLC_ADAPTATION_MISMATCH_MODERATE_R20,adaptation_mismatch,physical,True,-0.0264152824163507,80,43,2,1,eligible,0.7474954465254766,80,eligible
FT840_CDLC_ADAPTATION_MISMATCH_SEVERE_R01,adaptation_mismatch,physical,True,0.17979769646361907,80,80,2,2,eligible,0.7667375094443257,80,eligible
FT840_CDLC_ADAPTATION_MISMATCH_SEVERE_R02,adaptation_mismatch,physical,True,0.15188127727195846,80,80,2,2,eligible,0.7657132824742748,80,eligible
FT840_CDLC_ADAPTATION_MISMATCH_SEVERE_R03,adaptation_mismatch,physical,True,0.2547967602868028,80,80,2,2,eligible,0.7937933601198776,80,eligible
FT840_CDLC_ADAPTATION_MISMATCH_SEVERE_R04,adaptation_mismatch,physical,True,0.2869295943804484,80,80,2,2,eligible,0.7715667925172229,80,eligible
FT840_CDLC_ADAPTATION_MISMATCH_SEVERE_R05,adaptation_mismatch,physical,True,0.39572164973830554,80,80,2,2,eligible,0.745879063519125,80,eligible
FT840_CDLC_ADAPTATION_MISMATCH_SEVERE_R06,adaptation_mismatch,physical,True,0.08185599776323146,80,80,2,2,eligible,0.7639980855505292,80,eligible
FT840_CDLC_ADAPTATION_MISMATCH_SEVERE_R07,adaptation_mismatch,physical,True,0.29915261571311474,80,80,2,2,eligible,0.7797638363748159,80,eligible
FT840_CDLC_ADAPTATION_MISMATCH_SEVERE_R08,adaptation_mismatch,physical,True,0.5612643573255335,80,48,2,1,eligible,0.7514824108735039,80,eligible
FT840_CDLC_ADAPTATION_MISMATCH_SEVERE_R09,adaptation_mismatch,physical,True,0.00613469359578324,80,80,2,2,eligible,0.7748092244380473,80,eligible
FT840_CDLC_ADAPTATION_MISMATCH_SEVERE_R10,adaptation_mismatch,physical,True,-0.03484665193628458,80,80,2,2,eligible,0.7735909273012055,80,eligible
FT840_CDLC_ADAPTATION_MISMATCH_SEVERE_R11,adaptation_mismatch,physical,True,0.5372315669359846,80,56,2,1,eligible,0.7649428131005734,80,eligible
FT840_CDLC_ADAPTATION_MISMATCH_SEVERE_R12,adaptation_mismatch,physical,True,-0.21565195817976404,80,63,2,1,eligible,0.7913580748598551,80,eligible
FT840_CDLC_ADAPTATION_MISMATCH_SEVERE_R13,adaptation_mismatch,physical,True,-0.04532868977949466,80,80,2,2,eligible,0.7761065582303095,80,eligible
FT840_CDLC_ADAPTATION_MISMATCH_SEVERE_R14,adaptation_mismatch,physical,True,0.1509646986061277,80,80,2,2,eligible,0.7646045403336708,80,eligible
FT840_CDLC_ADAPTATION_MISMATCH_SEVERE_R15,adaptation_mismatch,physical,True,0.29690500905268674,80,80,2,2,eligible,0.725420658551639,80,eligible
FT840_CDLC_ADAPTATION_MISMATCH_SEVERE_R16,adaptation_mismatch,physical,True,0.31764145707237085,80,80,2,2,eligible,0.7743015230373494,80,eligible
FT840_CDLC_ADAPTATION_MISMATCH_SEVERE_R17,adaptation_mismatch,physical,True,0.415088158876436,80,80,2,2,eligible,0.7794713909813363,80,eligible
FT840_CDLC_ADAPTATION_MISMATCH_SEVERE_R18,adaptation_mismatch,physical,True,0.18715752167783994,80,80,2,2,eligible,0.76340419157542,80,eligible
FT840_CDLC_ADAPTATION_MISMATCH_SEVERE_R19,adaptation_mismatch,physical,True,0.2554755527376637,80,52,2,1,eligible,0.7591531561891292,80,eligible
FT840_CDLC_ADAPTATION_MISMATCH_SEVERE_R20,adaptation_mismatch,physical,True,-0.32806453044289435,80,58,2,1,eligible,0.7471263462915186,80,eligible
FT840_CDLC_BLOCKAGE_MILD_R01,blockage,physical,False,nan,80,0,2,0,too_few_retained_rows,nan,80,constant_outcome
FT840_CDLC_BLOCKAGE_MILD_R02,blockage,physical,False,nan,80,0,2,0,too_few_retained_rows,nan,80,constant_outcome
FT840_CDLC_BLOCKAGE_MILD_R03,blockage,physical,False,nan,80,0,2,0,too_few_retained_rows,nan,80,constant_outcome
FT840_CDLC_BLOCKAGE_MILD_R04,blockage,physical,False,nan,80,0,2,0,too_few_retained_rows,nan,80,constant_outcome
FT840_CDLC_BLOCKAGE_MILD_R05,blockage,physical,False,nan,80,0,2,0,too_few_retained_rows,nan,80,constant_outcome
FT840_CDLC_BLOCKAGE_MILD_R06,blockage,physical,False,nan,80,0,2,0,too_few_retained_rows,nan,80,constant_outcome
FT840_CDLC_BLOCKAGE_MILD_R07,blockage,physical,False,nan,80,0,2,0,too_few_retained_rows,nan,80,constant_outcome
FT840_CDLC_BLOCKAGE_MILD_R08,blockage,physical,False,nan,80,0,2,0,too_few_retained_rows,nan,80,constant_outcome
FT840_CDLC_BLOCKAGE_MILD_R09,blockage,physical,False,nan,80,0,2,0,too_few_retained_rows,nan,80,constant_outcome
FT840_CDLC_BLOCKAGE_MILD_R10,blockage,physical,False,nan,80,0,2,0,too_few_retained_rows,nan,80,constant_outcome
FT840_CDLC_BLOCKAGE_MILD_R11,blockage,physical,False,nan,80,0,2,0,too_few_retained_rows,nan,80,constant_outcome
FT840_CDLC_BLOCKAGE_MILD_R12,blockage,physical,False,nan,80,0,2,0,too_few_retained_rows,nan,80,constant_outcome
FT840_CDLC_BLOCKAGE_MILD_R13,blockage,physical,False,nan,80,0,2,0,too_few_retained_rows,nan,80,constant_outcome
FT840_CDLC_BLOCKAGE_MILD_R14,blockage,physical,False,nan,80,0,2,0,too_few_retained_rows,nan,80,constant_outcome
FT840_CDLC_BLOCKAGE_MILD_R15,blockage,physical,False,nan,80,0,2,0,too_few_retained_rows,nan,80,constant_outcome
FT840_CDLC_BLOCKAGE_MILD_R16,blockage,physical,False,nan,80,0,2,0,too_few_retained_rows,nan,80,constant_outcome
FT840_CDLC_BLOCKAGE_MILD_R17,blockage,physical,False,nan,80,0,2,0,too_few_retained_rows,nan,80,constant_outcome
FT840_CDLC_BLOCKAGE_MILD_R19,blockage,physical,False,nan,80,0,2,0,too_few_retained_rows,nan,80,constant_outcome
FT840_CDLC_BLOCKAGE_MILD_R20,blockage,physical,False,nan,80,0,2,0,too_few_retained_rows,nan,80,constant_outcome
FT840_CDLC_BLOCKAGE_MODERATE_R01,blockage,physical,True,-0.479757666407282,80,47,3,2,eligible,0.7366208099833119,80,eligible
FT840_CDLC_BLOCKAGE_MODERATE_R02,blockage,physical,True,-0.44605805162927914,80,33,3,2,eligible,0.6413508448448496,80,eligible
FT840_CDLC_BLOCKAGE_MODERATE_R03,blockage,physical,True,-0.35330255452722215,80,46,3,1,eligible,0.3337067352005797,80,eligible
FT840_CDLC_BLOCKAGE_MODERATE_R04,blockage,physical,True,-0.4392850483067986,80,41,3,2,eligible,0.655861417616393,80,eligible
FT840_CDLC_BLOCKAGE_MODERATE_R05,blockage,physical,True,-0.40039758424334904,80,53,3,2,eligible,0.757137725878208,80,eligible
FT840_CDLC_BLOCKAGE_MODERATE_R06,blockage,physical,False,nan,80,18,3,1,too_few_retained_rows,0.6429202812837373,80,eligible
FT840_CDLC_BLOCKAGE_MODERATE_R07,blockage,physical,True,-0.21999058690918222,80,56,3,2,eligible,0.6563291617737655,80,eligible
FT840_CDLC_BLOCKAGE_MODERATE_R08,blockage,physical,False,nan,80,16,3,1,too_few_retained_rows,0.6016740615839243,80,eligible
FT840_CDLC_BLOCKAGE_MODERATE_R09,blockage,physical,True,-0.4005394593836144,80,53,3,2,eligible,0.7321570096982473,80,eligible
FT840_CDLC_BLOCKAGE_MODERATE_R10,blockage,physical,True,-0.3159246152934033,80,56,3,2,eligible,0.7247716117662837,80,eligible
FT840_CDLC_BLOCKAGE_MODERATE_R11,blockage,physical,True,-0.3170494797562659,80,56,3,2,eligible,0.7413995885172654,80,eligible
FT840_CDLC_BLOCKAGE_MODERATE_R12,blockage,physical,True,-0.42953415400083567,80,50,3,2,eligible,0.6440150263785391,80,eligible
FT840_CDLC_BLOCKAGE_MODERATE_R13,blockage,physical,True,-0.35435480512273654,80,45,3,2,eligible,0.7268930881416337,80,eligible
FT840_CDLC_BLOCKAGE_MODERATE_R14,blockage,physical,True,-0.4378743318742739,80,48,3,2,eligible,0.8533065325826157,80,eligible
FT840_CDLC_BLOCKAGE_MODERATE_R15,blockage,physical,True,-0.28474739872574933,80,36,3,1,eligible,0.7474639166110251,80,eligible
FT840_CDLC_BLOCKAGE_MODERATE_R16,blockage,physical,True,-0.42976170129217695,80,42,3,2,eligible,0.6769835011888775,80,eligible
FT840_CDLC_BLOCKAGE_MODERATE_R17,blockage,physical,True,-0.3294178863426042,80,56,3,2,eligible,0.6597375708892778,80,eligible
FT840_CDLC_BLOCKAGE_MODERATE_R18,blockage,physical,True,-0.3491129675374983,80,56,3,2,eligible,0.7124690709074862,80,eligible
FT840_CDLC_BLOCKAGE_MODERATE_R19,blockage,physical,True,-0.32667112584583125,80,55,3,2,eligible,0.6193226120525238,80,eligible
FT840_CDLC_BLOCKAGE_MODERATE_R20,blockage,physical,True,-0.40408928706344555,80,45,3,2,eligible,0.701356870644135,80,eligible
FT840_CDLC_BLOCKAGE_SEVERE_R01,blockage,physical,True,-0.36075303037534456,80,44,3,2,eligible,0.7708574439163629,80,eligible
FT840_CDLC_BLOCKAGE_SEVERE_R02,blockage,physical,True,-0.4148440119154178,80,49,3,2,eligible,0.7530166382511595,80,eligible
FT840_CDLC_BLOCKAGE_SEVERE_R03,blockage,physical,True,-0.39027394093263573,80,56,3,2,eligible,0.7555198168934482,80,eligible
FT840_CDLC_BLOCKAGE_SEVERE_R04,blockage,physical,True,-0.33333333333333337,80,26,3,1,eligible,0.7613777922984429,80,eligible
FT840_CDLC_BLOCKAGE_SEVERE_R05,blockage,physical,True,-0.34887476627111125,80,47,3,2,eligible,0.7653300916853857,80,eligible
FT840_CDLC_BLOCKAGE_SEVERE_R06,blockage,physical,True,-0.3871516891667309,80,38,3,2,eligible,0.7557580200807313,80,eligible
FT840_CDLC_BLOCKAGE_SEVERE_R07,blockage,physical,True,-0.38251173892252893,80,39,3,2,eligible,0.7633671191723544,80,eligible
FT840_CDLC_BLOCKAGE_SEVERE_R08,blockage,physical,True,-0.31704947975626585,80,56,3,2,eligible,0.7407236455148399,80,eligible
FT840_CDLC_BLOCKAGE_SEVERE_R09,blockage,physical,False,nan,80,23,3,1,too_few_retained_rows,0.7638615214374599,80,eligible
FT840_CDLC_BLOCKAGE_SEVERE_R10,blockage,physical,True,-0.3170494797562659,80,56,3,2,eligible,0.742187592826923,80,eligible
FT840_CDLC_BLOCKAGE_SEVERE_R11,blockage,physical,True,-0.341426421932099,80,49,3,2,eligible,0.779429500763598,80,eligible
FT840_CDLC_BLOCKAGE_SEVERE_R12,blockage,physical,True,-0.35273817667067864,80,46,3,2,eligible,0.7525322988306803,80,eligible
FT840_CDLC_BLOCKAGE_SEVERE_R13,blockage,physical,True,-0.3662433001711064,80,56,3,2,eligible,0.7291130045150905,80,eligible
FT840_CDLC_BLOCKAGE_SEVERE_R14,blockage,physical,True,-0.31889988647350725,80,56,3,2,eligible,0.7656167233726225,80,eligible
FT840_CDLC_BLOCKAGE_SEVERE_R15,blockage,physical,False,nan,80,12,3,1,too_few_retained_rows,0.7876162627411587,80,eligible
FT840_CDLC_BLOCKAGE_SEVERE_R16,blockage,physical,True,-0.3316641670188994,80,52,3,2,eligible,0.7633225025613997,80,eligible
FT840_CDLC_BLOCKAGE_SEVERE_R17,blockage,physical,True,-0.35209767200764736,80,46,3,2,eligible,0.7434119864876096,80,eligible
FT840_CDLC_BLOCKAGE_SEVERE_R18,blockage,physical,True,-0.2809757434745082,80,37,3,1,eligible,0.7679915459955923,80,eligible
FT840_CDLC_BLOCKAGE_SEVERE_R19,blockage,physical,True,-0.39695671337483984,80,54,3,2,eligible,0.7562846635337294,80,eligible
FT840_CDLC_BLOCKAGE_SEVERE_R20,blockage,physical,True,-0.2809757434745082,80,37,3,1,eligible,0.7577514437162648,80,eligible
FT840_CDLC_INTERFERENCE_MILD_R01,interference,physical,False,nan,80,0,2,0,too_few_retained_rows,nan,80,constant_outcome
FT840_CDLC_INTERFERENCE_MILD_R02,interference,physical,False,nan,80,0,2,0,too_few_retained_rows,nan,80,constant_outcome
FT840_CDLC_INTERFERENCE_MILD_R03,interference,physical,False,nan,80,0,2,0,too_few_retained_rows,nan,80,constant_outcome
FT840_CDLC_INTERFERENCE_MILD_R04,interference,physical,False,nan,80,0,2,0,too_few_retained_rows,nan,80,constant_outcome
FT840_CDLC_INTERFERENCE_MILD_R05,interference,physical,False,nan,80,0,2,0,too_few_retained_rows,nan,80,constant_outcome
FT840_CDLC_INTERFERENCE_MILD_R06,interference,physical,False,nan,80,0,2,0,too_few_retained_rows,nan,80,constant_outcome
FT840_CDLC_INTERFERENCE_MILD_R07,interference,physical,False,nan,80,0,2,0,too_few_retained_rows,nan,80,constant_outcome
FT840_CDLC_INTERFERENCE_MILD_R08,interference,physical,False,nan,80,0,2,0,too_few_retained_rows,nan,80,constant_outcome
FT840_CDLC_INTERFERENCE_MILD_R09,interference,physical,False,nan,80,0,2,0,too_few_retained_rows,nan,80,constant_outcome
FT840_CDLC_INTERFERENCE_MILD_R10,interference,physical,False,nan,80,0,2,0,too_few_retained_rows,nan,80,constant_outcome
FT840_CDLC_INTERFERENCE_MILD_R11,interference,physical,False,nan,80,0,2,0,too_few_retained_rows,nan,80,constant_outcome
FT840_CDLC_INTERFERENCE_MILD_R12,interference,physical,True,-0.14573094163086459,80,55,2,1,eligible,0.18861203519850608,80,eligible
FT840_CDLC_INTERFERENCE_MILD_R13,interference,physical,False,nan,80,0,2,0,too_few_retained_rows,nan,80,constant_outcome
FT840_CDLC_INTERFERENCE_MILD_R14,interference,physical,False,nan,80,0,2,0,too_few_retained_rows,nan,80,constant_outcome
FT840_CDLC_INTERFERENCE_MILD_R15,interference,physical,False,nan,80,0,2,0,too_few_retained_rows,nan,80,constant_outcome
FT840_CDLC_INTERFERENCE_MILD_R16,interference,physical,False,nan,80,0,2,0,too_few_retained_rows,nan,80,constant_outcome
FT840_CDLC_INTERFERENCE_MILD_R17,interference,physical,False,nan,80,0,2,0,too_few_retained_rows,nan,80,constant_outcome
FT840_CDLC_INTERFERENCE_MILD_R18,interference,physical,True,-0.22858545705993552,80,52,2,1,eligible,0.19259687323952338,80,eligible
FT840_CDLC_INTERFERENCE_MILD_R19,interference,physical,False,nan,80,0,2,0,too_few_retained_rows,nan,80,constant_outcome
FT840_CDLC_INTERFERENCE_MILD_R20,interference,physical,False,nan,80,0,2,0,too_few_retained_rows,nan,80,constant_outcome
FT840_CDLC_INTERFERENCE_MODERATE_R01,interference,physical,True,-0.6145321873406757,80,44,3,1,eligible,0.6184385293698292,80,eligible
FT840_CDLC_INTERFERENCE_MODERATE_R02,interference,physical,True,-0.450423303638904,80,50,3,1,eligible,0.5031892650377205,80,eligible
FT840_CDLC_INTERFERENCE_MODERATE_R03,interference,physical,True,-0.6513813929547227,80,50,3,1,eligible,0.6905569945886845,80,eligible
FT840_CDLC_INTERFERENCE_MODERATE_R04,interference,physical,True,-0.6052926288396743,80,42,3,1,eligible,0.641557894064758,80,eligible
FT840_CDLC_INTERFERENCE_MODERATE_R05,interference,physical,True,-0.6717027918081595,80,33,3,1,eligible,0.6785236078345809,80,eligible
FT840_CDLC_INTERFERENCE_MODERATE_R06,interference,physical,True,-0.5330793530738148,80,38,3,1,eligible,0.5572225252193566,80,eligible
FT840_CDLC_INTERFERENCE_MODERATE_R07,interference,physical,True,-0.6881942880111135,80,44,3,1,eligible,0.6824991767358645,80,eligible
FT840_CDLC_INTERFERENCE_MODERATE_R08,interference,physical,True,-0.5521127397946991,80,39,3,1,eligible,0.5946712244581913,80,eligible
FT840_CDLC_INTERFERENCE_MODERATE_R09,interference,physical,True,-0.5640861655338577,80,51,3,1,eligible,0.6301114710810346,80,eligible
FT840_CDLC_INTERFERENCE_MODERATE_R10,interference,physical,True,-0.5832118435198042,80,41,3,1,eligible,0.628858473978837,80,eligible
FT840_CDLC_INTERFERENCE_MODERATE_R11,interference,physical,True,-0.5260278288315906,80,44,3,1,eligible,0.547432173006511,80,eligible
FT840_CDLC_INTERFERENCE_MODERATE_R12,interference,physical,True,-0.645305582643389,80,43,3,1,eligible,0.7164580135085792,80,eligible
FT840_CDLC_INTERFERENCE_MODERATE_R13,interference,physical,True,-0.6209781543571278,80,52,3,1,eligible,0.642921946230613,80,eligible
FT840_CDLC_INTERFERENCE_MODERATE_R14,interference,physical,True,-0.5731603619136836,80,50,3,1,eligible,0.6179744651916458,80,eligible
FT840_CDLC_INTERFERENCE_MODERATE_R15,interference,physical,True,-0.4511775769063953,80,62,3,1,eligible,0.48619220211334635,80,eligible
FT840_CDLC_INTERFERENCE_MODERATE_R16,interference,physical,True,-0.4393362459091788,80,50,3,1,eligible,0.5187692030234546,80,eligible
FT840_CDLC_INTERFERENCE_MODERATE_R17,interference,physical,True,-0.7339597585673383,80,32,3,1,eligible,0.6973669567519699,80,eligible
FT840_CDLC_INTERFERENCE_MODERATE_R18,interference,physical,True,-0.4989894841507448,80,50,3,1,eligible,0.5918713851654703,80,eligible
FT840_CDLC_INTERFERENCE_MODERATE_R19,interference,physical,True,-0.6068001340549962,80,38,3,1,eligible,0.6535371753204293,80,eligible
FT840_CDLC_INTERFERENCE_MODERATE_R20,interference,physical,True,-0.5946011629859357,80,37,3,1,eligible,0.6929179280131931,80,eligible
FT840_CDLC_INTERFERENCE_SEVERE_R01,interference,physical,True,-0.3180392109698487,80,56,3,2,eligible,0.7524923492590957,80,eligible
FT840_CDLC_INTERFERENCE_SEVERE_R02,interference,physical,True,-0.3779644730092271,80,40,3,2,eligible,0.7556456320178662,80,eligible
FT840_CDLC_INTERFERENCE_SEVERE_R03,interference,physical,True,-0.4891110718832157,80,48,3,2,eligible,0.8555576641183281,80,eligible
FT840_CDLC_INTERFERENCE_SEVERE_R04,interference,physical,True,-0.3180392109698487,80,56,3,2,eligible,0.7563973370120524,80,eligible
FT840_CDLC_INTERFERENCE_SEVERE_R05,interference,physical,True,-0.34510489068379224,80,48,3,2,eligible,0.7668099510378179,80,eligible
FT840_CDLC_INTERFERENCE_SEVERE_R06,interference,physical,True,-0.3216337604513383,80,28,3,1,eligible,0.7693014968866859,80,eligible
FT840_CDLC_INTERFERENCE_SEVERE_R07,interference,physical,True,-0.417859555080728,80,48,3,2,eligible,0.7651914787330946,80,eligible
FT840_CDLC_INTERFERENCE_SEVERE_R08,interference,physical,True,-0.36916085152012607,80,42,3,2,eligible,0.758902623364656,80,eligible
FT840_CDLC_INTERFERENCE_SEVERE_R09,interference,physical,True,-0.3527381766706785,80,46,3,2,eligible,0.7655449815089902,80,eligible
FT840_CDLC_INTERFERENCE_SEVERE_R10,interference,physical,True,-0.34510489068379213,80,48,3,2,eligible,0.770638050610016,80,eligible
FT840_CDLC_INTERFERENCE_SEVERE_R11,interference,physical,True,-0.4531490195181977,80,39,3,2,eligible,0.7670924657848165,80,eligible
FT840_CDLC_INTERFERENCE_SEVERE_R12,interference,physical,True,-0.321143984927327,80,55,3,2,eligible,0.7595956103210458,80,eligible
FT840_CDLC_INTERFERENCE_SEVERE_R13,interference,physical,False,nan,80,18,3,1,too_few_retained_rows,0.7934463913111957,80,eligible
FT840_CDLC_INTERFERENCE_SEVERE_R14,interference,physical,True,-0.43493184334648405,80,28,3,2,eligible,0.7583205241659376,80,eligible
FT840_CDLC_INTERFERENCE_SEVERE_R15,interference,physical,True,-0.3451048906837919,80,48,3,2,eligible,0.7619024583482795,80,eligible
FT840_CDLC_INTERFERENCE_SEVERE_R16,interference,physical,True,-0.34510489068379213,80,48,3,2,eligible,0.7685914896593247,80,eligible
FT840_CDLC_INTERFERENCE_SEVERE_R17,interference,physical,True,-0.3779644730092271,80,40,3,2,eligible,0.7752122383567067,80,eligible
FT840_CDLC_INTERFERENCE_SEVERE_R18,interference,physical,True,-0.45716852182495904,80,38,3,2,eligible,0.7850105874581862,80,eligible
FT840_CDLC_INTERFERENCE_SEVERE_R19,interference,physical,True,-0.31622776601683805,80,29,3,1,eligible,0.7728163769646643,80,eligible
FT840_CDLC_INTERFERENCE_SEVERE_R20,interference,physical,True,-0.3488747662711112,80,47,3,2,eligible,0.758361409243815,80,eligible
FT840_CDLC_MOBILITY_MILD_R01,mobility,physical,True,0.08418165375319864,80,80,2,2,eligible,0.784819200741437,80,eligible
FT840_CDLC_MOBILITY_MILD_R02,mobility,physical,True,-0.2840805420755967,80,56,2,1,eligible,0.7887056978726144,80,eligible
FT840_CDLC_MOBILITY_MILD_R03,mobility,physical,True,-0.1214479364827458,80,56,2,1,eligible,0.47193036182170955,80,eligible
FT840_CDLC_MOBILITY_MILD_R04,mobility,physical,True,0.22877844614255616,80,80,2,2,eligible,0.7743175768389288,80,eligible
FT840_CDLC_MOBILITY_MILD_R05,mobility,physical,True,-0.002232498832403421,80,56,2,1,eligible,0.7952568052342562,80,eligible
FT840_CDLC_MOBILITY_MILD_R06,mobility,physical,True,0.02339541354478651,80,59,2,1,eligible,0.6610310682602857,80,eligible
FT840_CDLC_MOBILITY_MILD_R07,mobility,physical,True,-0.138342892773215,80,56,2,1,eligible,0.7667066447162887,80,eligible
FT840_CDLC_MOBILITY_MILD_R08,mobility,physical,True,0.22302157194510297,80,80,2,2,eligible,0.7870084315333308,80,eligible
FT840_CDLC_MOBILITY_MILD_R09,mobility,physical,True,0.1572348081037965,80,80,2,2,eligible,0.8061999066652704,80,eligible
FT840_CDLC_MOBILITY_MILD_R10,mobility,physical,True,0.033089955501564634,80,56,2,1,eligible,0.7773021733629707,80,eligible
FT840_CDLC_MOBILITY_MILD_R11,mobility,physical,True,0.19171831782416734,80,80,2,2,eligible,0.7940216168211196,80,eligible
FT840_CDLC_MOBILITY_MILD_R12,mobility,physical,True,-0.12725268890119698,80,80,2,2,eligible,0.7751968285766283,80,eligible
FT840_CDLC_MOBILITY_MILD_R13,mobility,physical,True,-0.21208738907832467,80,56,2,1,eligible,0.8048096962714955,80,eligible
FT840_CDLC_MOBILITY_MILD_R14,mobility,physical,True,0.28355381591572704,80,80,2,2,eligible,0.7634710451047875,80,eligible
FT840_CDLC_MOBILITY_MILD_R15,mobility,physical,True,-0.31170661102548497,80,80,2,2,eligible,0.8014710191603562,80,eligible
FT840_CDLC_MOBILITY_MILD_R16,mobility,physical,True,-0.1606125214878828,80,56,2,1,eligible,0.7796198935458009,80,eligible
FT840_CDLC_MOBILITY_MILD_R17,mobility,physical,True,0.010078942181238513,80,80,2,2,eligible,0.5943892877550272,80,eligible
FT840_CDLC_MOBILITY_MILD_R18,mobility,physical,False,nan,80,23,2,1,too_few_retained_rows,0.46257250850281073,80,eligible
FT840_CDLC_MOBILITY_MILD_R19,mobility,physical,True,-0.09376495096094345,80,56,2,1,eligible,0.8004384554308032,80,eligible
FT840_CDLC_MOBILITY_MILD_R20,mobility,physical,True,-0.23664487623476202,80,56,2,1,eligible,0.8012648983898967,80,eligible
FT840_CDLC_MOBILITY_MODERATE_R01,mobility,physical,True,0.21952039108530572,80,51,2,1,eligible,0.7904704993650292,80,eligible
FT840_CDLC_MOBILITY_MODERATE_R02,mobility,physical,True,-0.2512884932435297,80,80,2,2,eligible,0.7955822499751727,80,eligible
FT840_CDLC_MOBILITY_MODERATE_R03,mobility,physical,True,0.06047530304142295,80,57,2,1,eligible,0.7957624793878765,80,eligible
FT840_CDLC_MOBILITY_MODERATE_R04,mobility,physical,True,-0.19840076896783007,80,80,2,2,eligible,0.786048101859661,80,eligible
FT840_CDLC_MOBILITY_MODERATE_R05,mobility,physical,True,-0.30061825268722026,80,80,2,2,eligible,0.7988501030507411,80,eligible
FT840_CDLC_MOBILITY_MODERATE_R06,mobility,physical,True,0.04154537571856558,80,56,2,1,eligible,0.7950642115329264,80,eligible
FT840_CDLC_MOBILITY_MODERATE_R07,mobility,physical,True,0.1383956846660648,80,80,2,2,eligible,0.7894777547011114,80,eligible
FT840_CDLC_MOBILITY_MODERATE_R08,mobility,physical,True,-0.3011700116956406,80,80,2,2,eligible,0.8031422260149775,80,eligible
FT840_CDLC_MOBILITY_MODERATE_R09,mobility,physical,True,0.07011636622342042,80,80,2,2,eligible,0.7651101297129005,80,eligible
FT840_CDLC_MOBILITY_MODERATE_R10,mobility,physical,True,0.030570931333700254,80,80,2,2,eligible,0.7959969146887714,80,eligible
FT840_CDLC_MOBILITY_MODERATE_R11,mobility,physical,True,0.06400233556643875,80,56,2,1,eligible,0.7873525928078752,80,eligible
FT840_CDLC_MOBILITY_MODERATE_R12,mobility,physical,True,0.3461643323897128,80,80,2,2,eligible,0.7951445640558652,80,eligible
FT840_CDLC_MOBILITY_MODERATE_R13,mobility,physical,True,-0.10745662735372058,80,80,2,2,eligible,0.8215190845848748,80,eligible
FT840_CDLC_MOBILITY_MODERATE_R14,mobility,physical,True,-0.060371806362329916,80,55,2,1,eligible,0.785696398326522,80,eligible
FT840_CDLC_MOBILITY_MODERATE_R15,mobility,physical,True,0.12888038187817052,80,55,2,1,eligible,0.719173244679809,80,eligible
FT840_CDLC_MOBILITY_MODERATE_R16,mobility,physical,True,-0.009048592759880703,80,56,2,1,eligible,0.7947161362547942,80,eligible
FT840_CDLC_MOBILITY_MODERATE_R17,mobility,physical,True,-0.2071429371640953,80,55,2,1,eligible,0.7607973843056309,80,eligible
FT840_CDLC_MOBILITY_MODERATE_R18,mobility,physical,True,-0.23300126356692846,80,56,2,1,eligible,0.7738949627440127,80,eligible
FT840_CDLC_MOBILITY_MODERATE_R19,mobility,physical,True,0.15158930896024495,80,80,2,2,eligible,0.7860805193654296,80,eligible
FT840_CDLC_MOBILITY_MODERATE_R20,mobility,physical,True,0.08536384278351854,80,80,2,2,eligible,0.597414047665804,80,eligible
FT840_CDLC_MOBILITY_SEVERE_R01,mobility,physical,True,0.17961851541682733,80,57,2,1,eligible,0.7796663180064034,80,eligible
FT840_CDLC_MOBILITY_SEVERE_R02,mobility,physical,True,0.2834849172766841,80,80,2,2,eligible,0.796195339664548,80,eligible
FT840_CDLC_MOBILITY_SEVERE_R03,mobility,physical,True,0.10823235885355643,80,80,2,2,eligible,0.5491844831998531,80,eligible
FT840_CDLC_MOBILITY_SEVERE_R04,mobility,physical,True,0.20041099981007368,80,80,2,2,eligible,0.7867807891649506,80,eligible
FT840_CDLC_MOBILITY_SEVERE_R05,mobility,physical,True,-0.061122396936973605,80,56,2,1,eligible,0.677126193878163,80,eligible
FT840_CDLC_MOBILITY_SEVERE_R06,mobility,physical,True,-0.2635786110641878,80,56,2,1,eligible,0.7646270899179982,80,eligible
FT840_CDLC_MOBILITY_SEVERE_R07,mobility,physical,True,0.13937066076425858,80,80,2,2,eligible,0.6590084674573499,80,eligible
FT840_CDLC_MOBILITY_SEVERE_R08,mobility,physical,True,0.07919078570172981,80,80,2,2,eligible,0.7722832842765419,80,eligible
FT840_CDLC_MOBILITY_SEVERE_R09,mobility,physical,True,0.13939455649939153,80,62,2,1,eligible,0.7794296399225751,80,eligible
FT840_CDLC_MOBILITY_SEVERE_R10,mobility,physical,True,0.1725138087259581,80,60,2,1,eligible,0.7647173082102805,80,eligible
FT840_CDLC_MOBILITY_SEVERE_R11,mobility,physical,True,-0.07464941782004218,80,60,2,1,eligible,0.796630926426939,80,eligible
FT840_CDLC_MOBILITY_SEVERE_R12,mobility,physical,True,-0.006697496497210261,80,56,2,1,eligible,0.7957765396650923,80,eligible
FT840_CDLC_MOBILITY_SEVERE_R13,mobility,physical,True,-0.19680689252740563,80,56,2,1,eligible,0.7805685968368906,80,eligible
FT840_CDLC_MOBILITY_SEVERE_R14,mobility,physical,True,0.11809004429540633,80,80,2,2,eligible,0.4202521597059129,80,eligible
FT840_CDLC_MOBILITY_SEVERE_R15,mobility,physical,True,0.3361866339525132,80,80,2,2,eligible,0.7991205000980897,80,eligible
FT840_CDLC_MOBILITY_SEVERE_R16,mobility,physical,True,0.04864843837840756,80,56,2,1,eligible,0.6772695296610511,80,eligible
FT840_CDLC_MOBILITY_SEVERE_R17,mobility,physical,True,-0.1853855872932041,80,80,2,2,eligible,0.7831766723229838,80,eligible
FT840_CDLC_MOBILITY_SEVERE_R18,mobility,physical,True,-0.06793535057739564,80,80,2,2,eligible,0.32750295747115715,80,eligible
FT840_CDLC_MOBILITY_SEVERE_R19,mobility,physical,True,-0.14321325772845755,80,57,2,1,eligible,0.6168033400698307,80,eligible
FT840_CDLC_MOBILITY_SEVERE_R20,mobility,physical,True,0.010207483276762115,80,61,2,1,eligible,0.7368402763148914,80,eligible
FT840_CDLC_NONPHYSICAL_GOODPUT_R01,nonphysical_goodput,control,False,nan,80,0,2,0,too_few_retained_rows,nan,80,constant_outcome
FT840_CDLC_NONPHYSICAL_GOODPUT_R02,nonphysical_goodput,control,False,nan,80,0,2,0,too_few_retained_rows,nan,80,constant_outcome
FT840_CDLC_NONPHYSICAL_GOODPUT_R03,nonphysical_goodput,control,False,nan,80,0,2,0,too_few_retained_rows,nan,80,constant_outcome
FT840_CDLC_NONPHYSICAL_GOODPUT_R04,nonphysical_goodput,control,False,nan,80,0,2,0,too_few_retained_rows,nan,80,constant_outcome
FT840_CDLC_NONPHYSICAL_GOODPUT_R05,nonphysical_goodput,control,False,nan,80,0,2,0,too_few_retained_rows,nan,80,constant_outcome
FT840_CDLC_NONPHYSICAL_GOODPUT_R06,nonphysical_goodput,control,False,nan,80,0,2,0,too_few_retained_rows,nan,80,constant_outcome
FT840_CDLC_NONPHYSICAL_GOODPUT_R07,nonphysical_goodput,control,False,nan,80,0,2,0,too_few_retained_rows,nan,80,constant_outcome
FT840_CDLC_NONPHYSICAL_GOODPUT_R08,nonphysical_goodput,control,False,nan,80,0,2,0,too_few_retained_rows,nan,80,constant_outcome
FT840_CDLC_NONPHYSICAL_GOODPUT_R09,nonphysical_goodput,control,False,nan,80,0,2,0,too_few_retained_rows,nan,80,constant_outcome
FT840_CDLC_NONPHYSICAL_GOODPUT_R10,nonphysical_goodput,control,False,nan,80,0,2,0,too_few_retained_rows,nan,80,constant_outcome
FT840_CDLC_NONPHYSICAL_GOODPUT_R11,nonphysical_goodput,control,False,nan,80,0,2,0,too_few_retained_rows,nan,80,constant_outcome
FT840_CDLC_NONPHYSICAL_GOODPUT_R12,nonphysical_goodput,control,False,nan,80,0,2,0,too_few_retained_rows,nan,80,constant_outcome
FT840_CDLC_NONPHYSICAL_GOODPUT_R13,nonphysical_goodput,control,False,nan,80,0,2,0,too_few_retained_rows,nan,80,constant_outcome
FT840_CDLC_NONPHYSICAL_GOODPUT_R14,nonphysical_goodput,control,False,nan,80,0,2,0,too_few_retained_rows,nan,80,constant_outcome
FT840_CDLC_NONPHYSICAL_GOODPUT_R15,nonphysical_goodput,control,False,nan,80,0,2,0,too_few_retained_rows,nan,80,constant_outcome
FT840_CDLC_NONPHYSICAL_GOODPUT_R16,nonphysical_goodput,control,False,nan,80,0,2,0,too_few_retained_rows,nan,80,constant_outcome
FT840_CDLC_NONPHYSICAL_GOODPUT_R17,nonphysical_goodput,control,False,nan,80,0,2,0,too_few_retained_rows,nan,80,constant_outcome
FT840_CDLC_NONPHYSICAL_GOODPUT_R18,nonphysical_goodput,control,False,nan,80,0,2,0,too_few_retained_rows,nan,80,constant_outcome
FT840_CDLC_NONPHYSICAL_GOODPUT_R19,nonphysical_goodput,control,False,nan,80,0,2,0,too_few_retained_rows,nan,80,constant_outcome
FT840_CDLC_NONPHYSICAL_GOODPUT_R20,nonphysical_goodput,control,False,nan,80,0,2,0,too_few_retained_rows,nan,80,constant_outcome
FT840_CDLC_NORMAL_R01,normal,control,False,nan,80,0,2,0,too_few_retained_rows,nan,80,constant_outcome
FT840_CDLC_NORMAL_R02,normal,control,False,nan,80,0,2,0,too_few_retained_rows,nan,80,constant_outcome
FT840_CDLC_NORMAL_R03,normal,control,False,nan,80,0,2,0,too_few_retained_rows,nan,80,constant_outcome
FT840_CDLC_NORMAL_R04,normal,control,False,nan,80,0,2,0,too_few_retained_rows,nan,80,constant_outcome
FT840_CDLC_NORMAL_R05,normal,control,False,nan,80,0,2,0,too_few_retained_rows,nan,80,constant_outcome
FT840_CDLC_NORMAL_R06,normal,control,False,nan,80,0,2,0,too_few_retained_rows,nan,80,constant_outcome
FT840_CDLC_NORMAL_R07,normal,control,False,nan,80,0,2,0,too_few_retained_rows,nan,80,constant_outcome
FT840_CDLC_NORMAL_R08,normal,control,False,nan,80,0,2,0,too_few_retained_rows,nan,80,constant_outcome
FT840_CDLC_NORMAL_R09,normal,control,False,nan,80,0,2,0,too_few_retained_rows,nan,80,constant_outcome
FT840_CDLC_NORMAL_R10,normal,control,False,nan,80,0,2,0,too_few_retained_rows,nan,80,constant_outcome
FT840_CDLC_NORMAL_R11,normal,control,False,nan,80,0,2,0,too_few_retained_rows,nan,80,constant_outcome
FT840_CDLC_NORMAL_R12,normal,control,False,nan,80,0,2,0,too_few_retained_rows,nan,80,constant_outcome
FT840_CDLC_NORMAL_R13,normal,control,False,nan,80,0,2,0,too_few_retained_rows,nan,80,constant_outcome
FT840_CDLC_NORMAL_R14,normal,control,False,nan,80,0,2,0,too_few_retained_rows,nan,80,constant_outcome
FT840_CDLC_NORMAL_R15,normal,control,False,nan,80,0,2,0,too_few_retained_rows,nan,80,constant_outcome
FT840_CDLC_NORMAL_R16,normal,control,False,nan,80,0,2,0,too_few_retained_rows,nan,80,constant_outcome
FT840_CDLC_NORMAL_R17,normal,control,False,nan,80,0,2,0,too_few_retained_rows,nan,80,constant_outcome
FT840_CDLC_NORMAL_R18,normal,control,False,nan,80,0,2,0,too_few_retained_rows,nan,80,constant_outcome
FT840_CDLC_NORMAL_R19,normal,control,False,nan,80,0,2,0,too_few_retained_rows,nan,80,constant_outcome
FT840_CDLC_NORMAL_R20,normal,control,False,nan,80,0,2,0,too_few_retained_rows,nan,80,constant_outcome
