global_index,regime,label,severity,eligible,primary_effect,finite_row_count,retained_row_count,candidate_stratum_count,retained_stratum_count,eligibility_reason,ber_per_spearman,ber_per_row_count,ber_per_reason,mean_absolute_deviation_from_independent_ber_formula
0,indoor,interference,mild,True,-0.7609776349034468,80,78,3,2,eligible,0.9689778733778719,80,eligible,0.04873531594224091
1,indoor,interference,mild,True,-0.49791516021490967,80,80,3,3,eligible,0.9838107230879077,80,eligible,0.07907694665365057
2,indoor,interference,mild,True,-0.4073773230739211,80,80,3,3,eligible,0.8862706738894996,80,eligible,0.13972338716644186
3,indoor,interference,mild,True,-0.7849854659558049,80,79,3,2,eligible,0.9415370645413326,80,eligible,0.06641963716272205
4,indoor,interference,mild,True,-0.33831047693532795,80,73,3,2,eligible,0.9782951906972835,80,eligible,0.033008024851908055
5,indoor,interference,mild,True,-0.46607874707307817,80,62,3,2,eligible,0.9820089216492757,80,eligible,0.03140448500324453
6,indoor,interference,mild,True,-0.533682010703243,80,80,3,3,eligible,0.9588971144263282,80,eligible,0.09720549517357605
7,indoor,interference,mild,True,-0.3160866873722895,80,58,3,1,eligible,0.9986329453622295,80,eligible,3.517151981685673e-07
8,indoor,interference,mild,True,-0.13123407322094557,80,73,3,2,eligible,0.9948282381332479,80,eligible,0.018653628549724393
9,indoor,interference,mild,True,-0.5813300857825783,80,78,4,3,eligible,0.7097404384371553,80,eligible,0.06290898196449043
10,indoor,interference,mild,True,-0.6034245703107495,80,80,3,3,eligible,0.9118845815160408,80,eligible,0.09590514737318603
11,indoor,interference,mild,True,-0.19401838390723436,80,80,3,3,eligible,0.988655133967755,80,eligible,0.0061007414326679525
12,indoor,interference,mild,True,-0.6525242436256442,80,78,3,2,eligible,0.9034343534338249,80,eligible,0.13248341333423377
13,indoor,interference,mild,True,-0.7859816131891167,80,79,3,2,eligible,0.916441459762556,80,eligible,0.09807191112781814
14,indoor,interference,mild,True,-0.7659759584246181,80,78,3,2,eligible,0.9158652585740359,80,eligible,0.08105037839810532
15,indoor,interference,moderate,True,-0.27822443213312736,80,68,4,2,eligible,0.9771093181092138,80,eligible,0.006127674253058201
16,indoor,interference,moderate,True,-0.8438605419729746,80,61,4,3,eligible,0.9761217269281955,80,eligible,0.030450556951617625
17,indoor,interference,moderate,True,-0.5031654217858386,80,47,4,1,eligible,0.9463881643781249,80,eligible,0.06566450607068985
18,indoor,interference,moderate,True,-0.5179159605819591,80,75,4,3,eligible,0.9613663397168479,80,eligible,0.053554659318559864
19,indoor,interference,moderate,True,-0.6477521293121221,80,78,4,3,eligible,0.8872385570753112,80,eligible,0.14607194646973146
20,indoor,interference,moderate,True,-0.7115660719807,80,79,4,3,eligible,0.9649831144238239,80,eligible,0.05582825874056556
21,indoor,interference,moderate,True,-0.2317486754398948,80,66,4,2,eligible,0.9652156299818379,80,eligible,0.0680490092931682
22,indoor,interference,moderate,True,-0.8383053030559994,80,60,4,2,eligible,0.983914120987238,80,eligible,0.029321784939914934
23,indoor,interference,moderate,True,-0.0009948944270185747,80,47,4,1,eligible,0.9426648666061472,80,eligible,0.08899356893126598
24,indoor,interference,moderate,True,-0.18605770740022692,80,62,4,2,eligible,0.9374437285395113,80,eligible,0.044675284784141525
25,indoor,interference,moderate,True,-0.11501609326403842,80,52,4,2,eligible,0.9426084219597722,80,eligible,0.08529078900826878
26,indoor,interference,moderate,True,-0.413981710986266,80,74,4,3,eligible,0.9612434664417143,80,eligible,0.05470052141854929
27,indoor,interference,moderate,True,-0.2442791635609988,80,75,4,3,eligible,0.9612906273894738,80,eligible,0.0349950037218507
28,indoor,interference,moderate,True,-0.2813342395448014,80,73,4,3,eligible,0.9526828155830778,80,eligible,0.08281092466612205
29,indoor,interference,moderate,True,-0.7611652363584406,80,57,4,2,eligible,0.9523589379653077,80,eligible,0.08872080771350373
30,indoor,interference,severe,True,-0.6584710755766081,80,70,4,2,eligible,0.9761315290322191,80,eligible,0.04197665730319157
31,indoor,interference,severe,True,-0.44193234270766185,80,69,4,2,eligible,0.9594739390761465,80,eligible,0.05948965985431052
32,indoor,interference,severe,True,-0.7530779445201685,80,71,4,2,eligible,0.9821195947366484,80,eligible,0.052255562866591755
33,indoor,interference,severe,True,-0.6423738603117746,80,74,4,2,eligible,0.9532332249374776,80,eligible,0.03460841983380179
34,indoor,interference,severe,True,-0.6493028987479352,80,75,4,3,eligible,0.9717301791029564,80,eligible,0.10036971352262114
35,indoor,interference,severe,True,-0.2115970996977313,80,74,4,3,eligible,0.9356561021222248,80,eligible,0.05010704205017399
36,indoor,interference,severe,True,-0.5165091040901019,80,69,4,2,eligible,0.9707693378748748,80,eligible,0.035926192175107174
37,indoor,interference,severe,True,-0.2790273641015604,80,73,4,2,eligible,0.967441298680413,80,eligible,2.1768961964790946e-06
38,indoor,interference,severe,True,-0.5850355208575992,80,74,3,2,eligible,0.9794517017691599,80,eligible,0.01389531159200812
39,indoor,interference,severe,True,-0.24840928410005883,80,72,4,2,eligible,0.9808114018062795,80,eligible,0.010543899422669758
40,indoor,interference,severe,True,-0.5834808459254681,80,80,3,3,eligible,0.9227594064805952,80,eligible,0.1300796451213376
41,indoor,interference,severe,True,-0.06584903293429478,80,75,4,3,eligible,0.9038600340103649,80,eligible,0.08819977741846925
42,indoor,interference,severe,True,-0.31874909446408584,80,57,4,1,eligible,0.983117604464722,80,eligible,2.1451900599905872e-07
43,indoor,interference,severe,True,-0.7090822373727317,80,74,3,2,eligible,0.9701032120720513,80,eligible,0.04404351923036901
44,indoor,interference,severe,True,-0.6684828799464104,80,70,4,2,eligible,0.9641433246194027,80,eligible,0.12218674784041546
45,indoor,blockage,mild,True,-0.797298589165031,80,80,1,1,eligible,0.9808558178316774,80,eligible,0.08791163993253168
46,indoor,blockage,mild,True,-0.68255578628413,80,80,2,2,eligible,0.9189657417112526,80,eligible,0.09894094213781833
47,indoor,blockage,mild,True,-0.9050382975486123,80,73,3,1,eligible,0.966987581301062,80,eligible,0.10883256679195
48,indoor,blockage,mild,True,-0.734579304943741,80,80,2,2,eligible,0.870807819990988,80,eligible,0.09147552387008213
49,indoor,blockage,mild,True,-0.7983394672268465,80,77,2,1,eligible,0.9527546682968547,80,eligible,0.09195551737504654
50,indoor,blockage,mild,True,-0.7002374981341668,80,73,2,1,eligible,0.9792224230937973,80,eligible,0.040484067530598605
51,indoor,blockage,mild,True,-0.7966330936286419,80,73,2,1,eligible,0.9694190118258136,80,eligible,0.08038862528667837
52,indoor,blockage,mild,True,-0.4014559746725115,80,80,2,2,eligible,0.942034164076543,80,eligible,0.04625399162495793
53,indoor,blockage,mild,True,-0.6985269276048113,80,80,1,1,eligible,0.992045904244144,80,eligible,0.02260169178473774
54,indoor,blockage,mild,True,-0.38414427246708066,80,80,2,2,eligible,0.863001232017111,80,eligible,0.16078654879388482
55,indoor,blockage,mild,True,-0.7820451968200803,80,80,1,1,eligible,0.9679285817266627,80,eligible,0.05974955795036983
56,indoor,blockage,mild,True,-0.8581398966570427,80,80,1,1,eligible,0.9701399128108241,80,eligible,0.08179916420433889
57,indoor,blockage,mild,True,-0.8422468552834009,80,78,2,1,eligible,0.9737395674111102,80,eligible,0.05628829178408069
58,indoor,blockage,mild,True,-0.6525706561461264,80,80,2,2,eligible,0.9583702010794082,80,eligible,0.11384008857996801
59,indoor,blockage,mild,True,-0.6622405558059884,80,80,2,2,eligible,0.945579829577593,80,eligible,0.06234023473056548
60,indoor,blockage,moderate,True,-0.49306682360325416,80,80,2,2,eligible,0.9250469856194292,80,eligible,0.12031057028284602
61,indoor,blockage,moderate,True,-0.5690450163458517,80,80,3,3,eligible,0.9756738794718073,80,eligible,0.048583057556446596
62,indoor,blockage,moderate,True,-0.6857267474419846,80,80,3,3,eligible,0.9553335574143063,80,eligible,0.046151508375962394
63,indoor,blockage,moderate,True,-0.48239287670727693,80,80,3,3,eligible,0.9437051508483156,80,eligible,0.033644923921414126
64,indoor,blockage,moderate,True,-0.0826421543717855,80,80,2,2,eligible,0.8603513589913024,80,eligible,0.15332136706005248
65,indoor,blockage,moderate,True,-0.1434894693868089,80,80,2,2,eligible,0.9918763452821429,80,eligible,0.017122415323619546
66,indoor,blockage,moderate,True,-0.2970031343667802,80,80,2,2,eligible,0.9766932386900041,80,eligible,0.02128584146178434
67,indoor,blockage,moderate,True,-0.7465498045312342,80,80,1,1,eligible,0.9820718861391774,80,eligible,0.03818552977266116
68,indoor,blockage,moderate,True,-0.8037441785256716,80,80,1,1,eligible,0.9908248184254486,80,eligible,0.0371583589764506
69,indoor,blockage,moderate,True,-0.6134558786012221,80,80,2,2,eligible,0.9539380516980173,80,eligible,0.10561317184004718
70,indoor,blockage,moderate,True,-0.24319920993795077,80,80,2,2,eligible,0.9895658863068824,80,eligible,0.01877694281124038
71,indoor,blockage,moderate,True,-0.7349373010813134,80,80,2,2,eligible,0.9862135482789759,80,eligible,0.06111139194092959
72,indoor,blockage,moderate,True,-0.5517391357859278,80,79,3,2,eligible,0.7826817828956112,80,eligible,0.1620379507842449
73,indoor,blockage,moderate,True,-0.7335974566999862,80,80,1,1,eligible,0.9921231677168322,80,eligible,0.05032141343261143
74,indoor,blockage,moderate,True,-0.7307833143443473,80,80,1,1,eligible,0.9952894382744488,80,eligible,0.038188491147343115
75,indoor,blockage,severe,True,-0.4035093929379243,80,72,3,2,eligible,0.9663092275465619,80,eligible,0.05112297665501105
76,indoor,blockage,severe,True,-0.6895123541897931,80,78,3,2,eligible,0.8647156501392982,80,eligible,0.05478274915776412
77,indoor,blockage,severe,True,-0.5105087012190425,80,80,3,3,eligible,0.9523740092941265,80,eligible,0.0699559770609693
78,indoor,blockage,severe,True,-0.13599398736381088,80,80,3,3,eligible,0.8858707607617422,80,eligible,0.1224072744898016
79,indoor,blockage,severe,True,-0.410345837909633,80,80,3,3,eligible,0.970649749034458,80,eligible,0.037514839195019425
80,indoor,blockage,severe,True,-0.535614349877996,80,80,3,3,eligible,0.8673942239194947,80,eligible,0.09416174937924435
81,indoor,blockage,severe,True,-0.2162463766693203,80,80,2,2,eligible,0.9845357664188733,80,eligible,0.027276499276238136
82,indoor,blockage,severe,True,-0.17320856782904429,80,80,2,2,eligible,0.9921929143703018,80,eligible,0.030220222207844715
83,indoor,blockage,severe,True,-0.45775557941499717,80,80,3,3,eligible,0.9398331034554377,80,eligible,0.01887851498720237
84,indoor,blockage,severe,True,-0.37295338789537685,80,80,2,2,eligible,0.9642913201780585,80,eligible,0.03455852052515524
85,indoor,blockage,severe,True,-0.2231727356085183,80,80,2,2,eligible,0.9935584644469367,80,eligible,0.03306756508135699
86,indoor,blockage,severe,True,-0.4669297230733335,80,78,3,2,eligible,0.9727274369249128,80,eligible,0.04074148835365295
87,indoor,blockage,severe,True,-0.3721764053923107,80,80,3,3,eligible,0.9137194824546568,80,eligible,0.10243386040808677
88,indoor,blockage,severe,True,-0.5742720421385125,80,77,4,3,eligible,0.9285412166582424,80,eligible,0.09280853794841368
89,indoor,blockage,severe,True,-0.09015374932154213,80,80,2,2,eligible,0.9621161859009866,80,eligible,0.041836919575252554
90,indoor,mobility,mild,True,-0.7464292122572854,80,79,3,2,eligible,0.9808863871551781,80,eligible,0.03167289582781115
91,indoor,mobility,mild,True,-0.2505763290088321,80,80,2,2,eligible,0.9726277381859367,80,eligible,0.016578032131180108
92,indoor,mobility,mild,True,-0.485937384876789,80,80,1,1,eligible,0.9762455354113818,80,eligible,0.033121071654774445
93,indoor,mobility,mild,True,-0.07673960036549218,80,80,3,3,eligible,0.9613224657518831,80,eligible,0.06795104252081716
94,indoor,mobility,mild,True,-0.061767387110211874,80,77,2,1,eligible,0.9126892032165071,80,eligible,0.08051966639706859
95,indoor,mobility,mild,True,-0.415283209230605,80,76,2,1,eligible,0.9657098632537925,80,eligible,0.10227712241193243
96,indoor,mobility,mild,True,-0.16966352436334498,80,80,2,2,eligible,0.9526200724731585,80,eligible,0.0791645653615225
97,indoor,mobility,mild,True,-0.5245334075032735,80,80,2,2,eligible,0.9685300972706343,80,eligible,0.010283817360386398
98,indoor,mobility,mild,True,-0.35301074316343567,80,74,3,2,eligible,0.9584888742776526,80,eligible,0.03693348883721227
99,indoor,mobility,mild,True,-0.17103575773596297,80,80,1,1,eligible,0.9842270937285177,80,eligible,0.05794866226823743
100,indoor,mobility,mild,True,0.05081628814798741,80,80,2,2,eligible,0.9655956611980361,80,eligible,0.04928932893984434
101,indoor,mobility,mild,True,-0.4337881872364465,80,79,2,1,eligible,0.9658947467670868,80,eligible,0.03453177084730205
102,indoor,mobility,mild,True,-0.4680707717534729,80,66,2,1,eligible,0.9575380603098493,80,eligible,0.07525983141678845
103,indoor,mobility,mild,True,-0.67272439856293,80,69,2,1,eligible,0.971606870091253,80,eligible,0.02229175500036045
104,indoor,mobility,mild,True,-0.28420767045719286,80,80,2,2,eligible,0.9596747778445487,80,eligible,0.0927084203822258
105,indoor,mobility,moderate,True,-0.20398523959064008,80,80,2,2,eligible,0.9342502363440186,80,eligible,0.07142993418824453
106,indoor,mobility,moderate,True,-0.4634291117199917,80,73,2,1,eligible,0.9694193986248373,80,eligible,0.034012497325005615
107,indoor,mobility,moderate,True,-0.5705849226312201,80,80,2,2,eligible,0.9595163755797018,80,eligible,0.037402240416995525
108,indoor,mobility,moderate,True,-0.26769019199192673,80,80,3,3,eligible,0.947642142562642,80,eligible,0.04980707096722418
109,indoor,mobility,moderate,True,-0.48403848405488503,80,79,3,2,eligible,0.9759235299330137,80,eligible,0.03249542548183303
110,indoor,mobility,moderate,True,-0.11056365335052304,80,77,3,2,eligible,0.9653659806897736,80,eligible,0.04195501581660064
111,indoor,mobility,moderate,True,-0.27009265296798585,80,80,2,2,eligible,0.9532755587443807,80,eligible,0.057716843213646785
112,indoor,mobility,moderate,True,-0.5443918563739798,80,73,2,1,eligible,0.9705014777098652,80,eligible,0.06364966511345568
113,indoor,mobility,moderate,True,0.028836341175151783,80,80,1,1,eligible,0.9344262297398084,80,eligible,0.07159094552429897
114,indoor,mobility,moderate,True,-0.20853240725077313,80,80,1,1,eligible,0.963648787716441,80,eligible,0.08133766206047104
115,indoor,mobility,moderate,True,-0.31808812049752405,80,80,1,1,eligible,0.9611605972927002,80,eligible,0.037500308203518795
116,indoor,mobility,moderate,True,-0.4174260930737368,80,80,1,1,eligible,0.9759315899631111,80,eligible,0.009053595254377194
117,indoor,mobility,moderate,True,-0.3375930496928751,80,76,2,1,eligible,0.9495247853881764,80,eligible,0.04875508694460858
118,indoor,mobility,moderate,True,-0.18175844918972556,80,80,2,2,eligible,0.9551895024925953,80,eligible,0.0658027640759467
119,indoor,mobility,moderate,True,-0.20486940746642715,80,80,1,1,eligible,0.971695399236755,80,eligible,0.04234002595465905
120,indoor,mobility,severe,True,-0.442771026351715,80,79,3,2,eligible,0.9401998526306498,80,eligible,0.0796949679916215
121,indoor,mobility,severe,True,-0.7600132875976081,80,78,2,1,eligible,0.9795413078708158,80,eligible,0.028752563111446028
122,indoor,mobility,severe,True,-0.21667495327425915,80,79,2,1,eligible,0.9662639730781069,80,eligible,0.07557281554000395
123,indoor,mobility,severe,True,0.02638164983357111,80,80,2,2,eligible,0.9574811907369277,80,eligible,0.04891797202932159
124,indoor,mobility,severe,True,-0.10346454969360226,80,77,4,2,eligible,0.9229984255903882,80,eligible,0.053336261754286254
125,indoor,mobility,severe,True,-0.37667312099819444,80,80,1,1,eligible,0.9770503167837055,80,eligible,0.04638533341033867
126,indoor,mobility,severe,True,-0.10367500949763914,80,70,2,1,eligible,0.8793419128576407,80,eligible,0.06014948637014467
127,indoor,mobility,severe,True,-0.06128449501560352,80,38,4,1,eligible,0.8518965032144196,80,eligible,0.05962163373337113
128,indoor,mobility,severe,True,-0.7762388959473117,80,80,1,1,eligible,0.9822916466987179,80,eligible,0.011849825648893267
129,indoor,mobility,severe,True,0.10287213552384711,80,80,2,2,eligible,0.9197263048790517,80,eligible,0.09087397875774036
130,indoor,mobility,severe,True,0.0386286863932069,80,80,2,2,eligible,0.9558144046464407,80,eligible,0.09183031779610802
131,indoor,mobility,severe,True,-0.2458228324967868,80,74,2,1,eligible,0.9473445763804097,80,eligible,0.09630707317433126
132,indoor,mobility,severe,True,-0.7340697468378332,80,77,2,1,eligible,0.9778942160793292,80,eligible,0.08276563356851367
133,indoor,mobility,severe,True,-0.45305377219918685,80,64,2,1,eligible,0.953441709799491,80,eligible,0.09839597710273608
134,indoor,mobility,severe,True,-0.5300192137139409,80,80,2,2,eligible,0.9681756099242474,80,eligible,0.011399986639445999
135,indoor,adaptation_mismatch,mild,True,-0.8524089776000828,80,80,1,1,eligible,0.9710778292621534,80,eligible,0.0851764468430722
136,indoor,adaptation_mismatch,mild,True,-0.46292373942181153,80,80,2,2,eligible,0.9695967278592348,80,eligible,0.07246004824005248
137,indoor,adaptation_mismatch,mild,True,-0.76833274636147,80,80,1,1,eligible,0.9467193295426847,80,eligible,0.051040241092959994
138,indoor,adaptation_mismatch,mild,True,-0.5390450443525885,80,75,3,2,eligible,0.8959162137358649,80,eligible,0.08662214735707396
139,indoor,adaptation_mismatch,mild,True,-0.8824923530485362,80,80,1,1,eligible,0.9821068362129478,80,eligible,0.09497595324382137
140,indoor,adaptation_mismatch,mild,True,-0.7223540520681138,80,80,2,2,eligible,0.9608231333928068,80,eligible,0.09031135583541736
141,indoor,adaptation_mismatch,mild,True,-0.7200855912480483,80,80,1,1,eligible,0.9403825672839976,80,eligible,0.07128520347081117
142,indoor,adaptation_mismatch,mild,True,-0.7090240645298114,80,80,1,1,eligible,0.9924189379516546,80,eligible,0.013787300030752774
143,indoor,adaptation_mismatch,mild,True,-0.8976096701198544,80,76,2,1,eligible,0.9811310111968164,80,eligible,0.06143665103939917
144,indoor,adaptation_mismatch,mild,True,-0.69147195473877,80,80,1,1,eligible,0.9938216643653243,80,eligible,0.04618422862122905
145,indoor,adaptation_mismatch,mild,True,-0.7191711737519166,80,79,2,1,eligible,0.9674594101384992,80,eligible,0.05771767381113648
146,indoor,adaptation_mismatch,mild,True,-0.5588896957617845,80,80,1,1,eligible,0.9989959880970495,80,eligible,0.002564634892311295
147,indoor,adaptation_mismatch,mild,True,-0.22906023150735252,80,80,2,2,eligible,0.9163521865306932,80,eligible,0.08184271382987127
148,indoor,adaptation_mismatch,mild,True,-0.48972159336127685,80,80,2,2,eligible,0.8950117463215181,80,eligible,0.09712562179111159
149,indoor,adaptation_mismatch,mild,True,-0.7750643591770541,80,80,2,2,eligible,0.93490292534337,80,eligible,0.11310853827096574
150,indoor,adaptation_mismatch,moderate,True,-0.5167944518677412,80,80,2,2,eligible,0.909747183215408,80,eligible,0.12855123069639643
151,indoor,adaptation_mismatch,moderate,True,-0.7808752676411072,80,80,3,3,eligible,0.8902798477963797,80,eligible,0.032574783205177586
152,indoor,adaptation_mismatch,moderate,True,-0.5520585869760317,80,80,3,3,eligible,0.9135940737252407,80,eligible,0.06916486095809174
153,indoor,adaptation_mismatch,moderate,True,-0.7736960206131374,80,80,2,2,eligible,0.9585838257339094,80,eligible,0.12090493409898247
154,indoor,adaptation_mismatch,moderate,True,-0.5816260018480287,80,80,3,3,eligible,0.9797980990768834,80,eligible,0.08877043639534613
155,indoor,adaptation_mismatch,moderate,True,-0.5066697749813777,80,80,2,2,eligible,0.973137706138427,80,eligible,0.029364462671689538
156,indoor,adaptation_mismatch,moderate,True,-0.7379951913651978,80,80,2,2,eligible,0.9678360417887011,80,eligible,0.09270817571267057
157,indoor,adaptation_mismatch,moderate,True,-0.8156277297231312,80,80,3,3,eligible,0.9685319197385167,80,eligible,0.04182144421001356
158,indoor,adaptation_mismatch,moderate,True,-0.4833591237233163,80,80,2,2,eligible,0.9431664918128565,80,eligible,0.12153875118505378
159,indoor,adaptation_mismatch,moderate,True,-0.5475173701225654,80,74,3,2,eligible,0.9529331332433387,80,eligible,0.03008765559151098
160,indoor,adaptation_mismatch,moderate,True,-0.8460329552484327,80,80,2,2,eligible,0.9739237403849358,80,eligible,0.07860712390741634
161,indoor,adaptation_mismatch,moderate,True,-0.8188251012283154,80,80,2,2,eligible,0.9701825231859752,80,eligible,0.07340304155277197
162,indoor,adaptation_mismatch,moderate,True,-0.3425035075613739,80,80,2,2,eligible,0.9902123053480734,80,eligible,0.015405712071533397
163,indoor,adaptation_mismatch,moderate,True,-0.8170655079574892,80,80,2,2,eligible,0.9534751803154787,80,eligible,0.12058095127781424
164,indoor,adaptation_mismatch,moderate,True,-0.47918099512172396,80,80,2,2,eligible,0.9859713534668775,80,eligible,0.053626689246866276
165,indoor,adaptation_mismatch,severe,True,-0.7255146477557711,80,65,4,1,eligible,0.9493405443597203,80,eligible,0.03886520323895828
166,indoor,adaptation_mismatch,severe,True,-0.8053140945787647,80,73,3,2,eligible,0.8686276823991929,80,eligible,0.09982422980238777
167,indoor,adaptation_mismatch,severe,True,-0.5891834089209075,80,80,2,2,eligible,0.9891230143882568,80,eligible,0.0162732307424402
168,indoor,adaptation_mismatch,severe,True,-0.7582643952969763,80,80,3,3,eligible,0.9142617727626458,80,eligible,0.09500718781704091
169,indoor,adaptation_mismatch,severe,True,-0.6534367291963604,80,80,2,2,eligible,0.9864625499861632,80,eligible,0.02201366954401425
170,indoor,adaptation_mismatch,severe,True,-0.7502742831579371,80,80,3,3,eligible,0.9258213650642203,80,eligible,0.05583157345113606
171,indoor,adaptation_mismatch,severe,True,-0.5760616089609198,80,74,3,2,eligible,0.9245891124986734,80,eligible,0.09139724405713041
172,indoor,adaptation_mismatch,severe,True,-0.7367347238687755,80,76,3,2,eligible,0.9595492369627666,80,eligible,0.03643284259394795
173,indoor,adaptation_mismatch,severe,True,-0.6886981015215654,80,80,2,2,eligible,0.9923458115984024,80,eligible,0.020113596781070914
174,indoor,adaptation_mismatch,severe,True,-0.4088192482672526,80,76,3,2,eligible,0.935104496648061,80,eligible,0.048318418240108615
175,indoor,adaptation_mismatch,severe,True,-0.4232491633225022,80,80,3,3,eligible,0.8956928022138475,80,eligible,0.0662327724833277
176,indoor,adaptation_mismatch,severe,True,-0.781678621522953,80,73,3,2,eligible,0.9191379188654215,80,eligible,0.09423383179928771
177,indoor,adaptation_mismatch,severe,True,-0.7804013925364962,80,75,4,2,eligible,0.961808906848123,80,eligible,0.05651282879888701
178,indoor,adaptation_mismatch,severe,True,-0.5737282201354241,80,80,2,2,eligible,0.9661161633600079,80,eligible,0.025250953250619795
179,indoor,adaptation_mismatch,severe,True,-0.7060618856245109,80,80,2,2,eligible,0.9685290311500097,80,eligible,0.016503102376356958
180,indoor,normal,mild,True,-0.785526755100442,80,77,2,1,eligible,0.9519164526821314,80,eligible,0.09284764680550453
181,indoor,normal,mild,True,-0.7974623162199556,80,75,2,1,eligible,0.9240470083835566,80,eligible,0.08727861442472322
182,indoor,normal,mild,True,-0.13422214577179284,80,76,3,1,eligible,0.14375466616675123,80,eligible,0.0035433613684088304
183,indoor,normal,mild,True,-0.11299671925341438,80,80,1,1,eligible,0.9936340227384636,80,eligible,0.004465255658919186
184,indoor,normal,mild,True,-0.8485249399697818,80,80,1,1,eligible,0.9772971173065393,80,eligible,0.06406302579415948
185,indoor,normal,mild,True,-0.5891925757663913,80,80,1,1,eligible,0.8527316134876757,80,eligible,0.09961048551832744
186,indoor,normal,mild,False,nan,80,0,3,0,too_few_retained_rows,nan,80,constant_outcome,1.970042381652104e-06
187,indoor,normal,mild,True,-0.8023023494951812,80,79,3,2,eligible,0.9515529477481176,80,eligible,0.05502701012636235
188,indoor,normal,mild,True,-0.16299713668764965,80,80,1,1,eligible,0.9969217463983175,80,eligible,0.0027183677090084806
189,indoor,normal,mild,False,nan,80,0,1,0,too_few_retained_rows,nan,80,constant_predictor,0.0
190,indoor,normal,mild,True,-0.1716081129189715,80,79,2,1,eligible,0.7933739768392528,80,eligible,0.14553935205351248
191,indoor,normal,mild,True,-0.3770447204719328,80,80,1,1,eligible,0.980763178365286,80,eligible,0.011997182781682898
192,indoor,normal,mild,True,-0.294868954318103,80,80,1,1,eligible,0.6864757772775403,80,eligible,0.12633823290391638
193,indoor,normal,mild,True,-0.24808121846080106,80,80,1,1,eligible,0.9991449335760044,80,eligible,0.0009355765119996903
194,indoor,normal,mild,True,-0.8136995280935617,80,80,1,1,eligible,0.9303864278815469,80,eligible,0.16336665220646368
195,indoor,normal,moderate,True,-0.8016646227890546,80,79,3,2,eligible,0.9533772410725168,80,eligible,0.0604291391636116
196,indoor,normal,moderate,True,-0.42999987363604747,80,75,3,1,eligible,0.45035493615862876,80,eligible,0.029346618691732867
197,indoor,normal,moderate,True,-0.6033028161351628,80,79,2,1,eligible,0.7689163071650897,80,eligible,0.14114167088917648
198,indoor,normal,moderate,True,-0.032882366496310864,80,80,1,1,eligible,0.9993250083604849,80,eligible,0.001801742085731642
199,indoor,normal,moderate,True,-0.6149019537185887,80,80,1,1,eligible,0.8849594688373752,80,eligible,0.14217336396646602
200,indoor,normal,moderate,True,-0.4408749792457023,80,80,1,1,eligible,0.7707586453149464,80,eligible,0.14382051676142593
201,indoor,normal,moderate,True,-0.26870009815455215,80,80,1,1,eligible,0.9973863057645568,80,eligible,0.003130159116204767
202,indoor,normal,moderate,True,-0.26682512032102407,80,80,2,2,eligible,0.9782617335266162,80,eligible,0.03732227143813691
203,indoor,normal,moderate,True,-0.032766225693530625,80,80,1,1,eligible,0.9998377018572449,80,eligible,0.000900871042865821
204,indoor,normal,moderate,True,-0.8038804913987913,80,80,1,1,eligible,0.9590949936963473,80,eligible,0.08238833382134281
205,indoor,normal,moderate,False,nan,80,0,1,0,too_few_retained_rows,nan,80,constant_predictor,0.0
206,indoor,normal,moderate,True,-0.3628220515152452,80,80,1,1,eligible,0.9912632983138592,80,eligible,0.006199438717700326
207,indoor,normal,moderate,True,-0.6297909532571636,80,79,2,1,eligible,0.828212521477994,80,eligible,0.1022274313595802
208,indoor,normal,moderate,True,-0.29824623530438665,80,80,1,1,eligible,0.9135809318516181,80,eligible,0.03335882860382023
209,indoor,normal,moderate,True,-0.44115012074232385,80,77,2,1,eligible,0.9551008706779575,80,eligible,0.04795857913578978
210,indoor,normal,severe,True,-0.5885500138286517,80,78,3,2,eligible,0.8700845499082197,80,eligible,0.04638642365745724
211,indoor,normal,severe,True,-0.1332654967742372,80,80,1,1,eligible,0.778075061731854,80,eligible,0.11455667817127106
212,indoor,normal,severe,True,0.007308231255564866,80,80,1,1,eligible,1.0,80,eligible,8.94272630945353e-06
213,indoor,normal,severe,True,-0.3799347780484839,80,80,2,2,eligible,0.9560470301276249,80,eligible,0.030088639612548217
214,indoor,normal,severe,True,-0.21912047121001269,80,80,1,1,eligible,0.911801094821572,80,eligible,0.03991910752333857
215,indoor,normal,severe,False,nan,80,0,1,0,too_few_retained_rows,nan,80,constant_predictor,0.0
216,indoor,normal,severe,True,-0.6099279320265723,80,80,2,2,eligible,0.9698424038460679,80,eligible,0.07169031441737599
217,indoor,normal,severe,True,-0.4872591639155214,80,75,2,1,eligible,0.8631860847067891,80,eligible,0.13585448296877858
218,indoor,normal,severe,True,-0.5936152075914557,80,80,2,2,eligible,0.9155069809210242,80,eligible,0.08723368376106043
219,indoor,normal,severe,False,nan,80,0,1,0,too_few_retained_rows,nan,80,constant_predictor,0.0
220,indoor,normal,severe,True,-0.5377554628819188,80,80,1,1,eligible,0.9875318937965832,80,eligible,0.013705632162390952
221,indoor,normal,severe,True,-0.5939496460101007,80,78,3,2,eligible,0.9591363470489521,80,eligible,0.05054357644966538
222,indoor,normal,severe,True,-0.7505678608910692,80,75,2,1,eligible,0.9310628211847819,80,eligible,0.08544694682472061
223,indoor,normal,severe,True,-0.3055162344149228,80,75,2,1,eligible,0.954708154812353,80,eligible,0.02892907703779004
224,indoor,normal,severe,False,nan,80,0,1,0,too_few_retained_rows,nan,80,constant_predictor,0.0
225,indoor,nonphysical_goodput,mild,True,-0.26678364951546785,80,80,1,1,eligible,0.9969196293503655,80,eligible,0.006401643641890023
226,indoor,nonphysical_goodput,mild,True,-0.6861364772825768,80,80,1,1,eligible,0.9082241859774061,80,eligible,0.18333634853973652
227,indoor,nonphysical_goodput,mild,True,-0.41306431973005536,80,80,1,1,eligible,0.9979350672011478,80,eligible,0.0030964965298546617
228,indoor,nonphysical_goodput,mild,True,-0.5592434392602539,80,80,2,2,eligible,0.8275856455943847,80,eligible,0.15247654025131496
229,indoor,nonphysical_goodput,mild,False,nan,80,0,1,0,too_few_retained_rows,nan,80,constant_predictor,0.0
230,indoor,nonphysical_goodput,mild,True,-0.2337035081408413,80,80,1,1,eligible,0.9676245549745913,80,eligible,0.012589916472273043
231,indoor,nonphysical_goodput,mild,True,-0.46598668607569343,80,80,1,1,eligible,0.8610070876700514,80,eligible,0.14308126548027592
232,indoor,nonphysical_goodput,mild,True,-0.2630704811639888,80,80,1,1,eligible,0.9392976222408148,80,eligible,0.025858669142928153
233,indoor,nonphysical_goodput,mild,True,-0.262777565781785,80,80,1,1,eligible,0.9309223039006548,80,eligible,0.025415244042516483
234,indoor,nonphysical_goodput,mild,True,-0.5412359052556976,80,80,2,2,eligible,0.9817162354010435,80,eligible,0.0434483666119186
235,indoor,nonphysical_goodput,mild,True,-0.9035259113979949,80,75,2,1,eligible,0.9796911467841342,80,eligible,0.06933091181603783
236,indoor,nonphysical_goodput,mild,True,-0.8292246503333868,80,80,1,1,eligible,0.971628766860108,80,eligible,0.12317508795467458
237,indoor,nonphysical_goodput,mild,True,-0.16105192676648444,80,80,1,1,eligible,0.8249244472508006,80,eligible,0.07714293873676445
238,indoor,nonphysical_goodput,mild,True,0.18270578138912202,80,80,1,1,eligible,1.0,80,eligible,8.94272630945353e-06
239,indoor,nonphysical_goodput,mild,True,-0.3501938317313881,80,80,2,2,eligible,0.8894490008002508,80,eligible,0.08284163300899834
240,indoor,nonphysical_goodput,moderate,True,-0.5784257571093756,80,80,1,1,eligible,0.831525604846716,80,eligible,0.15379599507187652
241,indoor,nonphysical_goodput,moderate,True,-0.4785108400304533,80,80,1,1,eligible,0.936930338836878,80,eligible,0.040192566714166725
242,indoor,nonphysical_goodput,moderate,True,-0.07373017748392127,80,80,1,1,eligible,0.9966610406330279,80,eligible,0.00441053386495852
243,indoor,nonphysical_goodput,moderate,True,-0.6113644551809625,80,78,2,1,eligible,0.7248193978646532,80,eligible,0.2601070016146805
244,indoor,nonphysical_goodput,moderate,True,-0.5633818267579417,80,80,2,2,eligible,0.9755089400026927,80,eligible,0.03347853017733978
245,indoor,nonphysical_goodput,moderate,True,-0.13901602855010298,80,75,2,1,eligible,0.9321645647006399,80,eligible,0.028277815652222732
246,indoor,nonphysical_goodput,moderate,True,-0.2756282207628737,80,80,1,1,eligible,0.7781006579922723,80,eligible,0.13816612236224862
247,indoor,nonphysical_goodput,moderate,True,-0.7972358671436935,80,80,2,2,eligible,0.9478487728708165,80,eligible,0.10463856390255519
248,indoor,nonphysical_goodput,moderate,True,-0.2885411633725326,80,75,2,1,eligible,0.9032617529745739,80,eligible,0.05388430487110163
249,indoor,nonphysical_goodput,moderate,True,-0.3054501360015505,80,80,1,1,eligible,0.7227387519050172,80,eligible,0.14989632464609773
250,indoor,nonphysical_goodput,moderate,True,-0.5614134970247429,80,80,1,1,eligible,0.8799057691716416,80,eligible,0.06229696969917613
251,indoor,nonphysical_goodput,moderate,True,-0.7193325374117735,80,74,2,1,eligible,0.9190566501611851,80,eligible,0.06969812618196213
252,indoor,nonphysical_goodput,moderate,True,0.052007206617858064,80,80,1,1,eligible,0.9939023821727936,80,eligible,0.004938713056037973
253,indoor,nonphysical_goodput,moderate,True,-0.1275893772423624,80,80,1,1,eligible,0.6618651850751991,80,eligible,0.21501689048577646
254,indoor,nonphysical_goodput,moderate,True,-0.29482289473072615,80,80,1,1,eligible,0.9192816482305343,80,eligible,0.03262368149599464
255,indoor,nonphysical_goodput,severe,True,-0.36641577590188823,80,80,2,2,eligible,0.8649776827451383,80,eligible,0.09725691880839187
256,indoor,nonphysical_goodput,severe,True,-0.35935995056458125,80,80,1,1,eligible,0.5918459458649346,80,eligible,0.1467150609686399
257,indoor,nonphysical_goodput,severe,True,-0.6769034116635658,80,80,1,1,eligible,0.8596714087630668,80,eligible,0.128709775977696
258,indoor,nonphysical_goodput,severe,True,-0.4666090957159563,80,80,1,1,eligible,0.8230215720445836,80,eligible,0.1119643007739084
259,indoor,nonphysical_goodput,severe,True,-0.24369154472952775,80,80,1,1,eligible,0.9983378889350523,80,eligible,0.005519235489925838
260,indoor,nonphysical_goodput,severe,False,nan,80,0,1,0,too_few_retained_rows,nan,80,constant_predictor,0.0
261,indoor,nonphysical_goodput,severe,False,nan,80,0,1,0,too_few_retained_rows,nan,80,constant_predictor,0.0
262,indoor,nonphysical_goodput,severe,True,-0.3281182597318925,80,80,1,1,eligible,0.8844322135667688,80,eligible,0.06342894433910334
263,indoor,nonphysical_goodput,severe,True,-0.42022215855494177,80,80,2,2,eligible,0.9644216229854703,80,eligible,0.04684815545762948
264,indoor,nonphysical_goodput,severe,True,-0.49890195885240896,80,80,1,1,eligible,0.6710454135355101,80,eligible,0.07634620564834177
265,indoor,nonphysical_goodput,severe,True,-0.15628978677665942,80,80,1,1,eligible,0.24337169077526236,80,eligible,0.1806416771863665
266,indoor,nonphysical_goodput,severe,True,-0.3898325690683689,80,80,2,2,eligible,0.9606713576732463,80,eligible,0.11047978460469868
267,indoor,nonphysical_goodput,severe,True,-0.8347000294131223,80,78,3,2,eligible,0.8350644612397742,80,eligible,0.08523670045405393
268,indoor,nonphysical_goodput,severe,True,-0.3697446228445449,80,80,1,1,eligible,0.7431800854949017,80,eligible,0.14386486119397854
269,indoor,nonphysical_goodput,severe,True,-0.3305399445362297,80,80,1,1,eligible,0.6614408208584148,80,eligible,0.14978934153866305
270,urban,interference,mild,True,-0.6760181359159566,80,80,2,2,eligible,0.8184591425766918,80,eligible,0.14112154639846947
271,urban,interference,mild,True,-0.8408139230264836,80,80,2,2,eligible,0.9588994901953009,80,eligible,0.06854235766129935
272,urban,interference,mild,True,-0.5856644009301071,80,80,3,3,eligible,0.9811872849640239,80,eligible,0.0945567867240654
273,urban,interference,mild,True,-0.6752679767882499,80,74,3,2,eligible,0.790520301631573,80,eligible,0.06833132658632163
274,urban,interference,mild,True,-0.48324999650058964,80,80,3,3,eligible,0.8868144562940025,80,eligible,0.15502015190974539
275,urban,interference,mild,True,-0.6413035614840468,80,80,2,2,eligible,0.9591674491298523,80,eligible,0.06140691602297206
276,urban,interference,mild,True,-0.7515368646322139,80,80,2,2,eligible,0.9090436152423699,80,eligible,0.07855121831976737
277,urban,interference,mild,True,-0.6425599772862998,80,80,3,3,eligible,0.783100995216232,80,eligible,0.03934298446651578
278,urban,interference,mild,True,-0.45288639107084655,80,80,3,3,eligible,0.950008202702252,80,eligible,0.09107489642733359
279,urban,interference,mild,True,-0.7891415857553045,80,80,2,2,eligible,0.7365217074307917,80,eligible,0.16374603883764594
280,urban,interference,mild,True,-0.12413408160921213,80,79,2,1,eligible,0.17298986096193156,80,eligible,0.0016549847890650338
281,urban,interference,mild,True,-0.8490951857558584,80,80,2,2,eligible,0.9161000336283612,80,eligible,0.08142872287585168
282,urban,interference,mild,True,-0.8117371274798887,80,75,4,3,eligible,0.9392234008253365,80,eligible,0.05909925001112204
283,urban,interference,mild,True,-0.6304928317027872,80,80,4,4,eligible,0.9249276597247831,80,eligible,0.05383549772606415
284,urban,interference,mild,True,-0.6990956374715904,80,80,3,3,eligible,0.9449837882062097,80,eligible,0.06975319636995589
285,urban,interference,moderate,True,-0.6141831055895076,80,80,3,3,eligible,0.8323972325799447,80,eligible,0.11861761708024927
286,urban,interference,moderate,True,-0.6465063482682432,80,73,4,3,eligible,0.9321832398968944,80,eligible,0.08702984726836165
287,urban,interference,moderate,True,-0.5942278755404817,80,80,2,2,eligible,0.6847784971856866,80,eligible,0.01739056037823905
288,urban,interference,moderate,True,-0.5415913995127187,80,73,4,3,eligible,0.8032366959772317,80,eligible,0.08799432181140016
289,urban,interference,moderate,True,-0.5441683233840426,80,80,4,4,eligible,0.9058644136625895,80,eligible,0.0901501725979551
290,urban,interference,moderate,True,-0.6258129216844693,80,80,4,4,eligible,0.9737801488371667,80,eligible,0.09907957036789697
291,urban,interference,moderate,True,-0.6275085957756285,80,80,3,3,eligible,0.913462548262435,80,eligible,0.063995781390801
292,urban,interference,moderate,True,-0.5007768403063898,80,77,4,3,eligible,0.8526718617267716,80,eligible,0.05239848727929146
293,urban,interference,moderate,True,-0.5484886667999432,80,76,4,3,eligible,0.8014936969697317,80,eligible,0.08169095631953252
294,urban,interference,moderate,True,-0.462624156804933,80,80,2,2,eligible,0.5135346825274958,80,eligible,0.023738299727550937
295,urban,interference,moderate,True,-0.47928013416616694,80,75,3,2,eligible,0.807253521322242,80,eligible,0.05604421742681829
296,urban,interference,moderate,True,-0.6436792822543871,80,80,3,3,eligible,0.7636316317700943,80,eligible,0.04179761223344612
297,urban,interference,moderate,True,-0.8041529866132285,80,54,4,2,eligible,0.9548958613896511,80,eligible,0.06597729620519407
298,urban,interference,moderate,True,-0.31074067036287095,80,73,4,3,eligible,0.9385365323655795,80,eligible,0.12749412163244797
299,urban,interference,moderate,True,-0.6528444792695269,80,80,3,3,eligible,0.9424769580930557,80,eligible,0.07520684954143719
300,urban,interference,severe,True,-0.4496246695587545,80,74,4,3,eligible,0.941699534549107,80,eligible,0.057873031838063714
301,urban,interference,severe,True,-0.5897898308204892,80,75,3,2,eligible,0.786221493969493,80,eligible,0.030592531601645635
302,urban,interference,severe,True,-0.5950483760331854,80,80,2,2,eligible,0.94201146584722,80,eligible,0.040408794186231785
303,urban,interference,severe,True,-0.7620979381419392,80,80,3,3,eligible,0.9254657365815485,80,eligible,0.04414765886131503
304,urban,interference,severe,True,-0.6406033048468265,80,80,2,2,eligible,0.9335496324458638,80,eligible,0.042373452478099226
305,urban,interference,severe,True,-0.7467743103711598,80,80,3,3,eligible,0.9161540660544149,80,eligible,0.08970343322217528
306,urban,interference,severe,True,-0.6329762930518082,80,74,3,2,eligible,0.958794130709706,80,eligible,0.09104358053942066
307,urban,interference,severe,True,-0.5060733642326751,80,80,2,2,eligible,0.5948603548464031,80,eligible,0.026037604537031734
308,urban,interference,severe,True,-0.5191850769702906,80,80,2,2,eligible,0.69865289814972,80,eligible,0.05195795612758308
309,urban,interference,severe,True,-0.6987302414832608,80,80,2,2,eligible,0.8507278242603699,80,eligible,0.03318863591475293
310,urban,interference,severe,True,-0.551701768114208,80,73,4,2,eligible,0.9690203155138343,80,eligible,0.04015831868300216
311,urban,interference,severe,True,-0.593884084061273,80,69,4,2,eligible,0.9647012140320452,80,eligible,0.05255918232426669
312,urban,interference,severe,True,-0.5625721972114041,80,80,3,3,eligible,0.8489407231605338,80,eligible,0.057393808508556486
313,urban,interference,severe,True,-0.6935636086376453,80,73,3,2,eligible,0.837371907100333,80,eligible,0.06395998201245269
314,urban,interference,severe,True,-0.7118995522026759,80,80,3,3,eligible,0.930940194967766,80,eligible,0.03365249924495546
315,urban,blockage,mild,True,-0.6635046945903457,80,80,1,1,eligible,0.8947890336965656,80,eligible,0.09028091622195228
316,urban,blockage,mild,True,-0.47136656481719397,80,80,2,2,eligible,0.9053909070548335,80,eligible,0.07553321461406284
317,urban,blockage,mild,True,-0.6709707296273933,80,80,3,3,eligible,0.7524365989448035,80,eligible,0.07393699398856196
318,urban,blockage,mild,True,-0.814847452170009,80,75,3,2,eligible,0.8599511873910114,80,eligible,0.06258354218136439
319,urban,blockage,mild,True,-0.6968711436490204,80,74,3,1,eligible,0.9133807173598263,80,eligible,0.06084605773772016
320,urban,blockage,mild,True,-0.6121647003482649,80,80,1,1,eligible,0.7792522620470024,80,eligible,0.2037611837091274
321,urban,blockage,mild,True,-0.7904160890539536,80,80,2,2,eligible,0.9753049791484559,80,eligible,0.10066812869504185
322,urban,blockage,mild,True,-0.6123381541535619,80,80,2,2,eligible,0.8954078169280709,80,eligible,0.10115174580291135
323,urban,blockage,mild,True,-0.6576030474258588,80,80,3,3,eligible,0.8215627742907382,80,eligible,0.03685794645438486
324,urban,blockage,mild,True,-0.6001260724306394,80,80,2,2,eligible,0.7026392232157483,80,eligible,0.14655736214828557
325,urban,blockage,mild,True,-0.6554351242249845,80,80,2,2,eligible,0.8758848557460216,80,eligible,0.0921882751358157
326,urban,blockage,mild,True,-0.6995512846176833,80,80,3,3,eligible,0.7788314045860988,80,eligible,0.06764470232599577
327,urban,blockage,mild,True,-0.8481650185560375,80,73,2,1,eligible,0.9360491177302779,80,eligible,0.1280682656824168
328,urban,blockage,mild,True,-0.6702651155461923,80,80,2,2,eligible,0.9842033264543055,80,eligible,0.06865986550555649
329,urban,blockage,mild,True,-0.8377127818838755,80,76,3,2,eligible,0.8404924300815911,80,eligible,0.08365307277471083
330,urban,blockage,moderate,True,-0.661276451865284,80,80,2,2,eligible,0.8842221396123944,80,eligible,0.0821237729483594
331,urban,blockage,moderate,True,-0.6575888849629321,80,79,3,2,eligible,0.7413035144276138,80,eligible,0.030432126871759523
332,urban,blockage,moderate,True,-0.8609841228057145,80,80,2,2,eligible,0.8912027790337135,80,eligible,0.09279696714055827
333,urban,blockage,moderate,True,-0.8294400729466146,80,80,3,3,eligible,0.9736103029022336,80,eligible,0.05880567875912546
334,urban,blockage,moderate,True,-0.7039892915811209,80,80,3,3,eligible,0.9323358623715436,80,eligible,0.04688310372849676
335,urban,blockage,moderate,True,-0.5682402530806153,80,78,3,2,eligible,0.724240649608104,80,eligible,0.027749044103989533
336,urban,blockage,moderate,True,-0.7627120061093802,80,80,3,3,eligible,0.9576039750431725,80,eligible,0.04971678203816995
337,urban,blockage,moderate,True,-0.6136586765865806,80,80,4,4,eligible,0.9327639119677119,80,eligible,0.06654666778993036
338,urban,blockage,moderate,True,-0.6464426100359993,80,80,3,3,eligible,0.897873538270476,80,eligible,0.08485997298426387
339,urban,blockage,moderate,True,-0.5599664560278225,80,80,3,3,eligible,0.8767449469839691,80,eligible,0.07451694862959471
340,urban,blockage,moderate,True,-0.7849248166916695,80,54,3,2,eligible,0.9105824861000256,80,eligible,0.0425253169471834
341,urban,blockage,moderate,True,-0.5475945867300525,80,80,2,2,eligible,0.8059090957667906,80,eligible,0.02330412959002372
342,urban,blockage,moderate,True,-0.7392151062746346,80,80,3,3,eligible,0.9195607116442134,80,eligible,0.15962993201787723
343,urban,blockage,moderate,True,-0.7527185027184423,80,80,2,2,eligible,0.9218501897235903,80,eligible,0.11489917060994034
344,urban,blockage,moderate,True,-0.5953563374271272,80,80,2,2,eligible,0.8980859639553372,80,eligible,0.06383907156498962
345,urban,blockage,severe,True,-0.552630228246609,80,80,3,3,eligible,0.934181936928428,80,eligible,0.08600253201862137
346,urban,blockage,severe,True,-0.8020553300113168,80,80,3,3,eligible,0.9511631045649104,80,eligible,0.050915396188432535
347,urban,blockage,severe,True,-0.7749463156575431,80,80,4,4,eligible,0.913222013573398,80,eligible,0.05438411997870414
348,urban,blockage,severe,True,-0.691223437602346,80,73,4,3,eligible,0.8270884350491924,80,eligible,0.08337136796337652
349,urban,blockage,severe,True,-0.6375520229406724,80,80,3,3,eligible,0.9647996686983243,80,eligible,0.06875895894133863
350,urban,blockage,severe,True,-0.547531873296775,80,80,2,2,eligible,0.8987623972017569,80,eligible,0.10595954267491998
351,urban,blockage,severe,True,-0.48509174570009395,80,80,3,3,eligible,0.8052712577247098,80,eligible,0.10213852516984483
352,urban,blockage,severe,True,-0.6350027051837225,80,80,3,3,eligible,0.9011988004687264,80,eligible,0.024487461569337027
353,urban,blockage,severe,True,-0.7528995457726629,80,80,4,4,eligible,0.9239326375214069,80,eligible,0.06112556568994208
354,urban,blockage,severe,True,-0.7285789436369807,80,80,3,3,eligible,0.9412438342700096,80,eligible,0.0924607159704473
355,urban,blockage,severe,True,-0.9120245929043617,80,57,3,2,eligible,0.9460281659435098,80,eligible,0.07663913499493986
356,urban,blockage,severe,True,-0.6250008483751821,80,76,4,3,eligible,0.8439766035320767,80,eligible,0.07283983230861994
357,urban,blockage,severe,True,-0.5472930892837258,80,80,4,4,eligible,0.7769471259755567,80,eligible,0.04511893688525277
358,urban,blockage,severe,True,-0.42696668990839637,80,78,3,2,eligible,0.9482941268479874,80,eligible,0.06494948192121244
359,urban,blockage,severe,True,-0.7057629334789576,80,73,4,3,eligible,0.9078804211956819,80,eligible,0.05393258250603444
360,urban,mobility,mild,True,-0.39712736237625545,80,73,3,2,eligible,0.932930685134027,80,eligible,0.08432817053866494
361,urban,mobility,mild,True,-0.2151617314021749,80,76,3,2,eligible,0.7748037178388004,80,eligible,0.035866750438559504
362,urban,mobility,mild,True,-0.2203175849211654,80,78,2,1,eligible,0.9320597193569206,80,eligible,0.046408481999976305
363,urban,mobility,mild,True,-0.24153473442182155,80,80,2,2,eligible,0.8955838711836629,80,eligible,0.07101277181156977
364,urban,mobility,mild,True,-0.5205427428161873,80,80,3,3,eligible,0.949605287589583,80,eligible,0.05896203516675913
365,urban,mobility,mild,True,-0.4333157549130226,80,76,2,1,eligible,0.9591146042605667,80,eligible,0.055076272530174095
366,urban,mobility,mild,True,-0.2693984425608878,80,80,3,3,eligible,0.7380889383174242,80,eligible,0.05562948043053371
367,urban,mobility,mild,True,-0.5646626668755954,80,80,2,2,eligible,0.8790240315392717,80,eligible,0.0613021455462716
368,urban,mobility,mild,True,-0.5916817226130748,80,80,2,2,eligible,0.9413837390413426,80,eligible,0.07269572889462204
369,urban,mobility,mild,True,-0.3347607142436407,80,79,3,2,eligible,0.8715292236917299,80,eligible,0.057735595029680974
370,urban,mobility,mild,True,-0.3024685850581813,80,80,2,2,eligible,0.9392651351748664,80,eligible,0.0557304970583089
371,urban,mobility,mild,True,-0.5166427026600441,80,80,2,2,eligible,0.9719933993900807,80,eligible,0.08030919054567884
372,urban,mobility,mild,True,-0.10575476732811398,80,78,3,2,eligible,0.7521995851055034,80,eligible,0.047188233437781675
373,urban,mobility,mild,True,-0.5463252385081867,80,80,2,2,eligible,0.9040320043541367,80,eligible,0.07568499117263063
374,urban,mobility,mild,True,-0.1271836038039252,80,80,2,2,eligible,0.7503765075311117,80,eligible,0.07648953947600223
375,urban,mobility,moderate,True,-0.4484392020762134,80,79,2,1,eligible,0.9530948937340351,80,eligible,0.09343749326611792
376,urban,mobility,moderate,True,-0.5489399339420505,80,79,3,2,eligible,0.9665776765563222,80,eligible,0.04463955702807441
377,urban,mobility,moderate,True,-0.38794778669987007,80,80,3,3,eligible,0.9022022314799067,80,eligible,0.04426734284881598
378,urban,mobility,moderate,True,-0.28734023761212407,80,80,2,2,eligible,0.9299346310197701,80,eligible,0.07806170193078997
379,urban,mobility,moderate,True,-0.5136133239939398,80,80,2,2,eligible,0.8946153728690354,80,eligible,0.05760916111930604
380,urban,mobility,moderate,True,-0.18859613491915328,80,80,2,2,eligible,0.9164237812583758,80,eligible,0.04546859562053111
381,urban,mobility,moderate,True,-0.3714770370079579,80,76,3,2,eligible,0.8876990450440659,80,eligible,0.05886137145022437
382,urban,mobility,moderate,True,-0.24570604368664892,80,80,2,2,eligible,0.9309658326449213,80,eligible,0.05884726190755159
383,urban,mobility,moderate,True,-0.3621848352165721,80,42,4,2,eligible,0.7936509393421761,80,eligible,0.057237053226655135
384,urban,mobility,moderate,True,-0.3645310222184628,80,80,2,2,eligible,0.8755491022043256,80,eligible,0.05076811617170747
385,urban,mobility,moderate,True,-0.2980571415182113,80,79,3,2,eligible,0.8324754468102241,80,eligible,0.039497047377462804
386,urban,mobility,moderate,True,-0.47293946138456805,80,80,2,2,eligible,0.9480058095096815,80,eligible,0.04105713120145495
387,urban,mobility,moderate,True,-0.5468537637777521,80,80,2,2,eligible,0.9483931170022464,80,eligible,0.06597838548670953
388,urban,mobility,moderate,True,-0.44436405668737494,80,80,3,3,eligible,0.9295038666502582,80,eligible,0.05531110967538958
389,urban,mobility,moderate,True,-0.21309840502757926,80,80,2,2,eligible,0.9489277861163699,80,eligible,0.06135854592414467
390,urban,mobility,severe,True,-0.16362269728021914,80,80,2,2,eligible,0.37758653474626613,80,eligible,0.019009581695085553
391,urban,mobility,severe,True,-0.3316230231419568,80,80,2,2,eligible,0.8310062585532887,80,eligible,0.09265585060557871
392,urban,mobility,severe,True,-0.3104341637532783,80,80,2,2,eligible,0.9356542310706554,80,eligible,0.07424462041071825
393,urban,mobility,severe,True,-0.30991972630582604,80,80,2,2,eligible,0.7655477660316771,80,eligible,0.032578977972670085
394,urban,mobility,severe,True,-0.5304569664694083,80,79,2,1,eligible,0.9481064607976353,80,eligible,0.19160825714768454
395,urban,mobility,severe,True,-0.223282229290859,80,80,2,2,eligible,0.7729597989346055,80,eligible,0.05715314609283245
396,urban,mobility,severe,True,-0.24575015068921527,80,60,3,2,eligible,0.8801433103536929,80,eligible,0.03111492555758328
397,urban,mobility,severe,True,-0.2216800324311281,80,79,3,2,eligible,0.6787644810238432,80,eligible,0.04567841103636141
398,urban,mobility,severe,True,-0.06521929388039611,80,80,2,2,eligible,0.9184239358762972,80,eligible,0.13537229604190476
399,urban,mobility,severe,True,-0.30108928683400127,80,73,3,2,eligible,0.6481905358481224,80,eligible,0.04579968385474144
400,urban,mobility,severe,True,-0.20315240690268524,80,80,2,2,eligible,0.9471444317928445,80,eligible,0.12828818076964837
401,urban,mobility,severe,True,-0.47654960677977165,80,77,2,1,eligible,0.9285890535652266,80,eligible,0.04277259607552831
402,urban,mobility,severe,True,-0.26430954300314075,80,80,3,3,eligible,0.912768583533542,80,eligible,0.050783606205731066
403,urban,mobility,severe,True,-0.5582247833548745,80,80,2,2,eligible,0.9411055910358339,80,eligible,0.08650187452474632
404,urban,mobility,severe,True,-0.6021001952446344,80,70,4,1,eligible,0.9127755473109527,80,eligible,0.0307556721719493
405,urban,adaptation_mismatch,mild,True,-0.77882438001202,80,80,2,2,eligible,0.946797368419986,80,eligible,0.08862136237401497
406,urban,adaptation_mismatch,mild,True,-0.6176742429035051,80,80,3,3,eligible,0.8800184597261876,80,eligible,0.050291944315012424
407,urban,adaptation_mismatch,mild,True,-0.8936134648821176,80,80,1,1,eligible,0.9462688477986015,80,eligible,0.12325726260487124
408,urban,adaptation_mismatch,mild,True,-0.7646469374683137,80,80,2,2,eligible,0.9023913310604339,80,eligible,0.1774405094269214
409,urban,adaptation_mismatch,mild,True,-0.7586024067081131,80,73,3,1,eligible,0.9140421930168403,80,eligible,0.13208444138023812
410,urban,adaptation_mismatch,mild,True,-0.6880375331606206,80,80,2,2,eligible,0.851846587891786,80,eligible,0.03323993333512972
411,urban,adaptation_mismatch,mild,True,-0.574186531825521,80,77,3,2,eligible,0.8385298795356505,80,eligible,0.054389755651968685
412,urban,adaptation_mismatch,mild,True,-0.8024006936075512,80,79,3,2,eligible,0.9091509005496068,80,eligible,0.04111679025125383
413,urban,adaptation_mismatch,mild,True,-0.6947563096762689,80,80,2,2,eligible,0.9670811416651064,80,eligible,0.060081226073061086
414,urban,adaptation_mismatch,mild,True,-0.7538271923444665,80,80,2,2,eligible,0.9338885030604044,80,eligible,0.07182824204698865
415,urban,adaptation_mismatch,mild,True,-0.6070885111921349,80,80,2,2,eligible,0.9389371183912487,80,eligible,0.07564972677932877
416,urban,adaptation_mismatch,mild,True,-0.5723011302986858,80,80,2,2,eligible,0.7145479006616867,80,eligible,0.09018142822776473
417,urban,adaptation_mismatch,mild,True,-0.6810992284008884,80,73,4,3,eligible,0.90623819003482,80,eligible,0.06621815048553659
418,urban,adaptation_mismatch,mild,True,-0.7510169172378887,80,74,3,2,eligible,0.9347470170909113,80,eligible,0.06413839695262055
419,urban,adaptation_mismatch,mild,True,-0.8835351884788313,80,80,2,2,eligible,0.9532621676835605,80,eligible,0.0688377055144081
420,urban,adaptation_mismatch,moderate,True,-0.7087653687727967,80,73,4,2,eligible,0.7607196685811386,80,eligible,0.06602383211647844
421,urban,adaptation_mismatch,moderate,True,-0.37336431483512206,80,80,2,2,eligible,0.3566283578210697,80,eligible,0.02671855696218257
422,urban,adaptation_mismatch,moderate,True,-0.2652674035135026,80,73,2,1,eligible,0.3019812611218167,80,eligible,0.012717002267508128
423,urban,adaptation_mismatch,moderate,True,-0.4223238670626206,80,80,2,2,eligible,0.6501472894393238,80,eligible,0.031974398649512
424,urban,adaptation_mismatch,moderate,True,-0.6248132949360757,80,80,2,2,eligible,0.9899650510205306,80,eligible,0.03485518902840616
425,urban,adaptation_mismatch,moderate,True,-0.7109992049157976,80,80,2,2,eligible,0.9041873268780121,80,eligible,0.17335420082680986
426,urban,adaptation_mismatch,moderate,True,-0.7895465959320658,80,80,3,3,eligible,0.8592602360775292,80,eligible,0.07151476386390176
427,urban,adaptation_mismatch,moderate,True,-0.5229111465799694,80,80,2,2,eligible,0.6273124267937149,80,eligible,0.03691778818421252
428,urban,adaptation_mismatch,moderate,True,-0.5907505135838172,80,80,2,2,eligible,0.8131632836040044,80,eligible,0.046448244605918294
429,urban,adaptation_mismatch,moderate,True,-0.5609752374213882,80,79,3,2,eligible,0.7269132454936797,80,eligible,0.07606503122351552
430,urban,adaptation_mismatch,moderate,True,-0.7851384773808552,80,80,3,3,eligible,0.9301579971167946,80,eligible,0.17288877765207886
431,urban,adaptation_mismatch,moderate,True,-0.7648897964314204,80,80,2,2,eligible,0.8781359292229002,80,eligible,0.1524414055628795
432,urban,adaptation_mismatch,moderate,True,-0.6292682842504674,80,80,3,3,eligible,0.6150987033325799,80,eligible,0.08046092185327283
433,urban,adaptation_mismatch,moderate,True,-0.8142645370375523,80,80,3,3,eligible,0.8875727627840524,80,eligible,0.04934848443103606
434,urban,adaptation_mismatch,moderate,True,-0.688916628141581,80,80,3,3,eligible,0.8923772168438253,80,eligible,0.046398864674183464
435,urban,adaptation_mismatch,severe,True,-0.7243627946735876,80,80,3,3,eligible,0.8510085414588613,80,eligible,0.03566950708484038
436,urban,adaptation_mismatch,severe,True,-0.6484016478428912,80,77,4,3,eligible,0.8585797871108465,80,eligible,0.11606609146769982
437,urban,adaptation_mismatch,severe,True,-0.6740096352486609,80,80,3,3,eligible,0.9657219500936199,80,eligible,0.052576676801530345
438,urban,adaptation_mismatch,severe,True,-0.8034530224799233,80,80,2,2,eligible,0.894949286872269,80,eligible,0.09143588171931107
439,urban,adaptation_mismatch,severe,True,-0.8189221513822003,80,73,4,3,eligible,0.9287894751593084,80,eligible,0.07943104964218277
440,urban,adaptation_mismatch,severe,True,-0.7961334390550352,80,73,4,3,eligible,0.964425444862574,80,eligible,0.05874307859315446
441,urban,adaptation_mismatch,severe,True,-0.8148315216870567,80,80,3,3,eligible,0.9623052197113351,80,eligible,0.08020954280175167
442,urban,adaptation_mismatch,severe,True,-0.7348826051313434,80,80,3,3,eligible,0.8162010157828776,80,eligible,0.15274248924548642
443,urban,adaptation_mismatch,severe,True,-0.7989207521576694,80,80,3,3,eligible,0.9627826159092095,80,eligible,0.04676015577680585
444,urban,adaptation_mismatch,severe,True,-0.729373079361267,80,80,3,3,eligible,0.8310290040459943,80,eligible,0.05338215033270939
445,urban,adaptation_mismatch,severe,True,-0.6644176212626449,80,73,3,2,eligible,0.887257168646831,80,eligible,0.10344682356906323
446,urban,adaptation_mismatch,severe,True,-0.6926489204579686,80,80,3,3,eligible,0.8534243710793583,80,eligible,0.08126748292072865
447,urban,adaptation_mismatch,severe,True,-0.7067013816607568,80,75,4,2,eligible,0.8870588272156891,80,eligible,0.04782789163046542
448,urban,adaptation_mismatch,severe,True,-0.7710600942941971,80,80,3,3,eligible,0.9443378483020108,80,eligible,0.04401256719727924
449,urban,adaptation_mismatch,severe,True,-0.7972032694271648,80,77,4,3,eligible,0.924563719788644,80,eligible,0.06112180083341652
450,urban,normal,mild,True,-0.6507676396683918,80,76,3,2,eligible,0.8643969919011855,80,eligible,0.047761355008375944
451,urban,normal,mild,True,-0.7473303998924276,80,76,2,1,eligible,0.8892453857844024,80,eligible,0.12599330529867897
452,urban,normal,mild,True,-0.7723230734879151,80,80,1,1,eligible,0.8909210299509905,80,eligible,0.18554218703485054
453,urban,normal,mild,True,-0.8541391484079449,80,78,2,1,eligible,0.9726030015839191,80,eligible,0.07776595493481056
454,urban,normal,mild,True,-0.8645266497743705,80,80,3,3,eligible,0.9481225347636005,80,eligible,0.033997114197909184
455,urban,normal,mild,True,-0.5775241096963513,80,80,2,2,eligible,0.26052697039174116,80,eligible,0.060569941894025356
456,urban,normal,mild,True,-0.7250365719736188,80,80,3,3,eligible,0.8919181823305207,80,eligible,0.08984949966377086
457,urban,normal,mild,True,-0.509890748493532,80,80,2,2,eligible,0.7922717562329074,80,eligible,0.05150729123954467
458,urban,normal,mild,True,-0.45440305953146504,80,80,1,1,eligible,0.9583894716271107,80,eligible,0.08304711909771212
459,urban,normal,mild,True,-0.7249854561873208,80,80,2,2,eligible,0.9317991707748724,80,eligible,0.11144934314382
460,urban,normal,mild,True,-0.6981618527344471,80,80,2,2,eligible,0.9582748113940578,80,eligible,0.07586643358541928
461,urban,normal,mild,True,-0.7291598816199001,80,80,1,1,eligible,0.910019255822585,80,eligible,0.1138147086750982
462,urban,normal,mild,True,-0.6849730832782632,80,80,1,1,eligible,0.8247973695542494,80,eligible,0.08258604490940981
463,urban,normal,mild,True,-0.7773936408272707,80,80,2,2,eligible,0.8003770245003924,80,eligible,0.1373526002124562
464,urban,normal,mild,True,-0.5972855137930998,80,80,3,3,eligible,0.9147620094706663,80,eligible,0.06235041184349997
465,urban,normal,moderate,True,-0.9031761940844938,80,80,1,1,eligible,0.9635176612440863,80,eligible,0.07692541781280367
466,urban,normal,moderate,True,-0.7217282345851987,80,80,2,2,eligible,0.962420387361055,80,eligible,0.07085814357148738
467,urban,normal,moderate,True,-0.525761669723097,80,80,1,1,eligible,0.5824497454207372,80,eligible,0.21261950616725284
468,urban,normal,moderate,True,-0.697111044000248,80,74,3,2,eligible,0.9511354229760274,80,eligible,0.08695939092216745
469,urban,normal,moderate,True,-0.6837467882604935,80,80,1,1,eligible,0.9260799920320225,80,eligible,0.17057228027205681
470,urban,normal,moderate,True,-0.8960620649291325,80,78,2,1,eligible,0.9605146964758265,80,eligible,0.08133151447427038
471,urban,normal,moderate,True,-0.8267434067152422,80,80,2,2,eligible,0.9632039373685127,80,eligible,0.056742951756898474
472,urban,normal,moderate,True,-0.7303217698589977,80,79,3,2,eligible,0.8867971851262195,80,eligible,0.08964553603965349
473,urban,normal,moderate,True,-0.7498825889334132,80,80,2,2,eligible,0.937287101139203,80,eligible,0.11161515809885976
474,urban,normal,moderate,True,-0.7446100977831126,80,78,2,1,eligible,0.7900028693707869,80,eligible,0.10586868137123844
475,urban,normal,moderate,True,-0.5638822087206286,80,80,2,2,eligible,0.9086600655292019,80,eligible,0.09481391374891308
476,urban,normal,moderate,True,-0.6412186868647122,80,80,1,1,eligible,0.7645831554194236,80,eligible,0.09366855013084276
477,urban,normal,moderate,True,-0.6430207322550627,80,80,2,2,eligible,0.9412772479800766,80,eligible,0.07390711562499516
478,urban,normal,moderate,True,-0.5884500660223926,80,80,2,2,eligible,0.6982913400104612,80,eligible,0.03654152328329099
479,urban,normal,moderate,True,-0.5762662001880583,80,80,2,2,eligible,0.8044942392021389,80,eligible,0.05810804675558123
480,urban,normal,severe,True,-0.7322583710182151,80,80,2,2,eligible,0.9533845841755747,80,eligible,0.05370175807758369
481,urban,normal,severe,True,-0.6045389573870057,80,80,1,1,eligible,0.7297093093032156,80,eligible,0.3148788129327821
482,urban,normal,severe,True,-0.8141865327950726,80,75,2,1,eligible,0.9288558970470953,80,eligible,0.1295523797776985
483,urban,normal,severe,True,-0.8353093798444621,80,80,3,3,eligible,0.9387100264323184,80,eligible,0.06363912639849978
484,urban,normal,severe,True,-0.723410321921623,80,73,2,1,eligible,0.9458882228980692,80,eligible,0.11501499771676368
485,urban,normal,severe,True,-0.8020002990426731,80,80,2,2,eligible,0.8518720306499018,80,eligible,0.09338803847036682
486,urban,normal,severe,True,-0.8458601210188668,80,73,3,2,eligible,0.9552483718966643,80,eligible,0.06426923451327918
487,urban,normal,severe,True,-0.6896186989377603,80,77,4,3,eligible,0.9480283004639616,80,eligible,0.061342541121647345
488,urban,normal,severe,True,-0.822573048086646,80,80,2,2,eligible,0.9514952434426848,80,eligible,0.09517631142201108
489,urban,normal,severe,True,-0.7572910360542929,80,80,2,2,eligible,0.8576275339811493,80,eligible,0.07278430323673024
490,urban,normal,severe,True,-0.6725924383959118,80,80,2,2,eligible,0.8563326889524595,80,eligible,0.0902397158025783
491,urban,normal,severe,True,-0.18377033336129692,80,80,1,1,eligible,0.8248800046025161,80,eligible,0.0882435933898058
492,urban,normal,severe,True,-0.8004789603511592,80,80,3,3,eligible,0.8857227082432485,80,eligible,0.10076208340862873
493,urban,normal,severe,True,-0.6408049797861135,80,80,2,2,eligible,0.9733681155607334,80,eligible,0.08044445766511217
494,urban,normal,severe,True,-0.7994576238385932,80,80,2,2,eligible,0.9047745022467775,80,eligible,0.09066363545787146
495,urban,nonphysical_goodput,mild,True,-0.878196245245532,80,80,1,1,eligible,0.9285657333384902,80,eligible,0.15239313869512447
496,urban,nonphysical_goodput,mild,True,-0.8134513032759085,80,80,2,2,eligible,0.9046136077522712,80,eligible,0.050495493443801734
497,urban,nonphysical_goodput,mild,True,-0.7892375800584274,80,80,1,1,eligible,0.9789651605630896,80,eligible,0.03948049110036354
498,urban,nonphysical_goodput,mild,True,-0.15103970223556837,80,80,2,2,eligible,0.45484777868237103,80,eligible,0.027101081727283566
499,urban,nonphysical_goodput,mild,True,-0.8695761233742375,80,80,1,1,eligible,0.8790419258352711,80,eligible,0.16887596494000606
500,urban,nonphysical_goodput,mild,True,-0.7694245032606296,80,80,1,1,eligible,0.9644804235088346,80,eligible,0.14323847409157422
501,urban,nonphysical_goodput,mild,True,-0.8159975141097561,80,79,3,2,eligible,0.9398280062896587,80,eligible,0.07579820371291952
502,urban,nonphysical_goodput,mild,True,-0.5167973364212793,80,80,2,2,eligible,0.8155897795834987,80,eligible,0.1265764887553275
503,urban,nonphysical_goodput,mild,True,-0.5621923989304007,80,80,2,2,eligible,0.8299627359714884,80,eligible,0.1312937837710006
504,urban,nonphysical_goodput,mild,True,-0.5529550317406148,80,79,3,2,eligible,0.91179285371882,80,eligible,0.07572535975352576
505,urban,nonphysical_goodput,mild,True,-0.633961271251114,80,73,2,1,eligible,0.6067144689997069,80,eligible,0.10240974780241847
506,urban,nonphysical_goodput,mild,True,-0.8237963221815315,80,80,2,2,eligible,0.9477932317846041,80,eligible,0.07529981100416043
507,urban,nonphysical_goodput,mild,True,-0.27844509284573876,80,80,1,1,eligible,0.9054535727333196,80,eligible,0.07190684164954175
508,urban,nonphysical_goodput,mild,True,-0.5799957528486271,80,80,3,3,eligible,0.9120067287736707,80,eligible,0.09082285456288466
509,urban,nonphysical_goodput,mild,True,-0.8272611086649315,80,80,2,2,eligible,0.9415789831382623,80,eligible,0.05426774082201582
510,urban,nonphysical_goodput,moderate,True,-0.7531322171017281,80,80,1,1,eligible,0.9417175070731962,80,eligible,0.08835080662647574
511,urban,nonphysical_goodput,moderate,True,-0.7562421775253266,80,80,2,2,eligible,0.9045956661519865,80,eligible,0.06374893841007415
512,urban,nonphysical_goodput,moderate,True,-0.5887224564966259,80,74,2,1,eligible,0.9692666643096459,80,eligible,0.03522884649471947
513,urban,nonphysical_goodput,moderate,True,-0.7368628073678479,80,80,1,1,eligible,0.9502116357808439,80,eligible,0.07292304016222362
514,urban,nonphysical_goodput,moderate,True,-0.6260462679603803,80,74,3,2,eligible,0.8542751064422207,80,eligible,0.08704203093392203
515,urban,nonphysical_goodput,moderate,True,-0.8141719696002402,80,80,2,2,eligible,0.8881432056917385,80,eligible,0.1018934947093821
516,urban,nonphysical_goodput,moderate,True,-0.7820289096082267,80,80,3,3,eligible,0.8732154780156305,80,eligible,0.07191679372354894
517,urban,nonphysical_goodput,moderate,True,-0.7486886187472136,80,79,2,1,eligible,0.8986478137943629,80,eligible,0.20549835455130455
518,urban,nonphysical_goodput,moderate,True,-0.7274788969313807,80,80,2,2,eligible,0.9296551365322183,80,eligible,0.05550262836003328
519,urban,nonphysical_goodput,moderate,True,-0.727978031129717,80,80,2,2,eligible,0.9458176189740924,80,eligible,0.044216222828963155
520,urban,nonphysical_goodput,moderate,True,-0.8067102075489706,80,80,1,1,eligible,0.9082818840288753,80,eligible,0.08524466776174552
521,urban,nonphysical_goodput,moderate,True,-0.7462658007551984,80,80,2,2,eligible,0.9167949016439888,80,eligible,0.14202994031985344
522,urban,nonphysical_goodput,moderate,True,-0.3616833038927244,80,80,2,2,eligible,0.8590661909841598,80,eligible,0.06956760198614662
523,urban,nonphysical_goodput,moderate,True,-0.5257592972316751,80,80,2,2,eligible,0.5573721080706373,80,eligible,0.17363028252699703
524,urban,nonphysical_goodput,moderate,True,-0.5882209977487753,80,80,2,2,eligible,0.9673553074425805,80,eligible,0.1094684442862982
525,urban,nonphysical_goodput,severe,True,-0.6461669455507006,80,80,3,3,eligible,0.953515333954247,80,eligible,0.04525126258696869
526,urban,nonphysical_goodput,severe,True,-0.7619069412326146,80,80,3,3,eligible,0.9063939703619524,80,eligible,0.07521229640321539
527,urban,nonphysical_goodput,severe,True,-0.601092668176052,80,80,2,2,eligible,0.8493764571061028,80,eligible,0.05529583776319865
528,urban,nonphysical_goodput,severe,True,-0.7574899387590561,80,80,3,3,eligible,0.9029730262418416,80,eligible,0.04555338640847582
529,urban,nonphysical_goodput,severe,True,-0.6208756286915781,80,80,1,1,eligible,0.7911340121273469,80,eligible,0.12951929766233022
530,urban,nonphysical_goodput,severe,True,-0.8643756247608724,80,80,2,2,eligible,0.9675524249722977,80,eligible,0.06221667287609094
531,urban,nonphysical_goodput,severe,True,-0.3872357449821704,80,80,2,2,eligible,0.9156056592055751,80,eligible,0.1048458317530824
532,urban,nonphysical_goodput,severe,True,-0.563320161287754,80,80,2,2,eligible,0.8074179348221355,80,eligible,0.2084183377309702
533,urban,nonphysical_goodput,severe,True,-0.8603676461102867,80,80,2,2,eligible,0.9613175240640335,80,eligible,0.0675499869200765
534,urban,nonphysical_goodput,severe,True,-0.5689453168721423,80,80,2,2,eligible,0.8174198852148172,80,eligible,0.0898806586917988
535,urban,nonphysical_goodput,severe,True,-0.4909940492802653,80,80,2,2,eligible,0.9136708327643275,80,eligible,0.10219007342539418
536,urban,nonphysical_goodput,severe,True,-0.5499415893771026,80,80,2,2,eligible,0.7039346301863486,80,eligible,0.10527203069455315
537,urban,nonphysical_goodput,severe,True,-0.4531219870886768,80,80,1,1,eligible,0.7826030708692563,80,eligible,0.16143755563765375
538,urban,nonphysical_goodput,severe,True,-0.6533690441961773,80,80,3,3,eligible,0.8680599140887594,80,eligible,0.03440144329564776
539,urban,nonphysical_goodput,severe,True,-0.5860141053465231,80,80,2,2,eligible,0.9539699239379222,80,eligible,0.08315439105869218
540,highway,interference,mild,True,-0.2954218490489143,80,80,3,3,eligible,0.6159045198900321,80,eligible,0.041730582410799084
541,highway,interference,mild,True,-0.4211341538683313,80,74,3,2,eligible,0.5452411731001778,80,eligible,0.02210545723817848
542,highway,interference,mild,True,-0.46905808640001884,80,66,3,1,eligible,0.670221858311028,80,eligible,0.03087875565277944
543,highway,interference,mild,True,-0.49877062901543057,80,70,3,2,eligible,0.6441933926198101,80,eligible,0.03301739875153454
544,highway,interference,mild,True,-0.28970608079900256,80,80,2,2,eligible,0.6427680237476209,80,eligible,0.024404593469207078
545,highway,interference,mild,True,-0.3648810443976997,80,80,3,3,eligible,0.6765219777766727,80,eligible,0.026253118349902647
546,highway,interference,mild,True,-0.2464044824304698,80,80,3,3,eligible,0.6007254405998486,80,eligible,0.03188547109725541
547,highway,interference,mild,True,-0.7715461100853391,80,80,2,2,eligible,0.8419690748347395,80,eligible,0.0848375642023748
548,highway,interference,mild,True,-0.36507147736685897,80,79,3,2,eligible,0.6238248611554797,80,eligible,0.03399030918849104
549,highway,interference,mild,True,-0.45471321971173434,80,75,3,2,eligible,0.6458331713856653,80,eligible,0.04670069878537385
550,highway,interference,mild,True,-0.4738724256872644,80,80,2,2,eligible,0.6976705306586534,80,eligible,0.03928206788656598
551,highway,interference,mild,True,-0.3672215615711642,80,80,2,2,eligible,0.6737872049011137,80,eligible,0.028641741268193605
552,highway,interference,mild,True,-0.5600296980770973,80,77,3,2,eligible,0.7059964710324124,80,eligible,0.046428792776148406
553,highway,interference,mild,True,-0.4667571485458178,80,80,3,3,eligible,0.8443436299541383,80,eligible,0.05870093793191015
554,highway,interference,mild,True,-0.2821217089087719,80,76,3,2,eligible,0.535330771187352,80,eligible,0.022593166728065116
555,highway,interference,moderate,True,-0.31464892976141723,80,80,4,4,eligible,0.6613257808794132,80,eligible,0.019625916762674184
556,highway,interference,moderate,True,-0.2681740717542895,80,39,4,2,eligible,0.33225715567097097,80,eligible,0.006179123114699954
557,highway,interference,moderate,True,-0.6245278174005735,80,80,3,3,eligible,0.8370760180456097,80,eligible,0.052758631618913164
558,highway,interference,moderate,True,-0.4028043219024174,80,74,4,3,eligible,0.6441491592349895,80,eligible,0.03850968489771758
559,highway,interference,moderate,True,-0.28680576261935253,80,50,4,2,eligible,0.4749669183388433,80,eligible,0.01019534431420657
560,highway,interference,moderate,True,-0.3046740530188257,80,70,4,3,eligible,0.4589030724870609,80,eligible,0.01429954003527662
561,highway,interference,moderate,True,-0.3462081782353746,80,80,3,3,eligible,0.6411494639479646,80,eligible,0.030710788936503985
562,highway,interference,moderate,True,-0.36772606321596873,80,80,4,4,eligible,0.6073454392688624,80,eligible,0.02985707958476467
563,highway,interference,moderate,True,-0.435113177348474,80,73,4,3,eligible,0.48522349371148243,80,eligible,0.031463036078785075
564,highway,interference,moderate,True,-0.5575965660724435,80,57,3,2,eligible,0.6578601999080613,80,eligible,0.022842982966291548
565,highway,interference,moderate,True,-0.5604027621068112,80,80,3,3,eligible,0.6782578975306106,80,eligible,0.030836089751596202
566,highway,interference,moderate,True,-0.3909821275764088,80,57,4,2,eligible,0.4582351133717263,80,eligible,0.012622500586354248
567,highway,interference,moderate,True,-0.515607642122078,80,80,3,3,eligible,0.756344790891079,80,eligible,0.02785170540928142
568,highway,interference,moderate,True,-0.41854716760417177,80,66,4,3,eligible,0.4915685202203721,80,eligible,0.036191880942354954
569,highway,interference,moderate,True,-0.26541374256653405,80,47,4,1,eligible,0.40031157462695843,80,eligible,0.01763228755031771
570,highway,interference,severe,True,-0.6731114026866829,80,80,3,3,eligible,0.8322526382252332,80,eligible,0.03928659163824509
571,highway,interference,severe,True,-0.48498771118895473,80,75,4,3,eligible,0.7479877094413304,80,eligible,0.03354942136765248
572,highway,interference,severe,True,-0.5824286965189756,80,80,3,3,eligible,0.7161599560259813,80,eligible,0.0159123752983459
573,highway,interference,severe,True,-0.4130861552223158,80,80,3,3,eligible,0.6029715012680392,80,eligible,0.012799822043042692
574,highway,interference,severe,True,-0.54351861185897,80,80,3,3,eligible,0.6856129172770423,80,eligible,0.031053256812144263
575,highway,interference,severe,True,-0.586901378342063,80,54,3,2,eligible,0.7099455563183211,80,eligible,0.03494724975383451
576,highway,interference,severe,True,-0.45417704406465603,80,73,4,3,eligible,0.7147151514090021,80,eligible,0.02678504900925876
577,highway,interference,severe,True,-0.6731896985271735,80,80,3,3,eligible,0.8528326815256747,80,eligible,0.05120052606457073
578,highway,interference,severe,True,-0.3324925371780398,80,73,4,3,eligible,0.59271261433914,80,eligible,0.015589551103091168
579,highway,interference,severe,True,-0.5267489059842815,80,80,3,3,eligible,0.6840435903745005,80,eligible,0.042864524810623986
580,highway,interference,severe,True,-0.19293420541000134,80,69,4,3,eligible,0.49032452475213884,80,eligible,0.008760286684482532
581,highway,interference,severe,True,-0.4723851468263104,80,80,4,4,eligible,0.7190700636484708,80,eligible,0.0388858668542178
582,highway,interference,severe,True,-0.6831996619894126,80,80,3,3,eligible,0.8072888018715184,80,eligible,0.039112935235046144
583,highway,interference,severe,True,-0.410574292295561,80,73,4,3,eligible,0.594975264149683,80,eligible,0.016278506652884918
584,highway,interference,severe,True,-0.49922263775963244,80,72,4,2,eligible,0.8699918842511507,80,eligible,0.053771009789149816
585,highway,blockage,mild,True,-0.33389163498999214,80,73,3,2,eligible,0.603862027098294,80,eligible,0.02833054959606764
586,highway,blockage,mild,True,-0.5468889430353584,80,80,2,2,eligible,0.7447940721042887,80,eligible,0.02782197094297615
587,highway,blockage,mild,True,-0.3059879146442909,80,77,3,2,eligible,0.6093766994629484,80,eligible,0.02331976701592717
588,highway,blockage,mild,True,-0.3801053794447231,80,80,2,2,eligible,0.674872088584846,80,eligible,0.028221893842527896
589,highway,blockage,mild,True,-0.09611745488370037,80,77,3,2,eligible,0.5490059263538617,80,eligible,0.014764014169786965
590,highway,blockage,mild,True,-0.69719485213906,80,80,2,2,eligible,0.8264439716413767,80,eligible,0.058705154392918533
591,highway,blockage,mild,True,-0.5064707253938414,80,73,3,1,eligible,0.7590199531133782,80,eligible,0.05839470712866126
592,highway,blockage,mild,True,-0.653647431798391,80,75,3,2,eligible,0.7999646487128736,80,eligible,0.031779393827943515
593,highway,blockage,mild,True,-0.4482321295930022,80,80,2,2,eligible,0.7334834278804447,80,eligible,0.023170525951041153
594,highway,blockage,mild,True,-0.6186318712215332,80,80,3,3,eligible,0.8674345348044046,80,eligible,0.0694209013626694
595,highway,blockage,mild,True,-0.31769729769063637,80,80,2,2,eligible,0.5996081683544644,80,eligible,0.035685568743538974
596,highway,blockage,mild,True,-0.2789950275596417,80,80,2,2,eligible,0.468044070531839,80,eligible,0.020626640514329258
597,highway,blockage,mild,True,-0.5936170984650027,80,80,2,2,eligible,0.7583377800776853,80,eligible,0.036557178508627754
598,highway,blockage,mild,True,-0.490083410175751,80,80,2,2,eligible,0.8098006707053675,80,eligible,0.06272535632713191
599,highway,blockage,mild,True,-0.21837186184129959,80,79,3,2,eligible,0.5417927716650854,80,eligible,0.013798148945668092
600,highway,blockage,moderate,True,-0.2324105898182135,80,80,2,2,eligible,0.472091786131988,80,eligible,0.01301683620583253
601,highway,blockage,moderate,True,-0.21401261802042573,80,80,3,3,eligible,0.5346252493133896,80,eligible,0.015503386437074301
602,highway,blockage,moderate,True,-0.546593360191151,80,75,3,2,eligible,0.6994513193799381,80,eligible,0.020258403022378673
603,highway,blockage,moderate,True,-0.5169068189823275,80,80,3,3,eligible,0.7564813509310566,80,eligible,0.03272952033580186
604,highway,blockage,moderate,True,-0.4175486860916116,80,80,4,4,eligible,0.635950875882744,80,eligible,0.028232602171801856
605,highway,blockage,moderate,True,-0.2953148220371909,80,80,3,3,eligible,0.6449448657605907,80,eligible,0.021693674588255656
606,highway,blockage,moderate,True,-0.3439211775192263,80,80,2,2,eligible,0.7504878139742226,80,eligible,0.03934546732748991
607,highway,blockage,moderate,True,-0.4390182242892881,80,80,2,2,eligible,0.675205677262809,80,eligible,0.0314977298811989
608,highway,blockage,moderate,True,-0.3599345265293535,80,75,3,2,eligible,0.45869196564468045,80,eligible,0.015038730439370018
609,highway,blockage,moderate,True,-0.2567458381380138,80,78,3,2,eligible,0.6244209307505983,80,eligible,0.04264494328828071
610,highway,blockage,moderate,True,-0.47058500316622137,80,80,3,3,eligible,0.5974309811233847,80,eligible,0.042275820160311325
611,highway,blockage,moderate,True,-0.413806610376982,80,80,3,3,eligible,0.5848744345557141,80,eligible,0.01948399032092974
612,highway,blockage,moderate,True,-0.17291137713520607,80,80,3,3,eligible,0.6416435658495612,80,eligible,0.023717596402766033
613,highway,blockage,moderate,True,-0.4949476041186817,80,77,3,2,eligible,0.7515410429338234,80,eligible,0.030795333014186042
614,highway,blockage,moderate,True,-0.3180561017788703,80,77,4,3,eligible,0.6269045594199992,80,eligible,0.02924493732680448
615,highway,blockage,severe,True,-0.7101587160074846,80,80,3,3,eligible,0.7537646553160086,80,eligible,0.05347859832348345
616,highway,blockage,severe,True,-0.5108062774050366,80,56,3,2,eligible,0.5048968585282775,80,eligible,0.007326841886918195
617,highway,blockage,severe,True,-0.2894928135044154,80,80,3,3,eligible,0.5216660218081887,80,eligible,0.013971444351995816
618,highway,blockage,severe,True,-0.5707408735606462,80,80,3,3,eligible,0.7304176075382963,80,eligible,0.02599299821854013
619,highway,blockage,severe,True,-0.29065899808689555,80,80,3,3,eligible,0.44373613212818475,80,eligible,0.012094106218776803
620,highway,blockage,severe,True,-0.37941123307007124,80,80,3,3,eligible,0.6260406798573114,80,eligible,0.03342192625909485
621,highway,blockage,severe,True,-0.3007150478818052,80,80,3,3,eligible,0.49830028333623416,80,eligible,0.017964507165442352
622,highway,blockage,severe,True,-0.48619601483641517,80,55,3,2,eligible,0.7286903810631108,80,eligible,0.03398641821632699
623,highway,blockage,severe,True,-0.3596162822690664,80,66,3,2,eligible,0.5650108619955041,80,eligible,0.017680244657027583
624,highway,blockage,severe,True,-0.6980683620823914,80,80,3,3,eligible,0.8584519061320703,80,eligible,0.08234890499500488
625,highway,blockage,severe,True,-0.5481861010577654,80,59,3,2,eligible,0.6237484441030423,80,eligible,0.01745949251197887
626,highway,blockage,severe,True,-0.5845179694563719,80,80,3,3,eligible,0.7273439143215631,80,eligible,0.04333653847797862
627,highway,blockage,severe,True,-0.3433782425463964,80,80,3,3,eligible,0.6024619567072755,80,eligible,0.02017139222329094
628,highway,blockage,severe,True,-0.390378576211465,80,80,3,3,eligible,0.5737235853416617,80,eligible,0.021538897737710914
629,highway,blockage,severe,True,-0.41287316430969045,80,80,3,3,eligible,0.527619979286802,80,eligible,0.022794030594119025
630,highway,mobility,mild,True,-0.2697242225366534,80,80,2,2,eligible,0.5702533179506714,80,eligible,0.032114491529240924
631,highway,mobility,mild,True,-0.587351057273738,80,75,3,2,eligible,0.7425694441553771,80,eligible,0.04297879311799794
632,highway,mobility,mild,True,-0.1676449434035764,80,80,2,2,eligible,0.5548312862333065,80,eligible,0.013584261343513654
633,highway,mobility,mild,True,-0.44858750123837104,80,70,3,1,eligible,0.6768000041093202,80,eligible,0.029875530903339366
634,highway,mobility,mild,True,-0.2250380473358127,80,80,2,2,eligible,0.525427773328633,80,eligible,0.014266291007122053
635,highway,mobility,mild,True,-0.38071998981180744,80,80,2,2,eligible,0.6360454052838087,80,eligible,0.029315234793523232
636,highway,mobility,mild,True,-0.47881439064900044,80,71,3,1,eligible,0.5867022186859346,80,eligible,0.01812803348795251
637,highway,mobility,mild,True,-0.33328526133202796,80,80,1,1,eligible,0.5266612688596364,80,eligible,0.014339806047933413
638,highway,mobility,mild,True,-0.4767938213375058,80,80,2,2,eligible,0.6534149048043913,80,eligible,0.0198936117435556
639,highway,mobility,mild,True,-0.328024143561336,80,78,2,1,eligible,0.536907535517967,80,eligible,0.01543252859648776
640,highway,mobility,mild,True,-0.4199485801172481,80,80,2,2,eligible,0.7017885845411894,80,eligible,0.03510169910109551
641,highway,mobility,mild,True,-0.18734624423802454,80,76,2,1,eligible,0.5787470716427178,80,eligible,0.022977360427832622
642,highway,mobility,mild,True,-0.37989180303575576,80,80,2,2,eligible,0.6716785610675976,80,eligible,0.021097734105812845
643,highway,mobility,mild,True,-0.5366917784343469,80,80,1,1,eligible,0.6642295698053721,80,eligible,0.03819524302579015
644,highway,mobility,mild,True,-0.2945074191990915,80,80,2,2,eligible,0.5361943644115039,80,eligible,0.027487638360431742
645,highway,mobility,moderate,True,-0.3879078220436595,80,80,2,2,eligible,0.6678166152928098,80,eligible,0.029490823334415984
646,highway,mobility,moderate,True,-0.40302483463489647,80,80,2,2,eligible,0.6474000450178855,80,eligible,0.01773293342228167
647,highway,mobility,moderate,True,-0.21116767764218908,80,62,2,1,eligible,0.5198754098589727,80,eligible,0.018188705994251365
648,highway,mobility,moderate,True,-0.4705142771005666,80,75,2,1,eligible,0.6655235341983797,80,eligible,0.025675270850264137
649,highway,mobility,moderate,True,-0.35972647883293996,80,80,2,2,eligible,0.5162033159407118,80,eligible,0.015612030865700103
650,highway,mobility,moderate,True,-0.35944716432689305,80,80,2,2,eligible,0.5462183288510505,80,eligible,0.019883446511459783
651,highway,mobility,moderate,True,-0.15115693241461792,80,80,2,2,eligible,0.4477561200700904,80,eligible,0.013769270364369035
652,highway,mobility,moderate,True,-0.20523463546823306,80,80,2,2,eligible,0.49014408596797604,80,eligible,0.018663838649090082
653,highway,mobility,moderate,True,-0.2814964754106005,80,73,3,2,eligible,0.6642444333382064,80,eligible,0.03394092358920515
654,highway,mobility,moderate,True,-0.21982766054565722,80,80,2,2,eligible,0.5433059280756661,80,eligible,0.011774799682143237
655,highway,mobility,moderate,True,-0.38971295827108293,80,80,2,2,eligible,0.7593116486205891,80,eligible,0.04972531966604894
656,highway,mobility,moderate,True,-0.24489488033570428,80,74,3,1,eligible,0.4801806573406897,80,eligible,0.00896021959485398
657,highway,mobility,moderate,True,-0.2667412213942795,80,80,2,2,eligible,0.7330953748108869,80,eligible,0.029039298938346038
658,highway,mobility,moderate,True,-0.33164087402864106,80,80,2,2,eligible,0.6445104291043366,80,eligible,0.029708140787220803
659,highway,mobility,moderate,True,-0.33054429637281557,80,80,2,2,eligible,0.6970079609255351,80,eligible,0.031000709813552397
660,highway,mobility,severe,True,0.12830660557435666,80,71,2,1,eligible,0.1778367537714364,80,eligible,0.000481298694478173
661,highway,mobility,severe,True,-0.43380526257575985,80,77,2,1,eligible,0.7726081770090552,80,eligible,0.0556388349550049
662,highway,mobility,severe,True,-0.27075507266716115,80,80,2,2,eligible,0.44747320223993214,80,eligible,0.013041316528350427
663,highway,mobility,severe,True,-0.08729964026671246,80,80,2,2,eligible,0.4695575932535771,80,eligible,0.010057548385919627
664,highway,mobility,severe,True,-0.24351798636827565,80,76,2,1,eligible,0.3751732958234071,80,eligible,0.005343337839805169
665,highway,mobility,severe,True,-0.15328511606853326,80,80,2,2,eligible,0.5369822737076411,80,eligible,0.009643918114485669
666,highway,mobility,severe,True,-0.5459061050958844,80,80,2,2,eligible,0.8181940505072346,80,eligible,0.044389255618633106
667,highway,mobility,severe,True,-0.3502523519477214,80,75,2,1,eligible,0.5518388817756905,80,eligible,0.015552987192850243
668,highway,mobility,severe,True,-0.4108275389939949,80,80,2,2,eligible,0.8016719461367315,80,eligible,0.038837042981552446
669,highway,mobility,severe,True,-0.1103988908420466,80,79,2,1,eligible,0.3914302823247321,80,eligible,0.0069449462742809265
670,highway,mobility,severe,True,-0.18941869680743026,80,80,2,2,eligible,0.4785939291522459,80,eligible,0.01640530832568753
671,highway,mobility,severe,True,-0.2936136436272435,80,78,3,1,eligible,0.4151475072275404,80,eligible,0.012490556843323394
672,highway,mobility,severe,True,-0.3948846124702958,80,80,2,2,eligible,0.5529265510873186,80,eligible,0.014329105837134709
673,highway,mobility,severe,True,-0.6069750448313829,80,76,3,2,eligible,0.8088665457069536,80,eligible,0.02844080077255895
674,highway,mobility,severe,True,-0.09772646448719886,80,80,2,2,eligible,0.41795064815066896,80,eligible,0.015860848514889194
675,highway,adaptation_mismatch,mild,True,-0.31453009768879925,80,80,3,3,eligible,0.5867092242118042,80,eligible,0.01683098997066825
676,highway,adaptation_mismatch,mild,True,-0.19335933805108282,80,80,2,2,eligible,0.4998080245900808,80,eligible,0.012391921244982139
677,highway,adaptation_mismatch,mild,True,-0.3225588021394221,80,80,2,2,eligible,0.5074318032688776,80,eligible,0.01863224344086601
678,highway,adaptation_mismatch,mild,True,-0.4869031931734546,80,80,2,2,eligible,0.7893026723257968,80,eligible,0.05183483795431809
679,highway,adaptation_mismatch,mild,True,-0.4360171781140413,80,80,2,2,eligible,0.6406957592789361,80,eligible,0.038276295638498235
680,highway,adaptation_mismatch,mild,True,-0.6789245939492103,80,74,3,2,eligible,0.7727285511376615,80,eligible,0.0454119413303044
681,highway,adaptation_mismatch,mild,True,-0.5108323450797334,80,67,2,1,eligible,0.7759240290906857,80,eligible,0.03021365486302858
682,highway,adaptation_mismatch,mild,True,-0.3296337707374544,80,80,2,2,eligible,0.5122642708097694,80,eligible,0.007485168542572173
683,highway,adaptation_mismatch,mild,True,-0.43904305661661747,80,74,4,2,eligible,0.5992537261125828,80,eligible,0.028010946400240534
684,highway,adaptation_mismatch,mild,True,-0.3604101959941861,80,76,3,2,eligible,0.7869362401633325,80,eligible,0.048116775655294
685,highway,adaptation_mismatch,mild,True,-0.3482796475550537,80,77,3,2,eligible,0.5304376606096284,80,eligible,0.02328365270255341
686,highway,adaptation_mismatch,mild,True,-0.45792190983533015,80,80,3,3,eligible,0.6493691547876465,80,eligible,0.03599388235030104
687,highway,adaptation_mismatch,mild,True,-0.46827657306225684,80,80,3,3,eligible,0.7847298734597512,80,eligible,0.044521874293416246
688,highway,adaptation_mismatch,mild,True,-0.4056258633042594,80,80,2,2,eligible,0.6805232335142674,80,eligible,0.031037422762829735
689,highway,adaptation_mismatch,mild,True,-0.48701182334356785,80,79,2,1,eligible,0.7042172759794901,80,eligible,0.04983808708936638
690,highway,adaptation_mismatch,moderate,True,-0.47565879328589944,80,64,3,2,eligible,0.6763506450612685,80,eligible,0.030410973149866783
691,highway,adaptation_mismatch,moderate,True,-0.650972838309733,80,80,3,3,eligible,0.819714580398442,80,eligible,0.04464431123293515
692,highway,adaptation_mismatch,moderate,True,-0.573145123844795,80,80,3,3,eligible,0.6797392635701516,80,eligible,0.04562200007849383
693,highway,adaptation_mismatch,moderate,True,-0.45769894131401917,80,78,3,2,eligible,0.6916749718766599,80,eligible,0.02601178165785068
694,highway,adaptation_mismatch,moderate,True,-0.5088924139410423,80,80,3,3,eligible,0.6174014924102745,80,eligible,0.01683099377605161
695,highway,adaptation_mismatch,moderate,True,-0.4057903234655139,80,77,4,3,eligible,0.6731081258931095,80,eligible,0.04842843692804599
696,highway,adaptation_mismatch,moderate,True,-0.26952638100715487,80,75,3,2,eligible,0.700132347137072,80,eligible,0.03226364072181458
697,highway,adaptation_mismatch,moderate,True,-0.4909578321015551,80,80,2,2,eligible,0.5961411358481816,80,eligible,0.022329617653601978
698,highway,adaptation_mismatch,moderate,True,-0.24001624569198377,80,80,3,3,eligible,0.5202708058035689,80,eligible,0.013079934118431913
699,highway,adaptation_mismatch,moderate,True,-0.2994560139508659,80,80,3,3,eligible,0.6798334826268668,80,eligible,0.03456877679661878
700,highway,adaptation_mismatch,moderate,True,-0.5090386954536229,80,80,3,3,eligible,0.7476621435784176,80,eligible,0.02994008698514694
701,highway,adaptation_mismatch,moderate,True,-0.5047993129896146,80,80,3,3,eligible,0.6804229801740899,80,eligible,0.03155226312465326
702,highway,adaptation_mismatch,moderate,True,-0.4984531350588341,80,80,3,3,eligible,0.6662350769532106,80,eligible,0.03363992357547626
703,highway,adaptation_mismatch,moderate,True,-0.3412433433275484,80,80,3,3,eligible,0.5722509888521184,80,eligible,0.020112659912140552
704,highway,adaptation_mismatch,moderate,True,-0.5865037132427156,80,78,3,2,eligible,0.60898302512712,80,eligible,0.02674350892082189
705,highway,adaptation_mismatch,severe,True,-0.3091059820713574,80,78,4,3,eligible,0.39340788035314556,80,eligible,0.009838223833206821
706,highway,adaptation_mismatch,severe,True,-0.3372142315384435,80,64,3,2,eligible,0.45303784230505506,80,eligible,0.014529966302251252
707,highway,adaptation_mismatch,severe,True,-0.512504190453493,80,68,3,2,eligible,0.595521284326965,80,eligible,0.015099635660381385
708,highway,adaptation_mismatch,severe,True,-0.23299447285759003,80,66,4,2,eligible,0.43061800342110673,80,eligible,0.014814328778845448
709,highway,adaptation_mismatch,severe,True,-0.34775107637125163,80,68,4,2,eligible,0.40200740832770865,80,eligible,0.007508877176946619
710,highway,adaptation_mismatch,severe,True,-0.3519815526662732,80,77,3,2,eligible,0.5149077864887853,80,eligible,0.010403661905993209
711,highway,adaptation_mismatch,severe,True,-0.43234124415613395,80,80,2,2,eligible,0.6565329119894636,80,eligible,0.025483642663432237
712,highway,adaptation_mismatch,severe,True,-0.3172832857388027,80,69,4,2,eligible,0.48542404832739994,80,eligible,0.015162333582354698
713,highway,adaptation_mismatch,severe,True,-0.5765114358433719,80,74,3,2,eligible,0.7574959690769537,80,eligible,0.03398140080968089
714,highway,adaptation_mismatch,severe,True,-0.6421406803355936,80,80,3,3,eligible,0.7539448583991939,80,eligible,0.030099929906665955
715,highway,adaptation_mismatch,severe,True,-0.6833264156046862,80,68,3,2,eligible,0.7476979687744882,80,eligible,0.04718778813947958
716,highway,adaptation_mismatch,severe,True,-0.373636493941169,80,80,3,3,eligible,0.5699164111386755,80,eligible,0.01804926076505916
717,highway,adaptation_mismatch,severe,True,-0.6400661316364831,80,80,3,3,eligible,0.7458115503353016,80,eligible,0.03530962031387692
718,highway,adaptation_mismatch,severe,True,-0.2949652843130739,80,58,4,1,eligible,0.42672254398270587,80,eligible,0.009529338400931552
719,highway,adaptation_mismatch,severe,True,-0.4603768698908012,80,69,4,2,eligible,0.697441453193276,80,eligible,0.020412834960143428
720,highway,normal,mild,True,-0.5486418278036981,80,80,3,3,eligible,0.7785636361864099,80,eligible,0.0657087559145676
721,highway,normal,mild,True,-0.4012184283166916,80,79,2,1,eligible,0.5602005096277309,80,eligible,0.020576122518713047
722,highway,normal,mild,True,-0.2789131291729402,80,80,2,2,eligible,0.5590662948577488,80,eligible,0.012464914110024972
723,highway,normal,mild,True,-0.6053285681664833,80,80,2,2,eligible,0.6673193859366052,80,eligible,0.06136199877716655
724,highway,normal,mild,True,-0.54875107502855,80,72,3,2,eligible,0.7481720700636303,80,eligible,0.04857175655865742
725,highway,normal,mild,True,-0.5861346776011868,80,75,3,2,eligible,0.8141095161127415,80,eligible,0.0449575212443216
726,highway,normal,mild,True,-0.4651472756684047,80,76,3,1,eligible,0.6962166716944999,80,eligible,0.03892122902211272
727,highway,normal,mild,True,-0.18284710272217544,80,76,3,2,eligible,0.6407828199084059,80,eligible,0.029731381895041386
728,highway,normal,mild,True,-0.48682162942518314,80,80,2,2,eligible,0.6914907945487121,80,eligible,0.033839964718806584
729,highway,normal,mild,True,-0.6505028443489934,80,70,3,1,eligible,0.7352041923886486,80,eligible,0.04138444624274137
730,highway,normal,mild,True,-0.387780040048302,80,80,2,2,eligible,0.6560793983293285,80,eligible,0.023916799278421243
731,highway,normal,mild,True,-0.42275191921069977,80,79,3,2,eligible,0.6325745868364153,80,eligible,0.034523793377730115
732,highway,normal,mild,True,-0.6445407204787442,80,79,3,2,eligible,0.7860898332189327,80,eligible,0.04046663398832084
733,highway,normal,mild,True,-0.5298757245321065,80,79,2,1,eligible,0.7682014180683462,80,eligible,0.05329610617000593
734,highway,normal,mild,True,-0.29220586072418836,80,73,3,1,eligible,0.6386049301640873,80,eligible,0.02545547145682423
735,highway,normal,moderate,True,-0.6887832992565064,80,80,2,2,eligible,0.8708854705003649,80,eligible,0.0641701010980044
736,highway,normal,moderate,True,-0.3483382722986312,80,80,2,2,eligible,0.6766102398629992,80,eligible,0.026338459366684615
737,highway,normal,moderate,True,-0.19653933768418808,80,80,2,2,eligible,0.2555076910752139,80,eligible,0.010044090219216296
738,highway,normal,moderate,True,-0.5954694626163715,80,77,3,2,eligible,0.8304083586430269,80,eligible,0.05173433873992198
739,highway,normal,moderate,True,-0.4250190578783926,80,80,2,2,eligible,0.7512100175817331,80,eligible,0.04358219892399599
740,highway,normal,moderate,True,-0.64436909184516,80,80,3,3,eligible,0.7031882038305406,80,eligible,0.05599102041092795
741,highway,normal,moderate,True,-0.5815655971678424,80,78,3,2,eligible,0.7587210549546706,80,eligible,0.08256562145696444
742,highway,normal,moderate,True,-0.423098176574624,80,75,3,1,eligible,0.6467547794109102,80,eligible,0.02491941677320108
743,highway,normal,moderate,True,-0.07887520116840946,80,66,2,1,eligible,0.2444396011195484,80,eligible,0.0009894686167426863
744,highway,normal,moderate,True,-0.47931943368126984,80,80,2,2,eligible,0.6570656919066884,80,eligible,0.03492086551401709
745,highway,normal,moderate,True,-0.4764521672545508,80,80,3,3,eligible,0.654243036906572,80,eligible,0.034838351706569196
746,highway,normal,moderate,True,-0.3977929324484774,80,76,2,1,eligible,0.6536017102446334,80,eligible,0.03450588194606434
747,highway,normal,moderate,True,-0.7418024198012446,80,75,3,2,eligible,0.831968476852737,80,eligible,0.04645503118407334
748,highway,normal,moderate,True,-0.38456013137576706,80,80,2,2,eligible,0.6746456850188959,80,eligible,0.034009596071555674
749,highway,normal,moderate,True,-0.4591550406270662,80,65,3,1,eligible,0.6322967711593563,80,eligible,0.02101714847350839
750,highway,normal,severe,True,-0.22662883878518436,80,80,2,2,eligible,0.5735196172540323,80,eligible,0.020039631318814023
751,highway,normal,severe,True,-0.28227194402398564,80,80,2,2,eligible,0.653543669059712,80,eligible,0.02260005647631247
752,highway,normal,severe,True,-0.305512301254016,80,80,2,2,eligible,0.7027111903990411,80,eligible,0.04317068651541563
753,highway,normal,severe,True,-0.5204257008139708,80,80,3,3,eligible,0.7793929723761494,80,eligible,0.04589157436481668
754,highway,normal,severe,True,-0.5101159277134749,80,80,2,2,eligible,0.7083973182048461,80,eligible,0.040688488872180247
755,highway,normal,severe,True,-0.12929327546641572,80,80,2,2,eligible,0.40980523518651574,80,eligible,0.010361931227620321
756,highway,normal,severe,True,-0.5499082362116164,80,80,3,3,eligible,0.9062204870933429,80,eligible,0.09306663739980522
757,highway,normal,severe,True,-0.3179876195835982,80,80,2,2,eligible,0.5844940824311831,80,eligible,0.02935283236170234
758,highway,normal,severe,True,-0.6787468429225687,80,80,3,3,eligible,0.8540289902914561,80,eligible,0.09158079130265355
759,highway,normal,severe,True,-0.24316715546586484,80,73,3,1,eligible,0.6432647667278225,80,eligible,0.024603676474535284
760,highway,normal,severe,True,-0.06053617938634545,80,77,2,1,eligible,0.2978442193535369,80,eligible,0.002899364799504503
761,highway,normal,severe,True,-0.45860788950068665,80,76,3,2,eligible,0.6816733493425775,80,eligible,0.04000475752433803
762,highway,normal,severe,True,-0.4463638583797229,80,80,2,2,eligible,0.4940581272481263,80,eligible,0.019318087413175134
763,highway,normal,severe,True,-0.14768340261862525,80,80,2,2,eligible,0.29778611947283706,80,eligible,0.007728822176214993
764,highway,normal,severe,True,-0.5023309762527888,80,80,2,2,eligible,0.7244941679036229,80,eligible,0.05522226858490521
765,highway,nonphysical_goodput,mild,True,-0.331761460670398,80,80,2,2,eligible,0.7237602340096341,80,eligible,0.03266637945905648
766,highway,nonphysical_goodput,mild,True,-0.31786068587856,80,79,2,1,eligible,0.5191543426950282,80,eligible,0.01979137805442964
767,highway,nonphysical_goodput,mild,True,-0.5097262399208095,80,80,2,2,eligible,0.6997818393380264,80,eligible,0.035328075911393884
768,highway,nonphysical_goodput,mild,True,-0.5482345183290934,80,69,3,1,eligible,0.6936217517442618,80,eligible,0.049543341664589055
769,highway,nonphysical_goodput,mild,True,-0.29820760049952294,80,80,2,2,eligible,0.493087886150559,80,eligible,0.022268470492700275
770,highway,nonphysical_goodput,mild,True,-0.2481398838796863,80,78,2,1,eligible,0.561952798878578,80,eligible,0.023958639421315535
771,highway,nonphysical_goodput,mild,True,-0.17865753424644912,80,80,2,2,eligible,0.49006350906051654,80,eligible,0.014464616050184754
772,highway,nonphysical_goodput,mild,True,-0.36131500745006356,80,80,2,2,eligible,0.5915584973002856,80,eligible,0.0269645691461332
773,highway,nonphysical_goodput,mild,True,-0.6246125199022907,80,80,2,2,eligible,0.8067777718540532,80,eligible,0.035489542444232046
774,highway,nonphysical_goodput,mild,True,-0.7782482444598688,80,71,3,2,eligible,0.903260414570198,80,eligible,0.05746442250791852
775,highway,nonphysical_goodput,mild,True,-0.6188516976838369,80,80,2,2,eligible,0.8109699349376176,80,eligible,0.05125640569198987
776,highway,nonphysical_goodput,mild,True,-0.6400019058492353,80,80,3,3,eligible,0.9009426223527284,80,eligible,0.07425565957863758
777,highway,nonphysical_goodput,mild,True,-0.3017503487295882,80,80,2,2,eligible,0.7344750384282696,80,eligible,0.04798855249689736
778,highway,nonphysical_goodput,mild,True,-0.47322232495920336,80,80,2,2,eligible,0.7493971305470405,80,eligible,0.028996268876206738
779,highway,nonphysical_goodput,mild,True,-0.32794329585814547,80,73,3,1,eligible,0.45246604046627714,80,eligible,0.008906687160506153
780,highway,nonphysical_goodput,moderate,True,-0.4088658777218083,80,80,3,3,eligible,0.7547759981796458,80,eligible,0.04661923004858655
781,highway,nonphysical_goodput,moderate,True,-0.5307291536945691,80,80,2,2,eligible,0.653562123668567,80,eligible,0.03873835834438262
782,highway,nonphysical_goodput,moderate,True,-0.3382261363168745,80,80,2,2,eligible,0.5393824159496936,80,eligible,0.02278735963641814
783,highway,nonphysical_goodput,moderate,True,-0.6721912566557814,80,77,2,1,eligible,0.8279143576040587,80,eligible,0.05747726501184992
784,highway,nonphysical_goodput,moderate,True,-0.5691259363378302,80,80,2,2,eligible,0.7763710546449213,80,eligible,0.032644917756096556
785,highway,nonphysical_goodput,moderate,True,-0.3195714479865242,80,80,2,2,eligible,0.7082079530611192,80,eligible,0.03354873115688197
786,highway,nonphysical_goodput,moderate,True,-0.3900480589788577,80,80,2,2,eligible,0.5847904448834692,80,eligible,0.027838113056771273
787,highway,nonphysical_goodput,moderate,True,-0.33168309889012,80,80,2,2,eligible,0.6471247989727142,80,eligible,0.02344787144417703
788,highway,nonphysical_goodput,moderate,True,-0.26132838695024785,80,80,2,2,eligible,0.5475040431737567,80,eligible,0.026129450890340127
789,highway,nonphysical_goodput,moderate,True,-0.3608266455795994,80,79,3,2,eligible,0.5899685874633995,80,eligible,0.026234674413013682
790,highway,nonphysical_goodput,moderate,True,-0.4862483797847661,80,76,3,2,eligible,0.6444182974114167,80,eligible,0.04367224051505292
791,highway,nonphysical_goodput,moderate,True,-0.3598287002332389,80,80,2,2,eligible,0.6626557350295825,80,eligible,0.023882902644618724
792,highway,nonphysical_goodput,moderate,True,-0.6470844590149502,80,70,3,1,eligible,0.9032771879550269,80,eligible,0.08940396483326818
793,highway,nonphysical_goodput,moderate,True,-0.40387159144488155,80,80,2,2,eligible,0.7495438240760947,80,eligible,0.03541264104366587
794,highway,nonphysical_goodput,moderate,True,-0.48146550707533603,80,80,2,2,eligible,0.733743432249535,80,eligible,0.0564650896984424
795,highway,nonphysical_goodput,severe,True,-0.47147351947535593,80,80,2,2,eligible,0.8469240078063676,80,eligible,0.05851833277040923
796,highway,nonphysical_goodput,severe,True,-0.7616693338057683,80,80,3,3,eligible,0.8673180124720987,80,eligible,0.059653657667589545
797,highway,nonphysical_goodput,severe,True,-0.2794544747822413,80,77,3,2,eligible,0.5780494733108401,80,eligible,0.022391869341937164
798,highway,nonphysical_goodput,severe,True,-0.34470072432565435,80,80,1,1,eligible,0.6482992280921391,80,eligible,0.03882101217745476
799,highway,nonphysical_goodput,severe,True,-0.5244454131499345,80,80,2,2,eligible,0.7107446810487973,80,eligible,0.05479379583943256
800,highway,nonphysical_goodput,severe,True,-0.20706364059516044,80,80,2,2,eligible,0.3590173338347422,80,eligible,0.006621472180513867
801,highway,nonphysical_goodput,severe,True,-0.6449348400873047,80,80,2,2,eligible,0.8357643006249419,80,eligible,0.07305454343821996
802,highway,nonphysical_goodput,severe,True,-0.46081131575573187,80,80,2,2,eligible,0.8069693456454103,80,eligible,0.07557898939175481
803,highway,nonphysical_goodput,severe,True,-0.5327237264376936,80,80,2,2,eligible,0.7069170302732622,80,eligible,0.03374294088950146
804,highway,nonphysical_goodput,severe,True,-0.500989955025925,80,80,2,2,eligible,0.6524105220038835,80,eligible,0.030048501133964033
805,highway,nonphysical_goodput,severe,True,-0.607453552560851,80,79,3,2,eligible,0.7381436692250454,80,eligible,0.04585574577560538
806,highway,nonphysical_goodput,severe,True,-0.6823478645937842,80,80,2,2,eligible,0.8929503144035049,80,eligible,0.07601016888639804
807,highway,nonphysical_goodput,severe,True,-0.36555353004095065,80,73,2,1,eligible,0.5055549143683563,80,eligible,0.015524236312390718
808,highway,nonphysical_goodput,severe,True,-0.5666810898848862,80,80,2,2,eligible,0.7694799103731707,80,eligible,0.04442936798194843
809,highway,nonphysical_goodput,severe,True,-0.2849495527299017,80,80,2,2,eligible,0.4587563214311896,80,eligible,0.006480249704641662
810,cell_edge,interference,mild,True,-0.7441755996225043,80,80,1,1,eligible,0.781717355078634,80,eligible,0.14234882767189308
811,cell_edge,interference,mild,True,-0.8098363975306266,80,80,2,2,eligible,0.9368364007820568,80,eligible,0.06935908008970423
812,cell_edge,interference,mild,True,-0.7993149360042516,80,76,2,1,eligible,0.824490521771672,80,eligible,0.07991942393205323
813,cell_edge,interference,mild,True,-0.19786369866803752,80,80,1,1,eligible,0.2554129440226085,80,eligible,0.026674375546802805
814,cell_edge,interference,mild,True,-0.2206657494528262,80,80,2,2,eligible,0.5584401986439711,80,eligible,0.017220077054166567
815,cell_edge,interference,mild,True,-0.3593567781963977,80,80,1,1,eligible,0.338587045857261,80,eligible,0.012906923474711654
816,cell_edge,interference,mild,True,-0.8038496278452969,80,52,2,1,eligible,0.8672132116290869,80,eligible,0.06382938132457072
817,cell_edge,interference,mild,True,-0.45724375632558995,80,80,2,2,eligible,0.8482059039456279,80,eligible,0.050536638298799307
818,cell_edge,interference,mild,True,-0.6258336911503021,80,80,2,2,eligible,0.8396832891286578,80,eligible,0.04554170600265235
819,cell_edge,interference,mild,True,-0.3222395862228003,80,80,1,1,eligible,0.23573969216882457,80,eligible,0.01328942731586657
820,cell_edge,interference,mild,True,-0.5136845921407458,80,80,2,2,eligible,0.5875509930308869,80,eligible,0.03152859629397965
821,cell_edge,interference,mild,False,nan,80,0,1,0,too_few_retained_rows,nan,80,constant_outcome,8.125130746160641e-05
822,cell_edge,interference,mild,True,-0.24497334567639537,80,78,2,1,eligible,0.22801647660630858,80,eligible,0.004794208480762366
823,cell_edge,interference,mild,True,-0.1924500897298748,80,80,1,1,eligible,0.19249408953992228,80,eligible,0.0019859990830789443
824,cell_edge,interference,mild,True,-0.4464126089526025,80,80,2,2,eligible,0.7739396283655442,80,eligible,0.04650943016162607
825,cell_edge,interference,moderate,True,-0.18757793555949823,80,80,1,1,eligible,0.18276469886995755,80,eligible,0.0021888404029792473
826,cell_edge,interference,moderate,True,-0.48306788009585633,80,80,2,2,eligible,0.9572126858679233,80,eligible,0.03853466866603628
827,cell_edge,interference,moderate,True,-0.45022569317158334,80,80,2,2,eligible,0.4330640460819064,80,eligible,0.011210136652891039
828,cell_edge,interference,moderate,True,-0.2707539581633585,80,80,2,2,eligible,0.36905219678784323,80,eligible,0.012439442204358976
829,cell_edge,interference,moderate,True,-0.2635031801971475,80,80,1,1,eligible,0.2496711730867875,80,eligible,0.005453425487898114
830,cell_edge,interference,moderate,False,nan,80,0,1,0,too_few_retained_rows,nan,80,constant_outcome,0.0003489135423721451
831,cell_edge,interference,moderate,True,-0.4582839265087964,80,79,3,2,eligible,0.7636840719710722,80,eligible,0.09828686045656147
832,cell_edge,interference,moderate,True,-0.6709520566967838,80,80,3,3,eligible,0.8295462482543395,80,eligible,0.06327217009199886
833,cell_edge,interference,moderate,True,-0.5099653903464687,80,80,3,3,eligible,0.9396968315763312,80,eligible,0.08846842166776114
834,cell_edge,interference,moderate,True,-0.24270029755000389,80,80,1,1,eligible,0.2618171750316564,80,eligible,0.0058050179615792355
835,cell_edge,interference,moderate,True,-0.5775676375061662,80,80,3,3,eligible,0.8996242147336655,80,eligible,0.054564484476887984
836,cell_edge,interference,moderate,True,-0.4770861281046976,80,80,2,2,eligible,0.8464675996243234,80,eligible,0.07080818196644785
837,cell_edge,interference,moderate,True,-0.5682478873507578,80,80,3,3,eligible,0.9319145397931015,80,eligible,0.056897315503104486
838,cell_edge,interference,moderate,True,-0.31066838306991246,80,80,2,2,eligible,0.49086128552688857,80,eligible,0.049167391652386414
839,cell_edge,interference,moderate,True,-0.5484290469696598,80,80,2,2,eligible,0.8539520650609449,80,eligible,0.07007203053636898
840,cell_edge,interference,severe,True,-0.7249785119242357,80,73,3,2,eligible,0.9388594715178805,80,eligible,0.05201670067418189
841,cell_edge,interference,severe,True,-0.49003654378148376,80,80,2,2,eligible,0.8726268838995812,80,eligible,0.062082289876739874
842,cell_edge,interference,severe,True,-0.2978434492978948,80,76,2,1,eligible,0.31431344958640955,80,eligible,0.010275772565709856
843,cell_edge,interference,severe,True,-0.6330597009837774,80,80,2,2,eligible,0.8681339173244697,80,eligible,0.04488786723060943
844,cell_edge,interference,severe,True,-0.24032900666012413,80,76,2,1,eligible,0.40462960151667715,80,eligible,0.007595357250205384
845,cell_edge,interference,severe,True,-0.5579707700741826,80,80,3,3,eligible,0.9759594125598579,80,eligible,0.025247207623240196
846,cell_edge,interference,severe,True,-0.718672979591189,80,80,2,2,eligible,0.8854035983218106,80,eligible,0.05308737913260915
847,cell_edge,interference,severe,True,-0.25089748992277827,80,79,2,1,eligible,0.22540683636149533,80,eligible,0.0032038887732522975
848,cell_edge,interference,severe,True,-0.3205391643932344,80,80,1,1,eligible,0.30494521439174094,80,eligible,0.00507346688867194
849,cell_edge,interference,severe,True,-0.6087879818621801,80,80,2,2,eligible,0.8278505717940545,80,eligible,0.027926917252344502
850,cell_edge,interference,severe,True,-0.1948709407384893,80,78,2,1,eligible,0.19247941958352224,80,eligible,0.00591988091441592
851,cell_edge,interference,severe,True,-0.33798634626728175,80,80,2,2,eligible,0.5553473778635907,80,eligible,0.02318549001326984
852,cell_edge,interference,severe,True,-0.48916801380088626,80,80,2,2,eligible,0.7056057031960886,80,eligible,0.0627489205483717
853,cell_edge,interference,severe,True,-0.6062883704435411,80,80,3,3,eligible,0.9347558902851122,80,eligible,0.06925030836167283
854,cell_edge,interference,severe,True,-0.6914134673708306,80,80,2,2,eligible,0.9041084485589927,80,eligible,0.06055479921444047
855,cell_edge,blockage,mild,False,nan,80,0,1,0,too_few_retained_rows,nan,80,constant_outcome,6.23017387658964e-07
856,cell_edge,blockage,mild,False,nan,80,0,1,0,too_few_retained_rows,nan,80,constant_outcome,8.715549681898027e-05
857,cell_edge,blockage,mild,True,-0.5189739294159023,80,80,2,2,eligible,0.9209521444165097,80,eligible,0.07085702994829461
858,cell_edge,blockage,mild,False,nan,80,0,1,0,too_few_retained_rows,nan,80,constant_outcome,1.728520389178978e-05
859,cell_edge,blockage,mild,True,-0.34560925038654433,80,80,2,2,eligible,0.7465141468325507,80,eligible,0.026721604161747188
860,cell_edge,blockage,mild,False,nan,80,0,2,0,too_few_retained_rows,nan,80,constant_outcome,0.00021758233070446053
861,cell_edge,blockage,mild,True,-0.8633830620382323,80,80,2,2,eligible,0.9532713380788255,80,eligible,0.08004425813026195
862,cell_edge,blockage,mild,True,-0.25913117737689934,80,80,2,2,eligible,0.4225401823995238,80,eligible,0.031119857012704255
863,cell_edge,blockage,mild,True,-0.8595981056326483,80,80,2,2,eligible,0.9444155742883811,80,eligible,0.08667992314475209
864,cell_edge,blockage,mild,True,-0.3133556778198183,80,74,2,1,eligible,0.08053730952614424,80,eligible,0.008940734963154704
865,cell_edge,blockage,mild,False,nan,80,0,1,0,too_few_retained_rows,nan,80,constant_outcome,1.3514967348807194e-05
866,cell_edge,blockage,mild,True,-0.1144956230038496,80,80,1,1,eligible,0.08284652898274228,80,eligible,0.0032872354877612627
867,cell_edge,blockage,mild,True,-0.3502694286554537,80,80,1,1,eligible,0.3688500046822507,80,eligible,0.007824181291226895
868,cell_edge,blockage,mild,True,-0.6928866795926447,80,46,2,1,eligible,0.705373352666938,80,eligible,0.04842871548080204
869,cell_edge,blockage,mild,True,-0.7950178377409777,80,80,2,2,eligible,0.854154030088719,80,eligible,0.10819420504911777
870,cell_edge,blockage,moderate,True,-0.787010649912914,80,80,2,2,eligible,0.9401787933932049,80,eligible,0.041000557296338225
871,cell_edge,blockage,moderate,True,-0.7148981002737751,80,80,2,2,eligible,0.8556494149583724,80,eligible,0.06891524991633906
872,cell_edge,blockage,moderate,True,-0.7071734881363113,80,28,2,1,eligible,0.7689556853755397,80,eligible,0.02696700010871188
873,cell_edge,blockage,moderate,True,-0.08014575644953444,80,80,2,2,eligible,0.23860392210033707,80,eligible,0.007158808559639375
874,cell_edge,blockage,moderate,True,-0.5357161578685703,80,80,2,2,eligible,0.7533179309693443,80,eligible,0.018549445549030544
875,cell_edge,blockage,moderate,True,-0.46729452035618513,80,80,2,2,eligible,0.9559154900629281,80,eligible,0.03403818363440812
876,cell_edge,blockage,moderate,True,-0.5708334423019192,80,80,2,2,eligible,0.9355710464766805,80,eligible,0.05300814338243407
877,cell_edge,blockage,moderate,True,-0.7611122332050778,80,78,3,2,eligible,0.9583520347232027,80,eligible,0.04560860514395152
878,cell_edge,blockage,moderate,True,-0.6080764178316866,80,80,2,2,eligible,0.6553187660888863,80,eligible,0.07517896784265023
879,cell_edge,blockage,moderate,True,-0.632768028216221,80,80,2,2,eligible,0.9266363539067275,80,eligible,0.06442067353977618
880,cell_edge,blockage,moderate,True,-0.6422717968316561,80,80,3,3,eligible,0.8576329956225348,80,eligible,0.024679317114965967
881,cell_edge,blockage,moderate,True,-0.3554329871608319,80,73,2,1,eligible,0.4142128542118732,80,eligible,0.011153500321116819
882,cell_edge,blockage,moderate,True,-0.5163868789964221,80,80,3,3,eligible,0.7963822320803574,80,eligible,0.03911015652814072
883,cell_edge,blockage,moderate,True,-0.607513774044042,80,80,2,2,eligible,0.7080161419578387,80,eligible,0.04263455146695173
884,cell_edge,blockage,moderate,True,-0.6533859089547447,80,80,2,2,eligible,0.8705856539485843,80,eligible,0.10370023368051422
885,cell_edge,blockage,severe,True,-0.735312830988632,80,80,2,2,eligible,0.9043493931030053,80,eligible,0.03384629974333327
886,cell_edge,blockage,severe,True,-0.31238697336784765,80,78,2,1,eligible,0.31344178894605396,80,eligible,0.004713711240994364
887,cell_edge,blockage,severe,False,nan,80,0,1,0,too_few_retained_rows,nan,80,constant_outcome,0.0003426799912548517
888,cell_edge,blockage,severe,True,-0.5400138605146431,80,80,3,3,eligible,0.8019257970321559,80,eligible,0.03290684562950925
889,cell_edge,blockage,severe,True,-0.5923204480129449,80,80,2,2,eligible,0.760914264576322,80,eligible,0.03700810819638238
890,cell_edge,blockage,severe,True,-0.37528601868381267,80,80,2,2,eligible,0.4860996120885729,80,eligible,0.0165733956622595
891,cell_edge,blockage,severe,True,-0.6578863957178976,80,80,3,3,eligible,0.9694331026034524,80,eligible,0.06772174756556819
892,cell_edge,blockage,severe,False,nan,80,0,1,0,too_few_retained_rows,nan,80,constant_outcome,0.0001176273310202966
893,cell_edge,blockage,severe,True,-0.6558737585513323,80,77,3,2,eligible,0.9692930870768268,80,eligible,0.07832565523627712
894,cell_edge,blockage,severe,True,-0.6368656865179815,80,80,2,2,eligible,0.7935652040636939,80,eligible,0.02848951796219006
895,cell_edge,blockage,severe,True,-0.4094399366663945,80,80,2,2,eligible,0.6198215129614238,80,eligible,0.015313461782630456
896,cell_edge,blockage,severe,True,-0.6629245845622261,80,80,2,2,eligible,0.9074946735088151,80,eligible,0.04718521858509735
897,cell_edge,blockage,severe,True,-0.5248881698257287,80,80,2,2,eligible,0.7068986067870534,80,eligible,0.034077826310200024
898,cell_edge,blockage,severe,True,-0.6599311637146095,80,80,3,3,eligible,0.9022332907683642,80,eligible,0.05620165077563668
899,cell_edge,blockage,severe,True,-0.7386664859092567,80,34,2,1,eligible,0.8321142271333701,80,eligible,0.03643811297584143
900,cell_edge,mobility,mild,True,-0.551638383118066,80,80,2,2,eligible,0.9536737243853168,80,eligible,0.07654519942336122
901,cell_edge,mobility,mild,True,-0.577166259170336,80,80,2,2,eligible,0.9239647027561305,80,eligible,0.05392403724262901
902,cell_edge,mobility,mild,True,-0.5524290289002158,80,73,3,2,eligible,0.7961723525134833,80,eligible,0.05667493880255263
903,cell_edge,mobility,mild,True,-0.5725145424231011,80,80,2,2,eligible,0.8712645645942019,80,eligible,0.019090803918593784
904,cell_edge,mobility,mild,True,-0.44057375303338103,80,80,2,2,eligible,0.5064538409738204,80,eligible,0.034360023724848116
905,cell_edge,mobility,mild,True,-0.4049306720072248,80,80,2,2,eligible,0.6609941211106629,80,eligible,0.02635812018869827
906,cell_edge,mobility,mild,False,nan,80,0,1,0,too_few_retained_rows,nan,80,constant_outcome,0.00027066369272398666
907,cell_edge,mobility,mild,True,-0.38632130045835505,80,80,2,2,eligible,0.48184899086138766,80,eligible,0.012189487928162256
908,cell_edge,mobility,mild,True,-0.4517770951871844,80,80,2,2,eligible,0.534577108961856,80,eligible,0.028091551519767177
909,cell_edge,mobility,mild,True,-0.38052430782669616,80,80,2,2,eligible,0.6918655748768797,80,eligible,0.025512485048899088
910,cell_edge,mobility,mild,True,-0.4564558298389541,80,80,2,2,eligible,0.65726239196673,80,eligible,0.04683770769659462
911,cell_edge,mobility,mild,True,-0.44554121031553995,80,80,2,2,eligible,0.8204529129096334,80,eligible,0.09922018958376982
912,cell_edge,mobility,mild,True,-0.2671409416578722,80,80,2,2,eligible,0.314259015911174,80,eligible,0.021669018920871835
913,cell_edge,mobility,mild,True,-0.09013485215196687,80,80,1,1,eligible,0.1608159612499375,80,eligible,0.004993775696771466
914,cell_edge,mobility,mild,True,-0.37635370725011974,80,80,2,2,eligible,0.7963441685591397,80,eligible,0.05071756548383451
915,cell_edge,mobility,moderate,True,-0.48464043437264964,80,80,3,3,eligible,0.8982857806469736,80,eligible,0.03772694048943484
916,cell_edge,mobility,moderate,True,-0.4713605472923014,80,80,1,1,eligible,0.5853066773775557,80,eligible,0.02344034257823004
917,cell_edge,mobility,moderate,True,-0.8230496721660849,80,70,3,1,eligible,0.9093835276515301,80,eligible,0.06535661843348857
918,cell_edge,mobility,moderate,True,-0.3223150292959256,80,80,2,2,eligible,0.6801820862640013,80,eligible,0.0246409740688331
919,cell_edge,mobility,moderate,True,-0.19245008972987515,80,80,1,1,eligible,0.18517224553671546,80,eligible,0.0036413946316151786
920,cell_edge,mobility,moderate,True,-0.3841464637823543,80,76,3,2,eligible,0.7067052832022881,80,eligible,0.017634301055064968
921,cell_edge,mobility,moderate,True,-0.4299880498563409,80,75,2,1,eligible,0.897630532784291,80,eligible,0.054318468583016546
922,cell_edge,mobility,moderate,True,-0.2590679753629277,80,80,2,2,eligible,0.6285104722596432,80,eligible,0.042387233492926515
923,cell_edge,mobility,moderate,True,-0.37533711451604973,80,80,3,3,eligible,0.9015924599521543,80,eligible,0.06543304835539215
924,cell_edge,mobility,moderate,True,-0.5629198571384236,80,80,2,2,eligible,0.8784903614247244,80,eligible,0.08746737036507723
925,cell_edge,mobility,moderate,True,-0.7220132925358586,80,45,3,1,eligible,0.815723179486441,80,eligible,0.029150434349306732
926,cell_edge,mobility,moderate,True,-0.2749513721239743,80,80,1,1,eligible,0.3291235239149714,80,eligible,0.006208252640079813
927,cell_edge,mobility,moderate,True,-0.40622386357874724,80,80,2,2,eligible,0.9071622912852271,80,eligible,0.08374994707518062
928,cell_edge,mobility,moderate,True,-0.3512389428058565,80,74,3,1,eligible,0.8987330594533063,80,eligible,0.06257894045447168
929,cell_edge,mobility,moderate,True,-0.4425092654352067,80,80,2,2,eligible,0.8114675671945207,80,eligible,0.061229840716622554
930,cell_edge,mobility,severe,True,-0.49535173295546797,80,80,2,2,eligible,0.935932982046936,80,eligible,0.08752687110428213
931,cell_edge,mobility,severe,True,-0.5751158837178171,80,80,2,2,eligible,0.9688907529393466,80,eligible,0.050141655744710245
932,cell_edge,mobility,severe,True,-0.5745290771378462,80,71,3,1,eligible,0.9075357161285665,80,eligible,0.017939245269285958
933,cell_edge,mobility,severe,True,-0.3331232284749631,80,80,2,2,eligible,0.5269745675462482,80,eligible,0.012481737433631358
934,cell_edge,mobility,severe,True,-0.18270578138912186,80,80,1,1,eligible,0.1924782912642553,80,eligible,0.003254308571451252
935,cell_edge,mobility,severe,False,nan,80,0,2,0,too_few_retained_rows,nan,80,constant_outcome,0.0007284970561853204
936,cell_edge,mobility,severe,True,-0.14372854802610932,80,80,1,1,eligible,0.18273041267586862,80,eligible,0.001843466400837382
937,cell_edge,mobility,severe,False,nan,80,0,2,0,too_few_retained_rows,0.19254941415467464,80,eligible,0.000831270899319661
938,cell_edge,mobility,severe,True,-0.29967790083796725,80,80,2,2,eligible,0.9095461059008162,80,eligible,0.039449272763351875
939,cell_edge,mobility,severe,True,-0.2182298470530872,80,74,2,1,eligible,0.30094046586548956,80,eligible,0.007822375869838711
940,cell_edge,mobility,severe,True,-0.6765630084028863,80,79,2,1,eligible,0.9448729021379045,80,eligible,0.07151137460150836
941,cell_edge,mobility,severe,True,-0.13069031912949808,80,79,2,1,eligible,0.18951424774631,80,eligible,0.007532063689091406
942,cell_edge,mobility,severe,True,-0.5249674308608874,80,80,2,2,eligible,0.9548878731578584,80,eligible,0.03816030944587827
943,cell_edge,mobility,severe,True,-0.6519450896778503,80,63,2,1,eligible,0.9027618161621417,80,eligible,0.04799114774056914
944,cell_edge,mobility,severe,True,-0.19487094073848932,80,78,2,1,eligible,0.19248844685205657,80,eligible,0.005368583215708603
945,cell_edge,adaptation_mismatch,mild,True,-0.7296724390445797,80,80,2,2,eligible,0.8958425781465728,80,eligible,0.10075110989301446
946,cell_edge,adaptation_mismatch,mild,True,-0.7010341756950083,80,80,2,2,eligible,0.8357445790215953,80,eligible,0.060390198251144354
947,cell_edge,adaptation_mismatch,mild,True,-0.3664739162330251,80,80,2,2,eligible,0.7922361385493425,80,eligible,0.035500263543404
948,cell_edge,adaptation_mismatch,mild,True,-0.12135014877500219,80,80,1,1,eligible,0.2011452257317701,80,eligible,0.00657584119162734
949,cell_edge,adaptation_mismatch,mild,True,-0.8002627297240599,80,79,3,2,eligible,0.9528409263172264,80,eligible,0.05958044103496056
950,cell_edge,adaptation_mismatch,mild,True,-0.6407555320518908,80,80,2,2,eligible,0.7163390760300649,80,eligible,0.05514194314561762
951,cell_edge,adaptation_mismatch,mild,True,-0.4620755448125685,80,80,2,2,eligible,0.7493413880768838,80,eligible,0.036065019137548525
952,cell_edge,adaptation_mismatch,mild,True,-0.7406059611790923,80,80,2,2,eligible,0.9571956879980374,80,eligible,0.0641710038948639
953,cell_edge,adaptation_mismatch,mild,True,-0.40795673166124113,80,80,2,2,eligible,0.5918383710175682,80,eligible,0.03458475752170702
954,cell_edge,adaptation_mismatch,mild,True,-0.2565688859814331,80,80,1,1,eligible,0.24622372585170196,80,eligible,0.004331441443281824
955,cell_edge,adaptation_mismatch,mild,True,-0.5254809349944284,80,80,2,2,eligible,0.7567843386892574,80,eligible,0.036386461973667815
956,cell_edge,adaptation_mismatch,mild,True,-0.5490589267400936,80,80,3,3,eligible,0.8737840187939627,80,eligible,0.04096323775468038
957,cell_edge,adaptation_mismatch,mild,False,nan,80,0,1,0,too_few_retained_rows,nan,80,constant_outcome,9.393339578646354e-06
958,cell_edge,adaptation_mismatch,mild,True,-0.32484879285582563,80,80,2,2,eligible,0.6742041005741285,80,eligible,0.034454932868013946
959,cell_edge,adaptation_mismatch,mild,True,-0.6367377367826046,80,80,2,2,eligible,0.9057545541031521,80,eligible,0.0897182349375695
960,cell_edge,adaptation_mismatch,moderate,True,-0.7635532543428778,80,80,3,3,eligible,0.9335713132858581,80,eligible,0.0606506215286961
961,cell_edge,adaptation_mismatch,moderate,True,-0.6927619941837828,80,80,2,2,eligible,0.8022070320584538,80,eligible,0.07169367795992035
962,cell_edge,adaptation_mismatch,moderate,True,-0.848414493358371,80,80,2,2,eligible,0.9168487885908377,80,eligible,0.04808112550463048
963,cell_edge,adaptation_mismatch,moderate,False,nan,80,0,1,0,too_few_retained_rows,nan,80,constant_outcome,0.00020848477124624787
964,cell_edge,adaptation_mismatch,moderate,True,-0.6304692022668966,80,80,2,2,eligible,0.8916742270345346,80,eligible,0.03958399979075779
965,cell_edge,adaptation_mismatch,moderate,True,-0.7196251351564912,80,80,3,3,eligible,0.8929594133323401,80,eligible,0.07303737148504821
966,cell_edge,adaptation_mismatch,moderate,False,nan,80,0,1,0,too_few_retained_rows,nan,80,constant_outcome,6.89612586203675e-06
967,cell_edge,adaptation_mismatch,moderate,True,-0.4288316580958064,80,80,1,1,eligible,0.40854455047295596,80,eligible,0.0156766750255197
968,cell_edge,adaptation_mismatch,moderate,True,-0.1906930909321464,80,80,1,1,eligible,0.20979067892154235,80,eligible,0.00345699286902148
969,cell_edge,adaptation_mismatch,moderate,False,nan,80,0,1,0,too_few_retained_rows,nan,80,constant_outcome,9.229486856499048e-07
970,cell_edge,adaptation_mismatch,moderate,True,-0.18757793555949828,80,80,1,1,eligible,0.14377826898773796,80,eligible,0.001567816838369518
971,cell_edge,adaptation_mismatch,moderate,True,-0.888598705631751,80,80,2,2,eligible,0.9541767394847427,80,eligible,0.07060047720317564
972,cell_edge,adaptation_mismatch,moderate,False,nan,80,0,1,0,too_few_retained_rows,nan,80,constant_outcome,3.293391380235211e-07
973,cell_edge,adaptation_mismatch,moderate,True,-0.5499449984564412,80,80,2,2,eligible,0.643330968876473,80,eligible,0.035981283947018695
974,cell_edge,adaptation_mismatch,moderate,True,-0.1924500897298752,80,80,1,1,eligible,0.1925166652547678,80,eligible,0.0015893643762945567
975,cell_edge,adaptation_mismatch,severe,True,-0.6914036536979061,80,80,3,3,eligible,0.9666341169221374,80,eligible,0.03243866117721957
976,cell_edge,adaptation_mismatch,severe,True,-0.8145098422746787,80,74,3,2,eligible,0.9579923657409792,80,eligible,0.06521002352995788
977,cell_edge,adaptation_mismatch,severe,True,-0.8339091105321059,80,80,2,2,eligible,0.9018115795928504,80,eligible,0.11176103395101851
978,cell_edge,adaptation_mismatch,severe,True,-0.18868380404600246,80,79,2,1,eligible,0.18761312181671297,80,eligible,0.001603940717676229
979,cell_edge,adaptation_mismatch,severe,True,-0.8530994683900742,80,80,3,3,eligible,0.9641080622264218,80,eligible,0.054318668732407184
980,cell_edge,adaptation_mismatch,severe,True,-0.6971468898195049,80,80,3,3,eligible,0.8650604054098954,80,eligible,0.1156080441071418
981,cell_edge,adaptation_mismatch,severe,True,-0.6109851171756767,80,76,3,2,eligible,0.8109916307477395,80,eligible,0.03121986855191896
982,cell_edge,adaptation_mismatch,severe,False,nan,80,0,1,0,too_few_retained_rows,nan,80,constant_outcome,7.344442780276295e-05
983,cell_edge,adaptation_mismatch,severe,True,-0.7648477865909165,80,80,2,2,eligible,0.9432200395851889,80,eligible,0.048809801219003225
984,cell_edge,adaptation_mismatch,severe,True,-0.6173546990601269,80,80,2,2,eligible,0.8019251754577376,80,eligible,0.03806538737431439
985,cell_edge,adaptation_mismatch,severe,True,-0.46586977738014823,80,74,2,1,eligible,0.5849689669888549,80,eligible,0.010828485622697559
986,cell_edge,adaptation_mismatch,severe,True,-0.9142964157926934,80,80,2,2,eligible,0.9429007317443061,80,eligible,0.0405550265004379
987,cell_edge,adaptation_mismatch,severe,True,-0.6815153683986547,80,80,2,2,eligible,0.9781560157388686,80,eligible,0.03737963745036963
988,cell_edge,adaptation_mismatch,severe,True,-0.13885639385573273,80,80,1,1,eligible,0.14863729112457613,80,eligible,0.001823251311249531
989,cell_edge,adaptation_mismatch,severe,False,nan,80,0,1,0,too_few_retained_rows,nan,80,constant_outcome,1.9514665573829025e-05
990,cell_edge,normal,mild,True,-0.46076768311536004,80,80,2,2,eligible,0.5123323223633018,80,eligible,0.016625022813794403
991,cell_edge,normal,mild,True,-0.7157893980434551,80,80,2,2,eligible,0.9357409335618025,80,eligible,0.05627943549636162
992,cell_edge,normal,mild,True,-0.7856321452736268,80,55,3,2,eligible,0.9180344201828602,80,eligible,0.05448885985077615
993,cell_edge,normal,mild,True,-0.4325342620692634,80,80,2,2,eligible,0.45037732719069606,80,eligible,0.014751901246700417
994,cell_edge,normal,mild,True,-0.44401886706203336,80,80,2,2,eligible,0.7466585993651704,80,eligible,0.030166411727109904
995,cell_edge,normal,mild,True,-0.5420214154250288,80,80,2,2,eligible,0.7523572616539099,80,eligible,0.03168139963411346
996,cell_edge,normal,mild,True,-0.18757793555949867,80,80,1,1,eligible,0.19255619187598108,80,eligible,0.00628280922456873
997,cell_edge,normal,mild,False,nan,80,0,2,0,too_few_retained_rows,nan,80,constant_outcome,1.597116020412015e-05
998,cell_edge,normal,mild,True,-0.597601640011319,80,80,2,2,eligible,0.8338676349132792,80,eligible,0.10068520742555889
999,cell_edge,normal,mild,True,-0.28865829632523193,80,80,1,1,eligible,0.2263901263886276,80,eligible,0.015380564060513774
1000,cell_edge,normal,mild,True,-0.8172983187484447,80,78,3,2,eligible,0.8647552349434386,80,eligible,0.05622797460078031
1001,cell_edge,normal,mild,True,-0.48009094308784295,80,57,2,1,eligible,0.6433892643168242,80,eligible,0.04204236345424079
1002,cell_edge,normal,mild,True,-0.8681378560456428,80,79,2,1,eligible,0.8745880041606766,80,eligible,0.08768290115913621
1003,cell_edge,normal,mild,True,-0.7708998581247489,80,80,2,2,eligible,0.9699303861087057,80,eligible,0.05227002388212689
1004,cell_edge,normal,mild,True,-0.803458350892122,80,80,2,2,eligible,0.9239785524944939,80,eligible,0.054605325659077
1005,cell_edge,normal,moderate,True,-0.624266569674057,80,80,1,1,eligible,0.7376873652071209,80,eligible,0.08568005659978785
1006,cell_edge,normal,moderate,True,-0.2885329715909018,80,80,2,2,eligible,0.5285960734175951,80,eligible,0.06841584954778085
1007,cell_edge,normal,moderate,True,-0.611950695377073,80,80,2,2,eligible,0.9558881650160003,80,eligible,0.060084324768539775
1008,cell_edge,normal,moderate,True,-0.7217861638855388,80,80,1,1,eligible,0.9368942328028191,80,eligible,0.058033744400575696
1009,cell_edge,normal,moderate,True,-0.350816403750993,80,80,2,2,eligible,0.5682158608093193,80,eligible,0.02778583738784433
1010,cell_edge,normal,moderate,True,-0.6439717848454991,80,80,2,2,eligible,0.7104341045100276,80,eligible,0.03130956143534369
1011,cell_edge,normal,moderate,False,nan,80,0,1,0,too_few_retained_rows,nan,80,constant_outcome,0.0005706095503395972
1012,cell_edge,normal,moderate,True,-0.6592874374457183,80,76,2,1,eligible,0.7049228064518615,80,eligible,0.12867270155163973
1013,cell_edge,normal,moderate,True,-0.44693606449516804,80,80,2,2,eligible,0.6390799677774246,80,eligible,0.10016515676723867
1014,cell_edge,normal,moderate,False,nan,80,0,1,0,too_few_retained_rows,nan,80,constant_outcome,4.614501163638235e-05
1015,cell_edge,normal,moderate,True,-0.3829839505938771,80,80,2,2,eligible,0.5301209502465412,80,eligible,0.034469199933728156
1016,cell_edge,normal,moderate,True,-0.5749189419141052,80,73,2,1,eligible,0.7765785290116008,80,eligible,0.05393911789804111
1017,cell_edge,normal,moderate,True,-0.7982438918206964,80,80,2,2,eligible,0.9303249436667771,80,eligible,0.14229367935146242
1018,cell_edge,normal,moderate,False,nan,80,0,1,0,too_few_retained_rows,nan,80,constant_outcome,2.6073560124850736e-06
1019,cell_edge,normal,moderate,False,nan,80,0,2,0,too_few_retained_rows,nan,80,constant_outcome,2.234451312780744e-05
1020,cell_edge,normal,severe,True,-0.6142963722669594,80,80,2,2,eligible,0.8196583861252627,80,eligible,0.06505143823151825
1021,cell_edge,normal,severe,True,-0.24616744465786156,80,80,1,1,eligible,0.23061394053580242,80,eligible,0.003928970925272274
1022,cell_edge,normal,severe,True,-0.7973582718162034,80,80,1,1,eligible,0.8812255104932676,80,eligible,0.11209055638327658
1023,cell_edge,normal,severe,False,nan,80,12,2,1,too_few_retained_rows,0.4347410873213643,80,eligible,0.015627538270350377
1024,cell_edge,normal,severe,True,-0.8702553614747417,80,77,2,1,eligible,0.9460147896833386,80,eligible,0.09255716431783183
1025,cell_edge,normal,severe,True,-0.7173176593706192,80,70,2,1,eligible,0.855946576434488,80,eligible,0.07377588317851512
1026,cell_edge,normal,severe,True,-0.5863221284894938,80,80,1,1,eligible,0.6961162973902449,80,eligible,0.13903709453251512
1027,cell_edge,normal,severe,True,-0.3256822243602049,80,80,2,2,eligible,0.4129327594722035,80,eligible,0.025519066565313143
1028,cell_edge,normal,severe,True,-0.8741868282148668,80,80,2,2,eligible,0.9561158722728691,80,eligible,0.0605825180875809
1029,cell_edge,normal,severe,True,-0.8049999932472526,80,80,2,2,eligible,0.8856351032121383,80,eligible,0.07227780919081232
1030,cell_edge,normal,severe,True,-0.4589456533025132,80,75,2,1,eligible,0.5192085973589228,80,eligible,0.018264684800127943
1031,cell_edge,normal,severe,False,nan,80,0,1,0,too_few_retained_rows,nan,80,constant_outcome,1.5284658066354316e-05
1032,cell_edge,normal,severe,True,-0.5350735966392816,80,80,2,2,eligible,0.6034496125965163,80,eligible,0.038036515194394466
1033,cell_edge,normal,severe,True,-0.2943605960487492,80,80,2,2,eligible,0.5816297762285396,80,eligible,0.019849021241021104
1034,cell_edge,normal,severe,True,-0.5963126609425615,80,80,2,2,eligible,0.759616886939716,80,eligible,0.05878707755513764
1035,cell_edge,nonphysical_goodput,mild,True,-0.5615533624326393,80,80,2,2,eligible,0.8144374731576376,80,eligible,0.06486898690898417
1036,cell_edge,nonphysical_goodput,mild,True,-0.5514112565393509,80,77,2,1,eligible,0.7168527266249375,80,eligible,0.13783860414495538
1037,cell_edge,nonphysical_goodput,mild,True,-0.7571525950477634,80,80,1,1,eligible,0.8794072935103322,80,eligible,0.10168877358913328
1038,cell_edge,nonphysical_goodput,mild,True,-0.5043522717012721,80,80,2,2,eligible,0.5781700680052824,80,eligible,0.057976488686250306
1039,cell_edge,nonphysical_goodput,mild,True,-0.8124012002066353,80,80,2,2,eligible,0.856046272939814,80,eligible,0.09183490792805897
1040,cell_edge,nonphysical_goodput,mild,True,-0.32165786161450255,80,26,2,1,eligible,0.5393830050412277,80,eligible,0.023603152629094494
1041,cell_edge,nonphysical_goodput,mild,True,-0.28784957264003425,80,80,2,2,eligible,0.4536087178955627,80,eligible,0.006197139227593812
1042,cell_edge,nonphysical_goodput,mild,False,nan,80,11,2,1,too_few_retained_rows,0.2411862495330078,80,eligible,0.007628121528438829
1043,cell_edge,nonphysical_goodput,mild,False,nan,80,0,1,0,too_few_retained_rows,nan,80,constant_outcome,0.0008694380549681302
1044,cell_edge,nonphysical_goodput,mild,True,-0.8402278599893829,80,80,1,1,eligible,0.8682310689724009,80,eligible,0.09322043647673166
1045,cell_edge,nonphysical_goodput,mild,True,-0.19999999999999996,80,74,2,1,eligible,0.3652321332585847,80,eligible,0.006211868730281948
1046,cell_edge,nonphysical_goodput,mild,True,-0.6179038376536264,80,80,1,1,eligible,0.5735663317018492,80,eligible,0.07298498172512646
1047,cell_edge,nonphysical_goodput,mild,True,-0.1839714270376791,80,80,1,1,eligible,0.4882934804307821,80,eligible,0.3104641554661109
1048,cell_edge,nonphysical_goodput,mild,True,-0.1263321255854328,80,80,1,1,eligible,0.9546070189700705,80,eligible,0.023470444215129088
1049,cell_edge,nonphysical_goodput,mild,True,-0.3782396673402573,80,80,2,2,eligible,0.5335668630604994,80,eligible,0.018035761260858853
1050,cell_edge,nonphysical_goodput,moderate,True,-0.719228607766736,80,80,2,2,eligible,0.936902067152211,80,eligible,0.08022476096007805
1051,cell_edge,nonphysical_goodput,moderate,True,-0.6516807829382698,80,80,1,1,eligible,0.9725391341326158,80,eligible,0.04158916411183354
1052,cell_edge,nonphysical_goodput,moderate,False,nan,80,0,1,0,too_few_retained_rows,nan,80,constant_outcome,0.0004106425450123907
1053,cell_edge,nonphysical_goodput,moderate,False,nan,80,0,1,0,too_few_retained_rows,nan,80,constant_outcome,3.7236111916083558e-09
1054,cell_edge,nonphysical_goodput,moderate,True,-0.885701492263569,80,75,2,1,eligible,0.9697523539226859,80,eligible,0.0555342699376856
1055,cell_edge,nonphysical_goodput,moderate,True,-0.5989026739634269,80,80,2,2,eligible,0.6932641638568966,80,eligible,0.06958182373024872
1056,cell_edge,nonphysical_goodput,moderate,True,-0.14629677235269237,80,80,1,1,eligible,0.18889938819418875,80,eligible,0.028671269401763406
1057,cell_edge,nonphysical_goodput,moderate,True,-0.5391071649510238,80,80,2,2,eligible,0.48877420506597086,80,eligible,0.025000639080795778
1058,cell_edge,nonphysical_goodput,moderate,True,-0.8122589723349403,80,74,2,1,eligible,0.8996367531208671,80,eligible,0.07123348725334876
1059,cell_edge,nonphysical_goodput,moderate,True,-0.3449391114115148,80,80,2,2,eligible,0.3503886042720298,80,eligible,0.028070326096009728
1060,cell_edge,nonphysical_goodput,moderate,True,-0.512852794188752,80,76,2,1,eligible,0.42378494928292526,80,eligible,0.10282189128566732
1061,cell_edge,nonphysical_goodput,moderate,True,-0.470384817041181,80,80,2,2,eligible,0.7302309216699681,80,eligible,0.05673584223991859
1062,cell_edge,nonphysical_goodput,moderate,True,-0.8821746428802604,80,54,2,1,eligible,0.8543564308451044,80,eligible,0.04113476450774106
1063,cell_edge,nonphysical_goodput,moderate,True,-0.7730941334839694,80,80,2,2,eligible,0.9692567727932608,80,eligible,0.05693221829951596
1064,cell_edge,nonphysical_goodput,moderate,True,-0.4086394598862661,80,75,2,1,eligible,0.4340301162533799,80,eligible,0.011117407115121847
1065,cell_edge,nonphysical_goodput,severe,False,nan,80,0,2,0,too_few_retained_rows,nan,80,constant_outcome,0.0004035961282657527
1066,cell_edge,nonphysical_goodput,severe,True,-0.6354030989401822,80,80,2,2,eligible,0.8743216298736357,80,eligible,0.09041400436678981
1067,cell_edge,nonphysical_goodput,severe,True,-0.002436077085188301,80,80,1,1,eligible,-0.012185671028765293,80,eligible,0.0029025072519556034
1068,cell_edge,nonphysical_goodput,severe,True,-0.6859028584387078,80,80,2,2,eligible,0.8060411563195325,80,eligible,0.045879863263254064
1069,cell_edge,nonphysical_goodput,severe,True,-0.39881134686269626,80,80,2,2,eligible,0.4999184538117343,80,eligible,0.022108425360766196
1070,cell_edge,nonphysical_goodput,severe,False,nan,80,0,1,0,too_few_retained_rows,nan,80,constant_outcome,3.714991889930408e-06
1071,cell_edge,nonphysical_goodput,severe,True,-0.735059246547643,80,80,2,2,eligible,0.8754437381150917,80,eligible,0.05374896562633783
1072,cell_edge,nonphysical_goodput,severe,True,-0.4270516524022825,80,80,2,2,eligible,0.6102332703591589,80,eligible,0.05338028881602368
1073,cell_edge,nonphysical_goodput,severe,False,nan,80,0,1,0,too_few_retained_rows,nan,80,constant_outcome,7.446990433336714e-05
1074,cell_edge,nonphysical_goodput,severe,True,-0.7807655159946161,80,80,2,2,eligible,0.9505008298648812,80,eligible,0.10968693126959664
1075,cell_edge,nonphysical_goodput,severe,True,-0.49340688203146266,80,80,1,1,eligible,0.7706330311996544,80,eligible,0.15922930930046003
1076,cell_edge,nonphysical_goodput,severe,True,-0.42439723804980717,80,80,1,1,eligible,0.674756217339439,80,eligible,0.18133347001011368
1077,cell_edge,nonphysical_goodput,severe,True,-0.5839674643751759,80,80,2,2,eligible,0.874051176887997,80,eligible,0.08196235991854237
1078,cell_edge,nonphysical_goodput,severe,False,nan,80,0,1,0,too_few_retained_rows,nan,80,constant_outcome,4.92757873830435e-05
1079,cell_edge,nonphysical_goodput,severe,True,-0.5300912577967454,80,80,1,1,eligible,0.8998275011941759,80,eligible,0.0478846634680836
