regime,label,severity,sample_index,seed,event_start,event_end,event_duration,baseline_snr_db,baseline_doppler_hz,tdl,rms_delay_ns,global_index
indoor,interference,mild,0,1060558475,32,59,27,21.83636874835597,1.0715424000374,TDL-A,30.0,0
indoor,interference,mild,1,4181877572,32,58,26,24.210471213232363,5.876380729570287,TDL-A,30.0,1
indoor,interference,mild,2,1723972074,32,60,28,23.20209613218914,4.458077250341452,TDL-A,30.0,2
indoor,interference,mild,3,4010847279,34,63,29,19.907535972430416,4.097941267344463,TDL-A,30.0,3
indoor,interference,mild,4,1479013382,37,61,24,17.767089054891034,7.799070420228951,TDL-A,30.0,4
indoor,interference,mild,5,2009899128,31,55,24,21.648869476412745,7.532282512127509,TDL-A,30.0,5
indoor,interference,mild,6,3976853404,35,59,24,23.736136697108748,2.7018310996763284,TDL-A,30.0,6
indoor,interference,mild,7,3749911487,32,54,22,21.32022330019532,3.700671122694464,TDL-A,30.0,7
indoor,interference,mild,8,3483530689,31,59,28,18.728630519858733,6.582807571224533,TDL-A,30.0,8
indoor,interference,mild,9,2279053652,37,62,25,21.67261064279838,6.4303118207590515,TDL-A,30.0,9
indoor,interference,mild,10,2956490799,30,56,26,19.848795832385854,5.969012926063387,TDL-A,30.0,10
indoor,interference,mild,11,3822783381,37,62,25,24.637892138194765,2.6779765099378467,TDL-A,30.0,11
indoor,interference,mild,12,2204669216,34,59,25,19.67229608632532,4.3474511864774525,TDL-A,30.0,12
indoor,interference,mild,13,4116197651,32,61,29,19.375278107620048,6.766703493220907,TDL-A,30.0,13
indoor,interference,mild,14,1747255020,32,61,29,19.467684948927488,6.542806398944903,TDL-A,30.0,14
indoor,interference,moderate,0,3105772140,30,59,29,24.8791932737033,4.893992903395995,TDL-A,30.0,15
indoor,interference,moderate,1,203967442,36,63,27,19.91054786397053,5.63087618193903,TDL-A,30.0,16
indoor,interference,moderate,2,521228373,32,60,28,18.031093022043805,5.895814980750712,TDL-A,30.0,17
indoor,interference,moderate,3,3118625112,36,60,24,24.258518698090583,2.034773768446002,TDL-A,30.0,18
indoor,interference,moderate,4,4100328317,30,55,25,24.71986652989212,4.758247533619942,TDL-A,30.0,19
indoor,interference,moderate,5,735628240,34,59,25,19.16397728217501,6.470785368186937,TDL-A,30.0,20
indoor,interference,moderate,6,2374546219,32,54,22,16.835648996490807,2.5934399387922262,TDL-A,30.0,21
indoor,interference,moderate,7,2042797351,32,56,24,23.046262134056686,7.689193777599382,TDL-A,30.0,22
indoor,interference,moderate,8,3202181347,35,62,27,23.96777623669454,1.2911320016633003,TDL-A,30.0,23
indoor,interference,moderate,9,1988551448,33,55,22,16.4727629100889,4.770913970976863,TDL-A,30.0,24
indoor,interference,moderate,10,313916854,32,61,29,17.144841083379937,3.7853040010319385,TDL-A,30.0,25
indoor,interference,moderate,11,222891564,35,61,26,24.544406197285834,2.740902477520377,TDL-A,30.0,26
indoor,interference,moderate,12,86707351,36,64,28,19.39749994349932,5.566503584051293,TDL-A,30.0,27
indoor,interference,moderate,13,1273135372,34,63,29,20.70913058037274,5.070238399219697,TDL-A,30.0,28
indoor,interference,moderate,14,276342895,36,63,27,19.56864898532419,2.599934851383721,TDL-A,30.0,29
indoor,interference,severe,0,1139929502,37,61,24,23.808313960213184,2.702393279463844,TDL-A,30.0,30
indoor,interference,severe,1,3987590657,35,63,28,19.8962915997815,5.183254941815832,TDL-A,30.0,31
indoor,interference,severe,2,3704981296,32,56,24,22.039488408300237,7.207120953408055,TDL-A,30.0,32
indoor,interference,severe,3,741029725,33,57,24,19.82525815920874,1.0131755608416184,TDL-A,30.0,33
indoor,interference,severe,4,2325870646,30,52,22,19.967876537163725,5.394981030302002,TDL-A,30.0,34
indoor,interference,severe,5,3273412563,34,63,29,18.35191423000978,4.986536177147242,TDL-A,30.0,35
indoor,interference,severe,6,3128815502,33,56,23,22.800983065381573,3.1810616899133377,TDL-A,30.0,36
indoor,interference,severe,7,1544963422,37,66,29,24.727412014802596,2.4966847474751503,TDL-A,30.0,37
indoor,interference,severe,8,4248646626,34,56,22,17.406471924577186,4.348407467935729,TDL-A,30.0,38
indoor,interference,severe,9,3219406897,35,59,24,18.02376211538649,7.453781716130254,TDL-A,30.0,39
indoor,interference,severe,10,2640806999,36,61,25,18.22920507961803,7.2114310673602,TDL-A,30.0,40
indoor,interference,severe,11,2657229760,36,65,29,21.134821686435515,2.463555241485915,TDL-A,30.0,41
indoor,interference,severe,12,4194672422,31,53,22,24.82142721004257,3.704327077219544,TDL-A,30.0,42
indoor,interference,severe,13,1858125169,33,62,29,16.17359342141482,4.680959622314289,TDL-A,30.0,43
indoor,interference,severe,14,2852282118,33,55,22,23.82796751782414,6.152480943336538,TDL-A,30.0,44
indoor,blockage,mild,0,796109830,36,60,24,24.026830344715087,7.400167313983884,TDL-A,30.0,45
indoor,blockage,mild,1,1440903760,30,59,29,19.124788076698245,7.8037845796845,TDL-A,30.0,46
indoor,blockage,mild,2,532048390,35,62,27,17.59998002638695,4.82695948593868,TDL-A,30.0,47
indoor,blockage,mild,3,2047483034,34,62,28,16.501147939748662,7.58209301328438,TDL-A,30.0,48
indoor,blockage,mild,4,2964309312,31,59,28,20.878256208963098,4.138745284400834,TDL-A,30.0,49
indoor,blockage,mild,5,1505150038,32,56,24,23.68385906197536,2.619879465620841,TDL-A,30.0,50
indoor,blockage,mild,6,3455997241,31,59,28,18.041296434700016,4.6397123615125935,TDL-A,30.0,51
indoor,blockage,mild,7,2162572320,36,59,23,18.2214396407915,1.2481850474841751,TDL-A,30.0,52
indoor,blockage,mild,8,911144666,36,64,28,24.55707204817042,1.7782920604610213,TDL-A,30.0,53
indoor,blockage,mild,9,591622688,37,61,24,20.990082359994666,2.719604704562603,TDL-A,30.0,54
indoor,blockage,mild,10,3539822175,34,60,26,16.59420107791893,3.536243342122731,TDL-A,30.0,55
indoor,blockage,mild,11,359051894,33,56,23,16.437336195876473,4.9241870181995875,TDL-A,30.0,56
indoor,blockage,mild,12,541139908,33,56,23,21.478883856929688,4.763129435688231,TDL-A,30.0,57
indoor,blockage,mild,13,3804487204,30,57,27,22.40781504863272,7.934906842929367,TDL-A,30.0,58
indoor,blockage,mild,14,1096358414,37,66,29,22.807123277972924,2.87100991022353,TDL-A,30.0,59
indoor,blockage,moderate,0,457638739,33,61,28,18.407943402230394,6.983792802776168,TDL-A,30.0,60
indoor,blockage,moderate,1,4116222790,34,60,26,24.853510396167014,4.700782060379478,TDL-A,30.0,61
indoor,blockage,moderate,2,2234830657,32,55,23,17.039920317445706,4.075826350328731,TDL-A,30.0,62
indoor,blockage,moderate,3,3753367407,30,58,28,17.876797975540327,4.2220785139489605,TDL-A,30.0,63
indoor,blockage,moderate,4,4009431676,34,63,29,22.967601016460158,1.2962497558321937,TDL-A,30.0,64
indoor,blockage,moderate,5,2086526657,31,59,28,24.22721121138987,1.309641823887155,TDL-A,30.0,65
indoor,blockage,moderate,6,1983117472,31,54,23,24.679649792864332,1.63097670978746,TDL-A,30.0,66
indoor,blockage,moderate,7,3363874216,30,57,27,22.772543518261408,1.4084705591168665,TDL-A,30.0,67
indoor,blockage,moderate,8,1893862956,34,60,26,22.022344917791017,7.253215984380673,TDL-A,30.0,68
indoor,blockage,moderate,9,1224320429,37,59,22,21.395353249343433,6.701171757360129,TDL-A,30.0,69
indoor,blockage,moderate,10,969099252,35,63,28,21.314505181324893,2.1237251166303874,TDL-A,30.0,70
indoor,blockage,moderate,11,506222114,34,62,28,20.54926448646143,7.858055746715483,TDL-A,30.0,71
indoor,blockage,moderate,12,2026872477,35,64,29,18.599598628112375,6.0316145940735675,TDL-A,30.0,72
indoor,blockage,moderate,13,2946280389,37,64,27,23.8051983512791,1.5126390699674683,TDL-A,30.0,73
indoor,blockage,moderate,14,1068264666,33,55,22,21.125896482575712,1.8818492323406635,TDL-A,30.0,74
indoor,blockage,severe,0,1473116510,37,65,28,21.806912953315226,3.893741676684817,TDL-A,30.0,75
indoor,blockage,severe,1,347879305,35,62,27,21.027192088963158,6.928880570589072,TDL-A,30.0,76
indoor,blockage,severe,2,1477415033,33,59,26,16.79119353942687,6.616080180529707,TDL-A,30.0,77
indoor,blockage,severe,3,3342620023,32,59,27,23.733881370628627,1.0204029265606218,TDL-A,30.0,78
indoor,blockage,severe,4,1306316880,32,54,22,20.61945703950376,2.9110449470410242,TDL-A,30.0,79
indoor,blockage,severe,5,2735275516,34,58,24,19.339438992293537,6.994277787624039,TDL-A,30.0,80
indoor,blockage,severe,6,3895657029,33,60,27,18.479176202956843,6.376161245412819,TDL-A,30.0,81
indoor,blockage,severe,7,1030446711,33,62,29,19.424671691321578,3.6871980293026296,TDL-A,30.0,82
indoor,blockage,severe,8,3457240339,34,56,22,16.650306541917175,5.99101583469923,TDL-A,30.0,83
indoor,blockage,severe,9,471586617,31,54,23,17.14774231585412,2.3504906089461772,TDL-A,30.0,84
indoor,blockage,severe,10,3729659227,33,57,24,17.598585700902056,1.6634821497812107,TDL-A,30.0,85
indoor,blockage,severe,11,1858239702,31,57,26,18.090592833445925,4.937018127030509,TDL-A,30.0,86
indoor,blockage,severe,12,2817771715,30,52,22,21.8262562456645,4.07923242130056,TDL-A,30.0,87
indoor,blockage,severe,13,3501298917,31,56,25,21.23907729068166,3.2881385258324154,TDL-A,30.0,88
indoor,blockage,severe,14,3699444922,35,61,26,20.42955377845626,2.7118628401694957,TDL-A,30.0,89
indoor,mobility,mild,0,2267889176,34,57,23,21.945884779722043,1.848258218923208,TDL-A,30.0,90
indoor,mobility,mild,1,3701163897,31,59,28,18.846376226523834,1.4352419306115596,TDL-A,30.0,91
indoor,mobility,mild,2,2375773068,32,56,24,23.774949724698303,3.9825784002606275,TDL-A,30.0,92
indoor,mobility,mild,3,4194946787,31,59,28,17.660294975838337,6.567181805644618,TDL-A,30.0,93
indoor,mobility,mild,4,1838526722,35,64,29,21.09333439356711,2.6482193044188587,TDL-A,30.0,94
indoor,mobility,mild,5,689279965,33,56,23,22.487713386925886,1.9235346180036936,TDL-A,30.0,95
indoor,mobility,mild,6,2198763619,30,57,27,16.843305791705486,1.1316485442142632,TDL-A,30.0,96
indoor,mobility,mild,7,4129736063,37,65,28,18.49055185418762,2.805303674391345,TDL-A,30.0,97
indoor,mobility,mild,8,2989572088,35,57,22,17.688155781908403,7.099926260136852,TDL-A,30.0,98
indoor,mobility,mild,9,1733895371,32,56,24,23.84870999930777,4.389976628039063,TDL-A,30.0,99
indoor,mobility,mild,10,3496029770,33,59,26,20.194900979073374,2.487225055019066,TDL-A,30.0,100
indoor,mobility,mild,11,2076649638,30,53,23,18.119913079654033,5.6325398318531334,TDL-A,30.0,101
indoor,mobility,mild,12,4082963349,36,61,25,17.018237664059196,2.9360299427096472,TDL-A,30.0,102
indoor,mobility,mild,13,3806417875,35,64,29,21.748193850648146,2.831137151479136,TDL-A,30.0,103
indoor,mobility,mild,14,53925335,37,66,29,18.852723869866036,3.5659357426210074,TDL-A,30.0,104
indoor,mobility,moderate,0,1904027022,34,63,29,17.931289470214306,1.5519936144865927,TDL-A,30.0,105
indoor,mobility,moderate,1,1784178377,33,58,25,20.110039581175172,6.413614895005431,TDL-A,30.0,106
indoor,mobility,moderate,2,352134600,32,61,29,24.784158479618327,5.961614767443031,TDL-A,30.0,107
indoor,mobility,moderate,3,1415854216,31,57,26,16.443955179204362,2.6004376907424316,TDL-A,30.0,108
indoor,mobility,moderate,4,1832206726,36,62,26,18.557185181408983,7.7842868501902736,TDL-A,30.0,109
indoor,mobility,moderate,5,49908680,33,57,24,17.17017092010385,4.7782443339346115,TDL-A,30.0,110
indoor,mobility,moderate,6,1549143392,33,62,29,20.807505155511812,3.958521614035477,TDL-A,30.0,111
indoor,mobility,moderate,7,763488877,34,60,26,20.218613334545424,3.750009504253968,TDL-A,30.0,112
indoor,mobility,moderate,8,3013346815,36,62,26,17.298005496142085,1.1435320694924287,TDL-A,30.0,113
indoor,mobility,moderate,9,1330943417,33,59,26,22.001100353530617,5.629212792066889,TDL-A,30.0,114
indoor,mobility,moderate,10,1571476697,37,66,29,20.739768535851557,1.120305092752808,TDL-A,30.0,115
indoor,mobility,moderate,11,3823585629,35,62,27,23.821721111925324,5.807674880086857,TDL-A,30.0,116
indoor,mobility,moderate,12,3028685703,30,52,22,18.496254474565013,5.944805030804627,TDL-A,30.0,117
indoor,mobility,moderate,13,3436455284,33,60,27,17.687509472669827,3.3127151759834037,TDL-A,30.0,118
indoor,mobility,moderate,14,3778662778,36,64,28,23.137736943904017,1.8471487926114976,TDL-A,30.0,119
indoor,mobility,severe,0,1206431386,33,56,23,17.135178273483984,1.7108862798518272,TDL-A,30.0,120
indoor,mobility,severe,1,3739828814,36,62,26,19.34589757508807,3.1071803197459027,TDL-A,30.0,121
indoor,mobility,severe,2,389085567,33,61,28,21.95315066518985,7.678314530360426,TDL-A,30.0,122
indoor,mobility,severe,3,4192715599,30,55,25,18.446865483740652,2.5339259478124916,TDL-A,30.0,123
indoor,mobility,severe,4,2078085866,32,54,22,17.816404079893665,1.3967829103474148,TDL-A,30.0,124
indoor,mobility,severe,5,2948777768,32,55,23,16.217585995435183,5.789506780965167,TDL-A,30.0,125
indoor,mobility,severe,6,2305898817,33,60,27,17.84039610920073,5.450382198421911,TDL-A,30.0,126
indoor,mobility,severe,7,143317218,31,53,22,18.20006693744355,1.735560739090666,TDL-A,30.0,127
indoor,mobility,severe,8,1630391888,32,56,24,21.628357473239475,2.0602214103837952,TDL-A,30.0,128
indoor,mobility,severe,9,98448475,32,59,27,20.751449364174277,1.4599200536737644,TDL-A,30.0,129
indoor,mobility,severe,10,2390844694,31,57,26,18.073721058576588,3.6334402451049974,TDL-A,30.0,130
indoor,mobility,severe,11,3914295728,37,60,23,18.538005464553628,4.781258446300891,TDL-A,30.0,131
indoor,mobility,severe,12,969315002,36,58,22,18.290890170813025,7.42137914543276,TDL-A,30.0,132
indoor,mobility,severe,13,2446363320,35,63,28,18.52343792522394,1.7782285768169774,TDL-A,30.0,133
indoor,mobility,severe,14,996074727,33,62,29,19.536067680306452,5.974348332678806,TDL-A,30.0,134
indoor,adaptation_mismatch,mild,0,1052189375,33,62,29,16.787960782974043,6.852529939463297,TDL-A,30.0,135
indoor,adaptation_mismatch,mild,1,1849526051,35,61,26,21.529003937673497,6.5454090244483645,TDL-A,30.0,136
indoor,adaptation_mismatch,mild,2,370874030,32,61,29,16.023689989436598,2.63759228592272,TDL-A,30.0,137
indoor,adaptation_mismatch,mild,3,1977291398,32,57,25,18.289167298987582,4.466634227204465,TDL-A,30.0,138
indoor,adaptation_mismatch,mild,4,2652068692,31,59,28,22.08446187218477,5.882263113461409,TDL-A,30.0,139
indoor,adaptation_mismatch,mild,5,3628625892,31,53,22,20.98357230727686,4.055519944809156,TDL-A,30.0,140
indoor,adaptation_mismatch,mild,6,881623165,35,58,23,20.571357130923715,5.979511336047163,TDL-A,30.0,141
indoor,adaptation_mismatch,mild,7,1338917884,36,65,29,24.245240415323032,4.9974368899363615,TDL-A,30.0,142
indoor,adaptation_mismatch,mild,8,4165564346,33,56,23,21.308346963422423,4.601929029760699,TDL-A,30.0,143
indoor,adaptation_mismatch,mild,9,1724284697,30,53,23,20.283539029386738,1.7158638301693236,TDL-A,30.0,144
indoor,adaptation_mismatch,mild,10,3212870530,33,57,24,17.988991225758568,1.154010861189655,TDL-A,30.0,145
indoor,adaptation_mismatch,mild,11,3870444382,34,56,22,23.66856854831664,4.433268594371427,TDL-A,30.0,146
indoor,adaptation_mismatch,mild,12,3994638167,33,59,26,21.199926570456984,1.9900167180049269,TDL-A,30.0,147
indoor,adaptation_mismatch,mild,13,3904090843,37,62,25,17.592747734891674,5.796409423804945,TDL-A,30.0,148
indoor,adaptation_mismatch,mild,14,1537900363,31,59,28,22.07019449941107,5.400316679592968,TDL-A,30.0,149
indoor,adaptation_mismatch,moderate,0,3961564440,33,62,29,22.081076842691537,1.1144815190400377,TDL-A,30.0,150
indoor,adaptation_mismatch,moderate,1,3048503996,32,60,28,18.454254575788873,7.274963074887622,TDL-A,30.0,151
indoor,adaptation_mismatch,moderate,2,981698562,30,53,23,17.609871678470142,4.901809386481121,TDL-A,30.0,152
indoor,adaptation_mismatch,moderate,3,3194950554,33,61,28,21.981920160091473,2.3586628394352918,TDL-A,30.0,153
indoor,adaptation_mismatch,moderate,4,2748370256,30,52,22,22.636148803631407,4.590838884085734,TDL-A,30.0,154
indoor,adaptation_mismatch,moderate,5,2569943525,30,58,28,22.202730401027317,7.695343257204751,TDL-A,30.0,155
indoor,adaptation_mismatch,moderate,6,1517309220,31,60,29,20.26611322076001,7.104694667511471,TDL-A,30.0,156
indoor,adaptation_mismatch,moderate,7,3922324591,32,55,23,16.800174171357558,7.755305716634966,TDL-A,30.0,157
indoor,adaptation_mismatch,moderate,8,4134107319,32,56,24,22.7541541087096,1.1885301717511487,TDL-A,30.0,158
indoor,adaptation_mismatch,moderate,9,1752198471,34,63,29,19.125302535287986,3.096628882540531,TDL-A,30.0,159
indoor,adaptation_mismatch,moderate,10,1454547406,31,55,24,18.225924236879564,3.8947768117352557,TDL-A,30.0,160
indoor,adaptation_mismatch,moderate,11,234887969,34,57,23,18.546537564431564,7.280888485189748,TDL-A,30.0,161
indoor,adaptation_mismatch,moderate,12,3601453490,30,53,23,16.770852892319525,6.036531226372233,TDL-A,30.0,162
indoor,adaptation_mismatch,moderate,13,3067426190,32,58,26,23.091635974439534,6.1790259125331115,TDL-A,30.0,163
indoor,adaptation_mismatch,moderate,14,1129668035,31,60,29,23.446163639218632,2.682278950467869,TDL-A,30.0,164
indoor,adaptation_mismatch,severe,0,1337952968,34,59,25,21.059658964170886,1.1245695076454785,TDL-A,30.0,165
indoor,adaptation_mismatch,severe,1,3551461035,30,53,23,18.45686462515718,3.672905909562568,TDL-A,30.0,166
indoor,adaptation_mismatch,severe,2,2477409300,37,64,27,24.637083614282417,7.746755135205903,TDL-A,30.0,167
indoor,adaptation_mismatch,severe,3,3611738336,32,57,25,18.497806901603347,5.94980920849917,TDL-A,30.0,168
indoor,adaptation_mismatch,severe,4,2676211295,33,60,27,24.733095473684077,4.886863281856213,TDL-A,30.0,169
indoor,adaptation_mismatch,severe,5,1344525143,37,60,23,17.28832683610993,7.5156511335259015,TDL-A,30.0,170
indoor,adaptation_mismatch,severe,6,1867865302,34,59,25,16.35211906613434,3.6079489915981027,TDL-A,30.0,171
indoor,adaptation_mismatch,severe,7,1669846721,30,59,29,23.045511987243504,4.1179587192746645,TDL-A,30.0,172
indoor,adaptation_mismatch,severe,8,3687875382,33,60,27,23.699310521869997,7.417596031220992,TDL-A,30.0,173
indoor,adaptation_mismatch,severe,9,2111092458,37,66,29,17.559196420643588,3.038047139858741,TDL-A,30.0,174
indoor,adaptation_mismatch,severe,10,1900349146,37,65,28,16.597987973019404,5.1759263476321875,TDL-A,30.0,175
indoor,adaptation_mismatch,severe,11,1632874710,34,56,22,16.50424595156008,3.5659252696291186,TDL-A,30.0,176
indoor,adaptation_mismatch,severe,12,1252676422,31,55,24,18.516410827969622,6.776849429529213,TDL-A,30.0,177
indoor,adaptation_mismatch,severe,13,1510571342,32,55,23,20.539449469229005,5.993062720220357,TDL-A,30.0,178
indoor,adaptation_mismatch,severe,14,1822389220,31,55,24,17.063586756404984,6.806518142840009,TDL-A,30.0,179
indoor,normal,mild,0,3634062584,37,63,26,20.7977860369115,5.819016864279222,TDL-A,30.0,180
indoor,normal,mild,1,565349267,34,59,25,21.423253072984604,4.870035561224171,TDL-A,30.0,181
indoor,normal,mild,2,2119071072,37,61,24,16.091931357419426,6.1069883797572455,TDL-A,30.0,182
indoor,normal,mild,3,2898785804,36,64,28,24.03445238664692,1.0370320161092073,TDL-A,30.0,183
indoor,normal,mild,4,3264044177,33,59,26,23.90782714056767,7.805894629284276,TDL-A,30.0,184
indoor,normal,mild,5,1790557685,34,61,27,19.687914163796354,3.9159159380599347,TDL-A,30.0,185
indoor,normal,mild,6,3749235559,37,65,28,18.334605183660067,1.2327152884666486,TDL-A,30.0,186
indoor,normal,mild,7,28505548,36,64,28,19.771675211512076,4.7177581611240464,TDL-A,30.0,187
indoor,normal,mild,8,2664480735,30,54,24,24.911281254430204,6.878727326539355,TDL-A,30.0,188
indoor,normal,mild,9,4257779794,31,59,28,24.051060792952136,4.676605047982912,TDL-A,30.0,189
indoor,normal,mild,10,72093429,35,61,26,16.083106524124627,2.156431058188669,TDL-A,30.0,190
indoor,normal,mild,11,870710301,34,62,28,22.1024213465319,5.291538958918097,TDL-A,30.0,191
indoor,normal,mild,12,1448430331,32,60,28,19.839457645712898,6.617681319535351,TDL-A,30.0,192
indoor,normal,mild,13,976603625,34,62,28,21.371866476645167,7.161067893620366,TDL-A,30.0,193
indoor,normal,mild,14,3769122615,33,57,24,21.33833632293777,4.010274875244525,TDL-A,30.0,194
indoor,normal,moderate,0,3116447740,33,56,23,19.466274038964432,6.708959270532928,TDL-A,30.0,195
indoor,normal,moderate,1,2168566280,36,65,29,16.71009568273803,2.2576473524907508,TDL-A,30.0,196
indoor,normal,moderate,2,1835496012,34,57,23,16.386430659503386,3.293594991012637,TDL-A,30.0,197
indoor,normal,moderate,3,11277328,30,56,26,24.847411951110644,3.0797449369773466,TDL-A,30.0,198
indoor,normal,moderate,4,3276844013,31,53,22,23.50036411866828,4.383948935254595,TDL-A,30.0,199
indoor,normal,moderate,5,1000899656,37,60,23,21.96902114018867,2.4425345106541325,TDL-A,30.0,200
indoor,normal,moderate,6,584367029,37,66,29,23.58138491240702,6.340949757991722,TDL-A,30.0,201
indoor,normal,moderate,7,2514685224,35,59,24,16.569603905843493,6.116555745786119,TDL-A,30.0,202
indoor,normal,moderate,8,2251018065,37,64,27,19.611795587234468,2.850707707925959,TDL-A,30.0,203
indoor,normal,moderate,9,4226548503,37,66,29,17.721257744288515,6.513333804901104,TDL-A,30.0,204
indoor,normal,moderate,10,3760353500,36,58,22,19.574531097270338,3.979064458519229,TDL-A,30.0,205
indoor,normal,moderate,11,768448206,34,56,22,23.95580901182759,3.54563084202641,TDL-A,30.0,206
indoor,normal,moderate,12,819200214,36,60,24,18.989738326093008,4.069213793766019,TDL-A,30.0,207
indoor,normal,moderate,13,2389143521,32,54,22,16.550659756820018,3.0400091185841602,TDL-A,30.0,208
indoor,normal,moderate,14,806397009,35,62,27,18.05759844044427,7.559301993676465,TDL-A,30.0,209
indoor,normal,severe,0,3677861093,36,58,22,17.164323971504135,6.8635341071004214,TDL-A,30.0,210
indoor,normal,severe,1,377294288,35,60,25,19.200038368837717,1.0602989491623789,TDL-A,30.0,211
indoor,normal,severe,2,2475604701,32,60,28,22.135690147184977,7.41172347140062,TDL-A,30.0,212
indoor,normal,severe,3,2853226914,37,65,28,17.311007557922796,6.7979022985502935,TDL-A,30.0,213
indoor,normal,severe,4,2643792952,36,62,26,17.27594169935825,2.9931002998329923,TDL-A,30.0,214
indoor,normal,severe,5,1618934414,35,58,23,24.05376372036551,5.846980751882029,TDL-A,30.0,215
indoor,normal,severe,6,4273930462,33,55,22,18.950132831089288,7.817428886638198,TDL-A,30.0,216
indoor,normal,severe,7,1118629658,32,54,22,21.114298786629085,3.812810883542954,TDL-A,30.0,217
indoor,normal,severe,8,1505771310,33,62,29,20.957423405947647,3.997971480887755,TDL-A,30.0,218
indoor,normal,severe,9,2514460128,36,62,26,21.887586078572106,5.829745376286411,TDL-A,30.0,219
indoor,normal,severe,10,1369667281,37,59,22,24.92366281977329,6.357928841234025,TDL-A,30.0,220
indoor,normal,severe,11,2685200012,33,55,22,22.067657920353092,4.179616883188046,TDL-A,30.0,221
indoor,normal,severe,12,2078968200,32,55,23,23.904895620367967,1.9746020575267682,TDL-A,30.0,222
indoor,normal,severe,13,2580726961,33,62,29,18.507186574466974,4.4330146314917815,TDL-A,30.0,223
indoor,normal,severe,14,4153215088,32,55,23,24.504886337038844,7.577916838637777,TDL-A,30.0,224
indoor,nonphysical_goodput,mild,0,3911642979,32,54,22,22.301228410871104,5.682255738383786,TDL-A,30.0,225
indoor,nonphysical_goodput,mild,1,1142438145,33,56,23,24.28071089279097,4.319553931844375,TDL-A,30.0,226
indoor,nonphysical_goodput,mild,2,3774847311,37,59,22,22.31732403745304,4.942642221032485,TDL-A,30.0,227
indoor,nonphysical_goodput,mild,3,3309794442,35,57,22,16.96164579531903,5.520911051502125,TDL-A,30.0,228
indoor,nonphysical_goodput,mild,4,4228683690,31,58,27,24.009230930145705,3.1356209472975562,TDL-A,30.0,229
indoor,nonphysical_goodput,mild,5,4253623045,34,62,28,21.139232967490017,5.14091831244816,TDL-A,30.0,230
indoor,nonphysical_goodput,mild,6,3099634899,36,60,24,21.486324365193084,2.77210422007823,TDL-A,30.0,231
indoor,nonphysical_goodput,mild,7,2683053947,35,64,29,17.350018997411546,3.713480529017349,TDL-A,30.0,232
indoor,nonphysical_goodput,mild,8,2392413043,35,64,29,19.72865051043945,2.3710076981980723,TDL-A,30.0,233
indoor,nonphysical_goodput,mild,9,4062426261,33,55,22,19.026659237401564,5.872737945180424,TDL-A,30.0,234
indoor,nonphysical_goodput,mild,10,4125004013,32,54,22,19.435778563247155,7.902316757521225,TDL-A,30.0,235
indoor,nonphysical_goodput,mild,11,1680780992,32,56,24,22.452764796575543,7.684325383319683,TDL-A,30.0,236
indoor,nonphysical_goodput,mild,12,3343468917,36,65,29,18.881830640179412,1.380099190285591,TDL-A,30.0,237
indoor,nonphysical_goodput,mild,13,2667988734,34,58,24,21.777899966381195,3.1222601625634274,TDL-A,30.0,238
indoor,nonphysical_goodput,mild,14,2609861865,33,61,28,17.461526376289914,3.9047938591889824,TDL-A,30.0,239
indoor,nonphysical_goodput,moderate,0,2837395591,34,56,22,20.269222566342933,5.513572434147399,TDL-A,30.0,240
indoor,nonphysical_goodput,moderate,1,1560937404,32,55,23,23.450632518330366,5.192330876821793,TDL-A,30.0,241
indoor,nonphysical_goodput,moderate,2,286402329,31,54,23,21.610506020597924,4.926111386413538,TDL-A,30.0,242
indoor,nonphysical_goodput,moderate,3,199120519,37,66,29,19.77073643188639,5.297826835954144,TDL-A,30.0,243
indoor,nonphysical_goodput,moderate,4,513262522,37,60,23,18.135195399141125,2.826177156937058,TDL-A,30.0,244
indoor,nonphysical_goodput,moderate,5,2535438509,32,59,27,19.517798820849134,1.8946659589031207,TDL-A,30.0,245
indoor,nonphysical_goodput,moderate,6,615122276,31,56,25,18.676959610825364,4.534607047752466,TDL-A,30.0,246
indoor,nonphysical_goodput,moderate,7,2393333320,34,61,27,20.86413523704473,6.9629883739910605,TDL-A,30.0,247
indoor,nonphysical_goodput,moderate,8,543042158,37,65,28,21.971953253187436,2.057985621250301,TDL-A,30.0,248
indoor,nonphysical_goodput,moderate,9,4046738232,31,54,23,17.436510296072832,2.9504052155178777,TDL-A,30.0,249
indoor,nonphysical_goodput,moderate,10,3741060430,34,56,22,23.511787514544647,2.7570726651802655,TDL-A,30.0,250
indoor,nonphysical_goodput,moderate,11,249547323,37,60,23,19.218253434220657,6.101901779615379,TDL-A,30.0,251
indoor,nonphysical_goodput,moderate,12,2517024905,33,58,25,16.691068979534688,1.2615081295390353,TDL-A,30.0,252
indoor,nonphysical_goodput,moderate,13,3166173129,30,55,25,21.106270110164584,1.0776279440963485,TDL-A,30.0,253
indoor,nonphysical_goodput,moderate,14,2240421711,37,66,29,22.477309322006036,2.8001653953948455,TDL-A,30.0,254
indoor,nonphysical_goodput,severe,0,2368268961,35,63,28,16.968596559573875,5.989609255237782,TDL-A,30.0,255
indoor,nonphysical_goodput,severe,1,994045768,36,64,28,17.19605447283443,4.345402638284484,TDL-A,30.0,256
indoor,nonphysical_goodput,severe,2,2581361994,37,64,27,17.898272865115665,6.431511432126739,TDL-A,30.0,257
indoor,nonphysical_goodput,severe,3,3939222061,32,60,28,20.27484145488561,7.8923257891062475,TDL-A,30.0,258
indoor,nonphysical_goodput,severe,4,2206022159,31,54,23,24.15673896583852,5.900582643328885,TDL-A,30.0,259
indoor,nonphysical_goodput,severe,5,3377796551,36,60,24,22.883036034274944,4.527340291559011,TDL-A,30.0,260
indoor,nonphysical_goodput,severe,6,3796600506,31,60,29,19.156200730681526,3.185059387988459,TDL-A,30.0,261
indoor,nonphysical_goodput,severe,7,3563875099,32,61,29,17.271051797542558,2.1767839128288546,TDL-A,30.0,262
indoor,nonphysical_goodput,severe,8,462366973,32,60,28,19.02548841188305,3.1926227045456805,TDL-A,30.0,263
indoor,nonphysical_goodput,severe,9,1170444077,32,57,25,16.15249459670339,5.8760790740807085,TDL-A,30.0,264
indoor,nonphysical_goodput,severe,10,4235161749,33,55,22,22.236592941652304,1.3954428127902796,TDL-A,30.0,265
indoor,nonphysical_goodput,severe,11,1966168776,33,62,29,24.004146910204536,5.760253151872493,TDL-A,30.0,266
indoor,nonphysical_goodput,severe,12,734475744,33,56,23,19.931748634099694,7.514395566987613,TDL-A,30.0,267
indoor,nonphysical_goodput,severe,13,1593698657,36,63,27,20.314817338501847,4.64623939987263,TDL-A,30.0,268
indoor,nonphysical_goodput,severe,14,2940472015,37,60,23,19.59595643272318,1.586528957050126,TDL-A,30.0,269
urban,interference,mild,0,2592397385,33,58,25,12.025067087183581,14.296924194407474,TDL-B,100.0,270
urban,interference,mild,1,2097232181,36,62,26,13.222559096525483,31.386454325800266,TDL-B,100.0,271
urban,interference,mild,2,3350516925,35,59,24,13.714270944978852,23.40155934202815,TDL-B,100.0,272
urban,interference,mild,3,4287319105,34,58,24,15.358408329871164,27.588004125656035,TDL-B,100.0,273
urban,interference,mild,4,2169826418,35,63,28,17.356446047811893,8.628904131043,TDL-B,100.0,274
urban,interference,mild,5,925073897,36,63,27,14.376117243637502,26.438740264360124,TDL-B,100.0,275
urban,interference,mild,6,2086428057,30,57,27,9.561173515276169,30.85713096983347,TDL-B,100.0,276
urban,interference,mild,7,3110253057,35,63,28,12.84932974481308,32.349533330218975,TDL-B,100.0,277
urban,interference,mild,8,2703692696,30,56,26,16.648351879650516,9.261793300719495,TDL-B,100.0,278
urban,interference,mild,9,3611810456,37,59,22,18.143689409715673,9.069967551614678,TDL-B,100.0,279
urban,interference,mild,10,1939452258,33,62,29,9.736905491565222,10.680103579773949,TDL-B,100.0,280
urban,interference,mild,11,2877477694,32,56,24,15.20984942231368,20.385582677491648,TDL-B,100.0,281
urban,interference,mild,12,2741963099,32,54,22,11.699374088419848,38.96729461316812,TDL-B,100.0,282
urban,interference,mild,13,811853050,33,61,28,18.724856567637886,36.91620876778327,TDL-B,100.0,283
urban,interference,mild,14,672708476,30,53,23,17.305960207865375,42.152654744990926,TDL-B,100.0,284
urban,interference,moderate,0,2239882542,30,56,26,14.669747618359299,28.26780224335654,TDL-B,100.0,285
urban,interference,moderate,1,2223086763,37,62,25,13.728602066125983,34.34963959387995,TDL-B,100.0,286
urban,interference,moderate,2,3639434777,33,62,29,9.350919557145206,20.389648221372205,TDL-B,100.0,287
urban,interference,moderate,3,419003238,34,58,24,18.92733049064647,28.344255334381682,TDL-B,100.0,288
urban,interference,moderate,4,3720529870,34,62,28,18.988008423865864,38.14914967344954,TDL-B,100.0,289
urban,interference,moderate,5,898724068,30,52,22,13.915228405416212,30.08666538807933,TDL-B,100.0,290
urban,interference,moderate,6,833588606,34,57,23,9.87113910974238,17.39589434348376,TDL-B,100.0,291
urban,interference,moderate,7,2307326053,31,56,25,16.986018920449723,38.17722011557197,TDL-B,100.0,292
urban,interference,moderate,8,1021126916,33,57,24,18.830928001185587,37.37223181641083,TDL-B,100.0,293
urban,interference,moderate,9,1931550063,30,54,24,10.666646239225667,17.474626703212103,TDL-B,100.0,294
urban,interference,moderate,10,1643611616,34,63,29,9.909132288611659,22.517190646288185,TDL-B,100.0,295
urban,interference,moderate,11,468695001,34,59,25,9.688698155056349,44.91978863994554,TDL-B,100.0,296
urban,interference,moderate,12,471837577,31,57,26,15.941521339333187,25.857062092987768,TDL-B,100.0,297
urban,interference,moderate,13,1849918656,36,58,22,18.73587644885096,10.527344436641346,TDL-B,100.0,298
urban,interference,moderate,14,3983472098,35,60,25,14.830730384142958,17.159303342886354,TDL-B,100.0,299
urban,interference,severe,0,2095610980,33,60,27,18.100715528205733,27.711692178018613,TDL-B,100.0,300
urban,interference,severe,1,3628856869,32,59,27,12.814785763912477,26.99174107087505,TDL-B,100.0,301
urban,interference,severe,2,1842546350,31,58,27,9.777530964432888,29.179613789861033,TDL-B,100.0,302
urban,interference,severe,3,507671025,36,59,23,11.467174900362554,36.1464835840093,TDL-B,100.0,303
urban,interference,severe,4,1657833928,34,62,28,11.503859795597943,31.396124144399398,TDL-B,100.0,304
urban,interference,severe,5,3669169088,33,56,23,9.594748049746338,39.14127721037699,TDL-B,100.0,305
urban,interference,severe,6,2854607936,33,55,22,14.95302304845673,36.43974562909569,TDL-B,100.0,306
urban,interference,severe,7,2403518929,30,52,22,10.077547859562593,17.521626445083555,TDL-B,100.0,307
urban,interference,severe,8,3657270200,33,55,22,11.235005275612053,10.341191353804287,TDL-B,100.0,308
urban,interference,severe,9,2552680253,31,57,26,9.226338862757387,29.782241923772855,TDL-B,100.0,309
urban,interference,severe,10,1629235637,33,61,28,18.42980058744859,21.942086602934104,TDL-B,100.0,310
urban,interference,severe,11,431603143,34,61,27,15.722233826855973,23.587458513489253,TDL-B,100.0,311
urban,interference,severe,12,2551060129,33,60,27,17.42881758531267,44.71238201223792,TDL-B,100.0,312
urban,interference,severe,13,3613557777,33,62,29,12.36663962479173,28.196959014254052,TDL-B,100.0,313
urban,interference,severe,14,50557767,33,60,27,11.896258163488413,30.319195931332107,TDL-B,100.0,314
urban,blockage,mild,0,2583167996,37,61,24,13.706536389165931,41.928381818457304,TDL-B,100.0,315
urban,blockage,mild,1,2350286185,31,53,22,17.87406155014228,44.230845337664,TDL-B,100.0,316
urban,blockage,mild,2,177932319,31,60,29,11.64834766058316,39.253789531981056,TDL-B,100.0,317
urban,blockage,mild,3,4111122272,35,60,25,11.917768104336872,41.20495307379993,TDL-B,100.0,318
urban,blockage,mild,4,2953708782,31,58,27,17.584943588825574,40.74066077175242,TDL-B,100.0,319
urban,blockage,mild,5,701731533,32,61,29,17.73443898630444,23.746372090414074,TDL-B,100.0,320
urban,blockage,mild,6,180556631,36,64,28,17.928444497004442,27.471752762324837,TDL-B,100.0,321
urban,blockage,mild,7,1560012324,37,65,28,18.993722129058554,42.97606966961351,TDL-B,100.0,322
urban,blockage,mild,8,1254302636,31,54,23,16.388015866914078,36.90171225540678,TDL-B,100.0,323
urban,blockage,mild,9,1141790819,37,64,27,16.94363834190211,32.68339575085612,TDL-B,100.0,324
urban,blockage,mild,10,2200322357,33,56,23,13.38115509781051,11.535179399832089,TDL-B,100.0,325
urban,blockage,mild,11,349148574,33,62,29,11.739377964692267,33.86707576952492,TDL-B,100.0,326
urban,blockage,mild,12,2632473974,37,61,24,14.145723444726165,23.193241861003205,TDL-B,100.0,327
urban,blockage,mild,13,3215284777,34,60,26,16.31918444482558,33.62402953337233,TDL-B,100.0,328
urban,blockage,mild,14,611820767,31,57,26,11.851286830790452,36.315341026785916,TDL-B,100.0,329
urban,blockage,moderate,0,2418800280,35,60,25,16.63966251624185,20.799320907315675,TDL-B,100.0,330
urban,blockage,moderate,1,3500120642,35,61,26,12.490355775174818,32.32853940178616,TDL-B,100.0,331
urban,blockage,moderate,2,2056676167,31,54,23,13.736520523605613,30.13183581898816,TDL-B,100.0,332
urban,blockage,moderate,3,1963003907,36,60,24,18.413179847569527,26.031952386486214,TDL-B,100.0,333
urban,blockage,moderate,4,2949521921,30,55,25,10.824443354181145,32.02866946044949,TDL-B,100.0,334
urban,blockage,moderate,5,1353540470,33,59,26,15.99859710429513,15.266943118243509,TDL-B,100.0,335
urban,blockage,moderate,6,834668581,37,59,22,14.572865740963469,12.497424472914007,TDL-B,100.0,336
urban,blockage,moderate,7,2616298766,32,61,29,16.048665287630286,25.763401342946175,TDL-B,100.0,337
urban,blockage,moderate,8,2904164228,37,61,24,17.11524094801527,39.679145603608816,TDL-B,100.0,338
urban,blockage,moderate,9,1346990445,33,56,23,12.487349466765398,24.315500800497855,TDL-B,100.0,339
urban,blockage,moderate,10,2329100977,32,56,24,9.84783196566147,41.26845305715415,TDL-B,100.0,340
urban,blockage,moderate,11,818907360,35,58,23,12.26489990965696,24.389288461577017,TDL-B,100.0,341
urban,blockage,moderate,12,4209695022,36,60,24,17.06958031877375,25.019805778474524,TDL-B,100.0,342
urban,blockage,moderate,13,1971866417,32,61,29,17.94772158540557,8.687430458557447,TDL-B,100.0,343
urban,blockage,moderate,14,1108944069,37,61,24,11.357156598978088,12.539837118590269,TDL-B,100.0,344
urban,blockage,severe,0,2849547228,30,53,23,10.283129085485385,20.302523074717662,TDL-B,100.0,345
urban,blockage,severe,1,2005789431,33,59,26,10.222578845543866,37.80322346444589,TDL-B,100.0,346
urban,blockage,severe,2,1214885348,33,56,23,15.573923079635785,43.64232304425133,TDL-B,100.0,347
urban,blockage,severe,3,367076699,30,58,28,13.732903434084838,20.712194018428352,TDL-B,100.0,348
urban,blockage,severe,4,3928652357,34,60,26,14.906564343867592,10.327858169137162,TDL-B,100.0,349
urban,blockage,severe,5,2660123685,35,60,25,9.18232050749258,8.338419686596502,TDL-B,100.0,350
urban,blockage,severe,6,596970278,33,56,23,14.576453021257079,36.261724197281524,TDL-B,100.0,351
urban,blockage,severe,7,2030235939,32,59,27,9.27846132202038,39.38530802299276,TDL-B,100.0,352
urban,blockage,severe,8,463615619,37,61,24,16.661974796713423,27.89442587871661,TDL-B,100.0,353
urban,blockage,severe,9,598828351,31,58,27,16.881714620059245,22.586703907027896,TDL-B,100.0,354
urban,blockage,severe,10,4210027220,37,62,25,14.235731631774229,20.456278867596858,TDL-B,100.0,355
urban,blockage,severe,11,3364690641,31,59,28,17.84658622057011,32.76497176623397,TDL-B,100.0,356
urban,blockage,severe,12,101021638,31,59,28,18.77230661469988,42.36133319104576,TDL-B,100.0,357
urban,blockage,severe,13,3100661902,37,62,25,12.430751513289374,8.440860661993051,TDL-B,100.0,358
urban,blockage,severe,14,3151912762,37,60,23,15.278064064077995,44.144577430666395,TDL-B,100.0,359
urban,mobility,mild,0,2386400431,33,62,29,15.592330524986995,24.647205444035315,TDL-B,100.0,360
urban,mobility,mild,1,3564840711,30,59,29,18.569476865102295,37.07242117663444,TDL-B,100.0,361
urban,mobility,mild,2,1533596199,34,59,25,15.359238471487247,14.897395117268271,TDL-B,100.0,362
urban,mobility,mild,3,3582836742,30,57,27,17.360986251547512,38.90067831026614,TDL-B,100.0,363
urban,mobility,mild,4,454546029,37,61,24,13.123917972393844,37.86818113754963,TDL-B,100.0,364
urban,mobility,mild,5,958109823,36,61,25,14.731321316271806,41.50845712994483,TDL-B,100.0,365
urban,mobility,mild,6,3528368705,36,63,27,18.557636556389568,33.95758881078057,TDL-B,100.0,366
urban,mobility,mild,7,1076840653,37,65,28,11.74150907110667,42.13949430763691,TDL-B,100.0,367
urban,mobility,mild,8,1231078039,35,61,26,14.041669346284003,36.73275419097085,TDL-B,100.0,368
urban,mobility,mild,9,157319038,31,60,29,11.796395157117507,10.777902846843496,TDL-B,100.0,369
urban,mobility,mild,10,1397147329,31,58,27,12.069484678554085,33.8759542575452,TDL-B,100.0,370
urban,mobility,mild,11,1444676626,31,56,25,18.93444758400166,12.63813231571947,TDL-B,100.0,371
urban,mobility,mild,12,3031277496,31,55,24,18.89738498730631,36.09867933562185,TDL-B,100.0,372
urban,mobility,mild,13,1458257661,33,56,23,17.835609356562358,44.44993055389836,TDL-B,100.0,373
urban,mobility,mild,14,3032327604,31,58,27,12.235198208523336,19.526875239000532,TDL-B,100.0,374
urban,mobility,moderate,0,1021562021,33,56,23,15.510126022271638,29.625295154508134,TDL-B,100.0,375
urban,mobility,moderate,1,3610684917,33,59,26,16.372761956550725,8.767592952584634,TDL-B,100.0,376
urban,mobility,moderate,2,4029985962,36,62,26,10.121762622372755,42.38068159367711,TDL-B,100.0,377
urban,mobility,moderate,3,3135160668,31,59,28,11.259980398823405,26.937112782052086,TDL-B,100.0,378
urban,mobility,moderate,4,1941332251,34,61,27,17.938724979529148,38.277044735927404,TDL-B,100.0,379
urban,mobility,moderate,5,2835634814,34,61,27,11.130631991152093,32.958824592542285,TDL-B,100.0,380
urban,mobility,moderate,6,1371668963,34,56,22,11.420012032870602,41.794133166051765,TDL-B,100.0,381
urban,mobility,moderate,7,414011607,33,56,23,14.093758034266163,22.560486602122495,TDL-B,100.0,382
urban,mobility,moderate,8,275117305,31,58,27,16.32514451452709,12.119335822195968,TDL-B,100.0,383
urban,mobility,moderate,9,4120663719,33,55,22,9.008683965111585,16.45764465858533,TDL-B,100.0,384
urban,mobility,moderate,10,4048489982,33,59,26,12.778165977156176,43.19731806442102,TDL-B,100.0,385
urban,mobility,moderate,11,1745295420,35,57,22,13.175769243133852,25.053124039811244,TDL-B,100.0,386
urban,mobility,moderate,12,2958178852,35,59,24,10.915818491817971,32.26575957320646,TDL-B,100.0,387
urban,mobility,moderate,13,2006607844,35,62,27,13.025578210305733,21.695503876751843,TDL-B,100.0,388
urban,mobility,moderate,14,440748470,36,60,24,14.55633543699917,15.91364179671945,TDL-B,100.0,389
urban,mobility,severe,0,286647765,31,57,26,9.55285748211718,17.25466002408684,TDL-B,100.0,390
urban,mobility,severe,1,2345879689,32,59,27,13.18820224428289,33.26573550385355,TDL-B,100.0,391
urban,mobility,severe,2,17799802,33,61,28,10.34810584882831,17.47453711346686,TDL-B,100.0,392
urban,mobility,severe,3,2736236959,34,60,26,9.49546398555453,33.61011455035103,TDL-B,100.0,393
urban,mobility,severe,4,1739858617,33,58,25,14.962065306815594,11.283086629274466,TDL-B,100.0,394
urban,mobility,severe,5,1235393271,37,60,23,16.642435541194786,25.025118315708006,TDL-B,100.0,395
urban,mobility,severe,6,2077779704,31,59,28,9.702081077575635,16.87432999486002,TDL-B,100.0,396
urban,mobility,severe,7,1672831748,36,59,23,14.818784986511496,41.71854771525936,TDL-B,100.0,397
urban,mobility,severe,8,2105367848,31,60,29,18.434937029187466,9.458454075622942,TDL-B,100.0,398
urban,mobility,severe,9,2831160453,30,54,24,15.12791590005996,37.136737231180206,TDL-B,100.0,399
urban,mobility,severe,10,1258310845,37,65,28,18.715835940335893,13.338921366337786,TDL-B,100.0,400
urban,mobility,severe,11,3880748351,31,58,27,15.457319846943731,27.467587980725373,TDL-B,100.0,401
urban,mobility,severe,12,1886732145,32,61,29,9.959278156373053,18.25909498717658,TDL-B,100.0,402
urban,mobility,severe,13,4178789374,32,56,24,14.780647025822478,41.479062429278194,TDL-B,100.0,403
urban,mobility,severe,14,751841424,36,61,25,15.282160881992032,43.07150874199842,TDL-B,100.0,404
urban,adaptation_mismatch,mild,0,1431922436,31,53,22,16.309286568201866,35.564482913147856,TDL-B,100.0,405
urban,adaptation_mismatch,mild,1,2713100547,32,55,23,11.306678211121877,39.06299002752924,TDL-B,100.0,406
urban,adaptation_mismatch,mild,2,3331852713,30,59,29,13.922277613737714,10.434365108148786,TDL-B,100.0,407
urban,adaptation_mismatch,mild,3,9853452,32,54,22,17.80723843075225,12.187777168473167,TDL-B,100.0,408
urban,adaptation_mismatch,mild,4,2398287626,31,57,26,16.783161802406195,36.859128164616436,TDL-B,100.0,409
urban,adaptation_mismatch,mild,5,1817628349,33,55,22,9.021591083337007,41.672004502912884,TDL-B,100.0,410
urban,adaptation_mismatch,mild,6,1286513778,30,56,26,18.766461824209223,44.59409472014203,TDL-B,100.0,411
urban,adaptation_mismatch,mild,7,1253511978,30,56,26,11.03292586825566,19.921638753127482,TDL-B,100.0,412
urban,adaptation_mismatch,mild,8,3567449878,34,59,25,13.779974048294259,9.711779978524739,TDL-B,100.0,413
urban,adaptation_mismatch,mild,9,2329422952,32,61,29,12.204950044366822,39.37359983385345,TDL-B,100.0,414
urban,adaptation_mismatch,mild,10,2406762217,34,56,22,17.581435827380364,40.82302130475105,TDL-B,100.0,415
urban,adaptation_mismatch,mild,11,514537352,32,55,23,15.770079524206434,40.15171039016302,TDL-B,100.0,416
urban,adaptation_mismatch,mild,12,3560577848,32,56,24,14.414334347194671,38.513084527391314,TDL-B,100.0,417
urban,adaptation_mismatch,mild,13,3112557663,33,62,29,13.273350120989203,43.02644878703818,TDL-B,100.0,418
urban,adaptation_mismatch,mild,14,2265852314,37,60,23,13.880645938212464,19.049913471035403,TDL-B,100.0,419
urban,adaptation_mismatch,moderate,0,436234343,33,62,29,17.60107270423772,34.42639847212924,TDL-B,100.0,420
urban,adaptation_mismatch,moderate,1,1575372295,31,57,26,9.31503220098305,14.976732124638918,TDL-B,100.0,421
urban,adaptation_mismatch,moderate,2,843922078,30,53,23,10.137981307050728,11.513711534281772,TDL-B,100.0,422
urban,adaptation_mismatch,moderate,3,4130973706,35,57,22,10.31259178100678,22.676707818813526,TDL-B,100.0,423
urban,adaptation_mismatch,moderate,4,3846636587,32,56,24,17.622618687439264,26.867566107046606,TDL-B,100.0,424
urban,adaptation_mismatch,moderate,5,1908815662,31,60,29,18.533823180504513,13.820160625941408,TDL-B,100.0,425
urban,adaptation_mismatch,moderate,6,2475196058,33,60,27,10.33410728042658,38.37342563002204,TDL-B,100.0,426
urban,adaptation_mismatch,moderate,7,2810076845,37,62,25,9.51710462230115,40.593386151631634,TDL-B,100.0,427
urban,adaptation_mismatch,moderate,8,2787604821,31,54,23,10.411645084828393,29.175475842702383,TDL-B,100.0,428
urban,adaptation_mismatch,moderate,9,2604906010,30,57,27,12.04677010791312,32.38176034785019,TDL-B,100.0,429
urban,adaptation_mismatch,moderate,10,3689037330,30,55,25,15.485843284903014,19.564980383324784,TDL-B,100.0,430
urban,adaptation_mismatch,moderate,11,1508853053,31,59,28,16.893216792948934,15.440189794763286,TDL-B,100.0,431
urban,adaptation_mismatch,moderate,12,285024127,32,60,28,14.181544459277243,20.563045976650905,TDL-B,100.0,432
urban,adaptation_mismatch,moderate,13,2081113422,30,54,24,12.6385183251246,42.04063118370316,TDL-B,100.0,433
urban,adaptation_mismatch,moderate,14,2496058366,33,59,26,10.074010134803578,32.955012856856825,TDL-B,100.0,434
urban,adaptation_mismatch,severe,0,1601190456,32,58,26,17.75690577000424,11.831341967606804,TDL-B,100.0,435
urban,adaptation_mismatch,severe,1,3260308068,30,59,29,17.963120478958494,30.72938281531929,TDL-B,100.0,436
urban,adaptation_mismatch,severe,2,2461643720,33,58,25,15.074533332043845,40.04525753021521,TDL-B,100.0,437
urban,adaptation_mismatch,severe,3,2881666402,35,59,24,9.355122255925586,17.033546232805477,TDL-B,100.0,438
urban,adaptation_mismatch,severe,4,244383199,35,64,29,17.739050727141958,23.704257885249582,TDL-B,100.0,439
urban,adaptation_mismatch,severe,5,1896724588,37,59,22,15.637438866377641,31.742907469824573,TDL-B,100.0,440
urban,adaptation_mismatch,severe,6,1630995086,33,59,26,18.925404443685757,27.224752786311047,TDL-B,100.0,441
urban,adaptation_mismatch,severe,7,2112242527,36,60,24,17.909684699030276,8.712099899524322,TDL-B,100.0,442
urban,adaptation_mismatch,severe,8,3045974716,34,60,26,12.509580331515805,9.408506997198645,TDL-B,100.0,443
urban,adaptation_mismatch,severe,9,658152779,30,59,29,12.22461635505963,38.41998681051827,TDL-B,100.0,444
urban,adaptation_mismatch,severe,10,2441335778,36,65,29,15.903826931402401,8.137413044441294,TDL-B,100.0,445
urban,adaptation_mismatch,severe,11,202621871,33,61,28,14.860137975632679,37.60956916733674,TDL-B,100.0,446
urban,adaptation_mismatch,severe,12,3174220977,33,59,26,17.634159436108483,36.7908983292573,TDL-B,100.0,447
urban,adaptation_mismatch,severe,13,2362528248,31,56,25,13.345275423249639,25.05720033605322,TDL-B,100.0,448
urban,adaptation_mismatch,severe,14,1378297420,35,60,25,18.656976785251832,15.873460055722322,TDL-B,100.0,449
urban,normal,mild,0,3372199330,32,58,26,18.795506832617455,33.19503207189449,TDL-B,100.0,450
urban,normal,mild,1,2062926547,36,59,23,13.89198479139362,10.487668955250356,TDL-B,100.0,451
urban,normal,mild,2,358456012,30,52,22,14.69363454251933,23.485141397246736,TDL-B,100.0,452
urban,normal,mild,3,3886601010,37,63,26,15.057337357396266,27.563624205403336,TDL-B,100.0,453
urban,normal,mild,4,395227377,33,56,23,11.305764635698484,41.82009794417892,TDL-B,100.0,454
urban,normal,mild,5,3188479809,35,58,23,9.100162460020146,15.158730708047917,TDL-B,100.0,455
urban,normal,mild,6,337499850,31,58,27,12.938602044427222,27.770491639253116,TDL-B,100.0,456
urban,normal,mild,7,3083172688,30,56,26,14.18508461730297,40.57600991670454,TDL-B,100.0,457
urban,normal,mild,8,1806402478,37,65,28,18.20626173827357,41.66949635684877,TDL-B,100.0,458
urban,normal,mild,9,1157831265,32,57,25,18.867433514451328,27.587988326660533,TDL-B,100.0,459
urban,normal,mild,10,1746059067,37,59,22,13.951547977901077,28.754074752661953,TDL-B,100.0,460
urban,normal,mild,11,626596934,35,62,27,9.537141105158177,12.325472977119613,TDL-B,100.0,461
urban,normal,mild,12,737357307,32,59,27,9.430557284277882,21.211102489442418,TDL-B,100.0,462
urban,normal,mild,13,1676676097,32,55,23,11.646551193440308,27.685936902465894,TDL-B,100.0,463
urban,normal,mild,14,3062178074,37,59,22,17.281125016422514,41.712969218783435,TDL-B,100.0,464
urban,normal,moderate,0,1886043656,37,59,22,12.376813032200406,25.227368916106176,TDL-B,100.0,465
urban,normal,moderate,1,3771027614,36,60,24,13.22858301570414,21.840118150884116,TDL-B,100.0,466
urban,normal,moderate,2,3680968008,33,59,26,12.994570317918196,11.399875806278928,TDL-B,100.0,467
urban,normal,moderate,3,829111942,37,61,24,17.334926351037083,30.893786203269137,TDL-B,100.0,468
urban,normal,moderate,4,2995645341,34,56,22,17.129486724745128,20.19361618909649,TDL-B,100.0,469
urban,normal,moderate,5,2985956051,34,56,22,10.843404204598876,23.977997759154334,TDL-B,100.0,470
urban,normal,moderate,6,2060526002,35,64,29,17.851326085425942,27.118807927435135,TDL-B,100.0,471
urban,normal,moderate,7,3442284532,34,56,22,13.708022938219248,33.222681231505135,TDL-B,100.0,472
urban,normal,moderate,8,2770125043,30,52,22,14.795999826246167,31.644247235881902,TDL-B,100.0,473
urban,normal,moderate,9,2370946565,35,58,23,12.701844915766902,10.177690472014655,TDL-B,100.0,474
urban,normal,moderate,10,2298747975,34,62,28,17.829835816143202,42.443343179024914,TDL-B,100.0,475
urban,normal,moderate,11,47826160,36,58,22,9.092174036710968,22.853973844508275,TDL-B,100.0,476
urban,normal,moderate,12,1890795501,30,52,22,18.63072609474552,8.928984070591802,TDL-B,100.0,477
urban,normal,moderate,13,3376198036,35,64,29,11.884268361279439,11.763669091947982,TDL-B,100.0,478
urban,normal,moderate,14,46950498,32,60,28,11.08265801012859,21.754587934992742,TDL-B,100.0,479
urban,normal,severe,0,3021499160,34,58,24,10.801784959026532,41.086594444868574,TDL-B,100.0,480
urban,normal,severe,1,810660176,35,61,26,18.839225750249078,12.193964732871628,TDL-B,100.0,481
urban,normal,severe,2,3604927617,34,62,28,18.66248857543552,28.06580701762856,TDL-B,100.0,482
urban,normal,severe,3,743934537,35,62,27,11.427939158732803,36.870188875790944,TDL-B,100.0,483
urban,normal,severe,4,4186414127,33,60,27,14.702417724040657,33.95414843916353,TDL-B,100.0,484
urban,normal,severe,5,1780432647,31,60,29,11.747072127743598,28.722997224254577,TDL-B,100.0,485
urban,normal,severe,6,2285014435,33,59,26,18.910840062046802,22.36883568700965,TDL-B,100.0,486
urban,normal,severe,7,3029523375,32,61,29,15.868193511895814,38.33693226221226,TDL-B,100.0,487
urban,normal,severe,8,921388899,32,60,28,12.744790741983866,25.735763429080002,TDL-B,100.0,488
urban,normal,severe,9,858190840,30,57,27,13.920984001796587,28.146569676057425,TDL-B,100.0,489
urban,normal,severe,10,2076415957,37,62,25,13.860782047168165,39.593442062606556,TDL-B,100.0,490
urban,normal,severe,11,367682760,36,60,24,11.926258320342754,9.00839017613149,TDL-B,100.0,491
urban,normal,severe,12,4205201499,37,64,27,13.879271328565075,34.3359264617102,TDL-B,100.0,492
urban,normal,severe,13,155714846,34,62,28,15.007764527601363,35.258269093875285,TDL-B,100.0,493
urban,normal,severe,14,1512008613,37,59,22,10.681815313254027,33.4201788200338,TDL-B,100.0,494
urban,nonphysical_goodput,mild,0,1811210073,37,60,23,12.83156144121796,25.729247774983506,TDL-B,100.0,495
urban,nonphysical_goodput,mild,1,137807229,34,60,26,11.106178181434228,44.78056347830063,TDL-B,100.0,496
urban,nonphysical_goodput,mild,2,153275429,34,63,29,11.303272150233386,18.081910578161143,TDL-B,100.0,497
urban,nonphysical_goodput,mild,3,2968201001,31,59,28,9.46238745091159,23.300494404051726,TDL-B,100.0,498
urban,nonphysical_goodput,mild,4,3326027415,30,52,22,12.162819810600155,21.215426778495853,TDL-B,100.0,499
urban,nonphysical_goodput,mild,5,3289200891,36,62,26,16.951508331152933,19.45583788676545,TDL-B,100.0,500
urban,nonphysical_goodput,mild,6,2673390142,31,53,22,17.89835177084307,24.417089518217914,TDL-B,100.0,501
urban,nonphysical_goodput,mild,7,374446505,30,54,24,17.73726685485719,44.56435381400023,TDL-B,100.0,502
urban,nonphysical_goodput,mild,8,94940065,37,65,28,15.833587640723668,40.1148700642347,TDL-B,100.0,503
urban,nonphysical_goodput,mild,9,4100344407,37,66,29,14.853381183093667,29.662113527118855,TDL-B,100.0,504
urban,nonphysical_goodput,mild,10,793964181,35,58,23,11.641752673636468,15.01562142644532,TDL-B,100.0,505
urban,nonphysical_goodput,mild,11,71351674,35,63,28,11.38528425231036,28.05129374103493,TDL-B,100.0,506
urban,nonphysical_goodput,mild,12,3521262378,33,61,28,12.926160426346868,9.4533083318222,TDL-B,100.0,507
urban,nonphysical_goodput,mild,13,4208636685,35,58,23,17.962648212620422,34.020106559776025,TDL-B,100.0,508
urban,nonphysical_goodput,mild,14,4111351978,30,54,24,10.468805281428626,43.70795069594799,TDL-B,100.0,509
urban,nonphysical_goodput,moderate,0,3194312721,34,61,27,16.891773500619244,9.382738291078121,TDL-B,100.0,510
urban,nonphysical_goodput,moderate,1,208733972,30,54,24,9.242787380081113,34.10036652933117,TDL-B,100.0,511
urban,nonphysical_goodput,moderate,2,2749336481,37,61,24,17.881319071340883,10.195201338605045,TDL-B,100.0,512
urban,nonphysical_goodput,moderate,3,2816132566,31,59,28,14.436417314022714,12.036536667739448,TDL-B,100.0,513
urban,nonphysical_goodput,moderate,4,1103184084,31,55,24,17.413667696643635,42.83906845982992,TDL-B,100.0,514
urban,nonphysical_goodput,moderate,5,3606372350,37,61,24,17.26147027922741,25.772583696434296,TDL-B,100.0,515
urban,nonphysical_goodput,moderate,6,524070757,31,60,29,13.164747395159273,27.83726263043865,TDL-B,100.0,516
urban,nonphysical_goodput,moderate,7,2641368965,35,64,29,18.44507309349596,11.764284037157104,TDL-B,100.0,517
urban,nonphysical_goodput,moderate,8,1231854479,37,63,26,13.56151643300667,40.426313117719076,TDL-B,100.0,518
urban,nonphysical_goodput,moderate,9,478111674,35,64,29,10.287339540160374,26.53299094628182,TDL-B,100.0,519
urban,nonphysical_goodput,moderate,10,1284042618,36,65,29,9.190574080364375,15.695517884454677,TDL-B,100.0,520
urban,nonphysical_goodput,moderate,11,604524288,32,58,26,14.110581158054,36.93198300358381,TDL-B,100.0,521
urban,nonphysical_goodput,moderate,12,3941535040,34,63,29,18.82696059671334,37.524624890323494,TDL-B,100.0,522
urban,nonphysical_goodput,moderate,13,309805048,30,59,29,14.817609527270182,23.351426639595193,TDL-B,100.0,523
urban,nonphysical_goodput,moderate,14,4163579657,31,57,26,17.01158466877807,19.97193241332863,TDL-B,100.0,524
urban,nonphysical_goodput,severe,0,964258360,30,57,27,9.785585434036197,29.549072032971655,TDL-B,100.0,525
urban,nonphysical_goodput,severe,1,3009275836,30,52,22,14.265120443135523,44.53207715802789,TDL-B,100.0,526
urban,nonphysical_goodput,severe,2,698101298,37,64,27,18.574475531305055,35.85675476784087,TDL-B,100.0,527
urban,nonphysical_goodput,severe,3,1192710486,31,56,25,10.394234681991088,38.948024415230044,TDL-B,100.0,528
urban,nonphysical_goodput,severe,4,1199580510,34,56,22,17.393981297700016,12.538640273078121,TDL-B,100.0,529
urban,nonphysical_goodput,severe,5,1562469550,36,65,29,14.847896314958277,19.803802269526123,TDL-B,100.0,530
urban,nonphysical_goodput,severe,6,1231314725,36,61,25,11.988301542250948,14.830786105972127,TDL-B,100.0,531
urban,nonphysical_goodput,severe,7,581090142,32,56,24,18.188734644090182,8.691366133287815,TDL-B,100.0,532
urban,nonphysical_goodput,severe,8,3858342508,30,57,27,13.743243831458686,18.818223744098884,TDL-B,100.0,533
urban,nonphysical_goodput,severe,9,4269939429,34,63,29,12.835253731991,14.923406932738946,TDL-B,100.0,534
urban,nonphysical_goodput,severe,10,2782124139,35,58,23,14.29306375821459,23.533864864071298,TDL-B,100.0,535
urban,nonphysical_goodput,severe,11,624083407,32,61,29,16.96525816276532,40.55821903670979,TDL-B,100.0,536
urban,nonphysical_goodput,severe,12,2249383586,30,58,28,17.24496882162283,9.029423052420519,TDL-B,100.0,537
urban,nonphysical_goodput,severe,13,3789145723,36,61,25,10.28999207521053,39.754671330711574,TDL-B,100.0,538
urban,nonphysical_goodput,severe,14,426700427,37,61,24,14.736916022000033,34.089356742962266,TDL-B,100.0,539
highway,interference,mild,0,1439069864,35,57,22,20.156039163516876,135.23581520887882,TDL-C,300.0,540
highway,interference,mild,1,1225989974,30,59,29,12.994105450672373,128.6786097603754,TDL-C,300.0,541
highway,interference,mild,2,2626608597,35,62,27,10.745981942395739,149.53221700216102,TDL-C,300.0,542
highway,interference,mild,3,2262824254,35,57,22,11.742536621077672,157.58858907545152,TDL-C,300.0,543
highway,interference,mild,4,4234149304,30,56,26,13.848198611644973,145.97946640359137,TDL-C,300.0,544
highway,interference,mild,5,287084623,31,54,23,18.96054578968608,139.88433839072422,TDL-C,300.0,545
highway,interference,mild,6,4246901266,32,59,27,17.061185999033714,121.33105947661831,TDL-C,300.0,546
highway,interference,mild,7,273799681,34,58,24,12.961724430609298,81.0086384810293,TDL-C,300.0,547
highway,interference,mild,8,4214601212,31,60,29,13.112578718346317,121.08191065190485,TDL-C,300.0,548
highway,interference,mild,9,1529143202,31,54,23,10.06053952845043,106.77052891027236,TDL-C,300.0,549
highway,interference,mild,10,311467262,37,66,29,11.805075451446898,97.07408133000612,TDL-C,300.0,550
highway,interference,mild,11,46643839,35,59,24,12.21482150667049,165.66237797475853,TDL-C,300.0,551
highway,interference,mild,12,2671842651,32,59,27,11.401196590196358,158.88241129391946,TDL-C,300.0,552
highway,interference,mild,13,4059227343,32,55,23,18.843355978957156,93.74378999272271,TDL-C,300.0,553
highway,interference,mild,14,4184479283,33,60,27,11.415374378365215,141.73862773617105,TDL-C,300.0,554
highway,interference,moderate,0,1022599671,35,63,28,16.000016769094533,96.81248398214049,TDL-C,300.0,555
highway,interference,moderate,1,4244717144,33,62,29,20.428571461048563,119.6898651823403,TDL-C,300.0,556
highway,interference,moderate,2,4231823660,32,55,23,10.662388434449234,89.7970995730039,TDL-C,300.0,557
highway,interference,moderate,3,2360049108,33,56,23,17.117530259815457,104.89271813104446,TDL-C,300.0,558
highway,interference,moderate,4,3251702172,35,63,28,17.461624973250434,126.02312368706482,TDL-C,300.0,559
highway,interference,moderate,5,3283591927,37,65,28,20.951167455039705,113.04994424911692,TDL-C,300.0,560
highway,interference,moderate,6,30317294,34,63,29,16.69669979996867,151.9053505651201,TDL-C,300.0,561
highway,interference,moderate,7,3921380052,35,60,25,17.1127330135107,113.80823047463787,TDL-C,300.0,562
highway,interference,moderate,8,1758844891,35,62,27,14.671160260169703,106.5376588360398,TDL-C,300.0,563
highway,interference,moderate,9,2299452064,36,64,28,14.39389140044244,134.6378742751382,TDL-C,300.0,564
highway,interference,moderate,10,3049413495,30,52,22,11.808804136866646,96.40840965923468,TDL-C,300.0,565
highway,interference,moderate,11,3927474855,34,57,23,20.68702365284433,154.69425716751442,TDL-C,300.0,566
highway,interference,moderate,12,971456025,30,53,23,11.37060747030526,98.34647631222369,TDL-C,300.0,567
highway,interference,moderate,13,2052122005,30,52,22,18.504391328219523,105.35085655246768,TDL-C,300.0,568
highway,interference,moderate,14,1904546094,30,55,25,17.204729927384715,173.80097110044596,TDL-C,300.0,569
highway,interference,severe,0,2864582815,34,59,25,12.100358061464787,85.34675881852779,TDL-C,300.0,570
highway,interference,severe,1,1921607293,35,62,27,18.629057211889105,88.69809005379423,TDL-C,300.0,571
highway,interference,severe,2,2595440019,36,64,28,14.250035948029037,82.72618246571066,TDL-C,300.0,572
highway,interference,severe,3,224762794,31,56,25,11.699596914993784,140.58539393672163,TDL-C,300.0,573
highway,interference,severe,4,2158874397,31,56,25,14.627068977024216,108.43667996909892,TDL-C,300.0,574
highway,interference,severe,5,3858805180,33,55,22,10.397112511127057,120.07619739344888,TDL-C,300.0,575
highway,interference,severe,6,971688863,30,52,22,17.4613446535132,123.88031976324379,TDL-C,300.0,576
highway,interference,severe,7,4084048131,31,57,26,11.268209573725663,75.65444948859655,TDL-C,300.0,577
highway,interference,severe,8,1911285249,30,55,25,16.626282452169065,174.63201299187705,TDL-C,300.0,578
highway,interference,severe,9,410873496,30,58,28,13.179280334340778,99.70025585566859,TDL-C,300.0,579
highway,interference,severe,10,3359543178,30,52,22,17.083035747102134,173.67100646094985,TDL-C,300.0,580
highway,interference,severe,11,609540498,30,56,26,16.704772553863258,89.87175666090236,TDL-C,300.0,581
highway,interference,severe,12,3901632341,33,60,27,13.414102587028047,72.69037811345778,TDL-C,300.0,582
highway,interference,severe,13,118001897,32,59,27,16.48072949238215,156.04639652140776,TDL-C,300.0,583
highway,interference,severe,14,2406872295,35,63,28,15.352455584324767,73.9838624214661,TDL-C,300.0,584
highway,blockage,mild,0,3459468478,31,56,25,16.154397100994373,132.8322968047005,TDL-C,300.0,585
highway,blockage,mild,1,2464099543,34,63,29,14.168631226844592,161.96730193777498,TDL-C,300.0,586
highway,blockage,mild,2,1988644919,37,65,28,15.783456258714526,131.91671361191487,TDL-C,300.0,587
highway,blockage,mild,3,810013162,31,58,27,12.190956340405373,140.14688413348887,TDL-C,300.0,588
highway,blockage,mild,4,1767025827,31,56,25,18.488067413287773,163.90615451901036,TDL-C,300.0,589
highway,blockage,mild,5,1776680013,37,65,28,14.03871505721304,89.32053118331984,TDL-C,300.0,590
highway,blockage,mild,6,1606097968,36,65,29,17.58124221519225,114.6997790709951,TDL-C,300.0,591
highway,blockage,mild,7,3479010218,37,60,23,11.170581918417183,70.47940307033231,TDL-C,300.0,592
highway,blockage,mild,8,1982387683,36,62,26,14.066100122327747,88.1293037651895,TDL-C,300.0,593
highway,blockage,mild,9,3008646401,35,59,24,15.560730506815146,80.44790697517648,TDL-C,300.0,594
highway,blockage,mild,10,1883499324,37,65,28,20.035345686673928,112.18619951513062,TDL-C,300.0,595
highway,blockage,mild,11,3312993271,34,63,29,14.238018672327673,179.04359610675593,TDL-C,300.0,596
highway,blockage,mild,12,4102885243,30,52,22,11.963396630028909,159.57079008284694,TDL-C,300.0,597
highway,blockage,mild,13,1555128714,32,61,29,11.52047698561366,95.87479996267442,TDL-C,300.0,598
highway,blockage,mild,14,2543827211,31,57,26,18.266576231950772,163.56119742848085,TDL-C,300.0,599
highway,blockage,moderate,0,1895877079,31,58,27,20.3529997469574,172.90478305910062,TDL-C,300.0,600
highway,blockage,moderate,1,1136214685,32,54,22,17.561020827366114,179.44135212695488,TDL-C,300.0,601
highway,blockage,moderate,2,577623167,30,56,26,14.51629855739258,162.66802658445067,TDL-C,300.0,602
highway,blockage,moderate,3,3984753484,35,62,27,12.638420295096607,166.86328741273257,TDL-C,300.0,603
highway,blockage,moderate,4,2904448478,34,57,23,15.654942498318757,139.78403636537814,TDL-C,300.0,604
highway,blockage,moderate,5,2421846769,35,61,26,18.442389434695535,149.631519967077,TDL-C,300.0,605
highway,blockage,moderate,6,3313942451,32,61,29,20.856502795419704,117.66644422840972,TDL-C,300.0,606
highway,blockage,moderate,7,1294538962,36,65,29,14.282723665419912,156.4169265245555,TDL-C,300.0,607
highway,blockage,moderate,8,2075263717,37,66,29,13.815770053068869,178.59009431584883,TDL-C,300.0,608
highway,blockage,moderate,9,2705831196,36,58,22,11.19856934433384,135.6455360421746,TDL-C,300.0,609
highway,blockage,moderate,10,2662450561,33,61,28,14.556806816237401,82.91464896284032,TDL-C,300.0,610
highway,blockage,moderate,11,4218961697,33,57,24,10.214287234551428,156.48737478003954,TDL-C,300.0,611
highway,blockage,moderate,12,2922215348,30,57,27,19.25148047695356,130.4971803817248,TDL-C,300.0,612
highway,blockage,moderate,13,538662773,37,62,25,10.204785482118297,117.69515017918228,TDL-C,300.0,613
highway,blockage,moderate,14,4217023532,31,53,22,16.466836412674926,158.03365712195932,TDL-C,300.0,614
highway,blockage,severe,0,3428038914,33,58,25,17.261351399485978,73.99126776767785,TDL-C,300.0,615
highway,blockage,severe,1,3940654361,33,58,25,13.015679467506716,136.26151857361816,TDL-C,300.0,616
highway,blockage,severe,2,3172464342,33,55,22,14.159093394720083,174.2643184425901,TDL-C,300.0,617
highway,blockage,severe,3,3859980275,31,60,29,10.668593622840516,81.29653854960829,TDL-C,300.0,618
highway,blockage,severe,4,619443719,37,65,28,12.292028793600487,148.46870649508816,TDL-C,300.0,619
highway,blockage,severe,5,1197953030,34,62,28,13.603293768011216,129.21326359241456,TDL-C,300.0,620
highway,blockage,severe,6,3730160203,31,57,26,12.814769637984817,169.2958205662032,TDL-C,300.0,621
highway,blockage,severe,7,2493647761,36,58,22,10.702391607635697,140.78531761648895,TDL-C,300.0,622
highway,blockage,severe,8,1153884833,36,59,23,15.24479702778219,138.53814118461077,TDL-C,300.0,623
highway,blockage,severe,9,3520293013,30,55,25,12.073289131375777,79.81047087186195,TDL-C,300.0,624
highway,blockage,severe,10,1967064700,36,58,22,13.440727386615427,141.24236812345882,TDL-C,300.0,625
highway,blockage,severe,11,3777784878,30,57,27,15.055232411353208,105.69761893369514,TDL-C,300.0,626
highway,blockage,severe,12,576756836,33,62,29,12.719535833343087,169.77517890811362,TDL-C,300.0,627
highway,blockage,severe,13,3642981544,35,62,27,16.12437855311869,106.56466803781238,TDL-C,300.0,628
highway,blockage,severe,14,141415122,36,58,22,14.019692061099711,139.55326598506278,TDL-C,300.0,629
highway,mobility,mild,0,862572013,33,59,26,16.115075432891068,120.91507373153358,TDL-C,300.0,630
highway,mobility,mild,1,3024920688,34,61,27,11.046572959782479,97.18745922320433,TDL-C,300.0,631
highway,mobility,mild,2,4059312314,32,61,29,12.779975990654467,173.90931786399074,TDL-C,300.0,632
highway,mobility,mild,3,179882216,34,59,25,14.781045287363952,134.1429465425498,TDL-C,300.0,633
highway,mobility,mild,4,4051612192,35,59,24,16.60627486229489,160.37095995783488,TDL-C,300.0,634
highway,mobility,mild,5,2186255854,35,60,25,11.527261856921317,125.89844405042712,TDL-C,300.0,635
highway,mobility,mild,6,4248068573,37,60,23,13.984868929827314,178.35802468535366,TDL-C,300.0,636
highway,mobility,mild,7,607941423,36,64,28,20.34693359969196,117.60792557159458,TDL-C,300.0,637
highway,mobility,mild,8,3650970068,33,57,24,12.051973316068153,172.208682735266,TDL-C,300.0,638
highway,mobility,mild,9,2679946048,35,62,27,15.707201098571833,164.0847931794592,TDL-C,300.0,639
highway,mobility,mild,10,3269227866,30,59,29,13.120808343066951,113.41045887790341,TDL-C,300.0,640
highway,mobility,mild,11,1597451003,37,60,23,20.161281223138346,72.18820649672311,TDL-C,300.0,641
highway,mobility,mild,12,2670387508,37,66,29,11.327485070728756,125.33706317705429,TDL-C,300.0,642
highway,mobility,mild,13,2346584507,30,56,26,16.460443140665536,86.27003968576525,TDL-C,300.0,643
highway,mobility,mild,14,3784091372,30,56,26,15.408778669776675,110.8760649332383,TDL-C,300.0,644
highway,mobility,moderate,0,220935895,35,58,23,14.957266233919597,88.9011477349657,TDL-C,300.0,645
highway,mobility,moderate,1,2041949700,31,56,25,11.435918691544101,142.92495042520272,TDL-C,300.0,646
highway,mobility,moderate,2,1924135045,34,61,27,17.813347889730533,100.23547541439616,TDL-C,300.0,647
highway,mobility,moderate,3,319180355,36,65,29,14.39127355834741,115.96147940343755,TDL-C,300.0,648
highway,mobility,moderate,4,3940676304,30,55,25,11.16833497342394,154.31891387337774,TDL-C,300.0,649
highway,mobility,moderate,5,1158615210,37,64,27,12.826985324213057,156.00204974440004,TDL-C,300.0,650
highway,mobility,moderate,6,3504224448,34,61,27,18.007913550299406,132.33794635313126,TDL-C,300.0,651
highway,mobility,moderate,7,3008836366,35,64,29,17.87574904912122,156.1918197777024,TDL-C,300.0,652
highway,mobility,moderate,8,1187314807,36,63,27,15.651124474853795,99.78478253623976,TDL-C,300.0,653
highway,mobility,moderate,9,2010743340,31,58,27,18.923566867043057,159.11463585851277,TDL-C,300.0,654
highway,mobility,moderate,10,613934552,34,57,23,17.62510297373528,97.97379816796652,TDL-C,300.0,655
highway,mobility,moderate,11,3942867224,33,62,29,14.579484355384505,158.8672626471718,TDL-C,300.0,656
highway,mobility,moderate,12,2653089175,36,61,25,16.907602053285284,87.64931993915796,TDL-C,300.0,657
highway,mobility,moderate,13,945580594,35,58,23,11.02892532612191,134.71301976646248,TDL-C,300.0,658
highway,mobility,moderate,14,1262152885,31,54,23,15.77557724409185,90.5665161647483,TDL-C,300.0,659
highway,mobility,severe,0,1555615287,30,52,22,20.956677163087207,174.57860524183525,TDL-C,300.0,660
highway,mobility,severe,1,3707459247,33,56,23,14.537992790002562,71.37828853843115,TDL-C,300.0,661
highway,mobility,severe,2,4143288825,33,55,22,18.382067139709044,166.90514352841853,TDL-C,300.0,662
highway,mobility,severe,3,207962123,35,58,23,19.286198646511195,133.93997413471257,TDL-C,300.0,663
highway,mobility,severe,4,2545303625,32,61,29,13.11472439188558,171.3281218211538,TDL-C,300.0,664
highway,mobility,severe,5,1187368219,37,65,28,18.921016356294754,114.0206754061396,TDL-C,300.0,665
highway,mobility,severe,6,992109237,34,60,26,13.158814427540317,70.64711277945824,TDL-C,300.0,666
highway,mobility,severe,7,3816186001,31,58,27,12.421986270572749,168.02099233951753,TDL-C,300.0,667
highway,mobility,severe,8,1860962039,37,59,22,13.50573326205103,100.34866692906071,TDL-C,300.0,668
highway,mobility,severe,9,2307417753,37,64,27,20.14239610724837,128.10410881510592,TDL-C,300.0,669
highway,mobility,severe,10,3731399059,36,63,27,20.28103584271194,109.63248603691962,TDL-C,300.0,670
highway,mobility,severe,11,3633332047,37,63,26,15.032473320216386,164.673434140204,TDL-C,300.0,671
highway,mobility,severe,12,1508187652,34,62,28,19.996552772836594,108.11352629634385,TDL-C,300.0,672
highway,mobility,severe,13,85824322,31,53,22,12.071815980084445,77.76779968920843,TDL-C,300.0,673
highway,mobility,severe,14,1546569121,32,60,28,16.402954659557874,164.26906482105898,TDL-C,300.0,674
highway,adaptation_mismatch,mild,0,2566330507,32,61,29,17.02627224918434,143.9167716348931,TDL-C,300.0,675
highway,adaptation_mismatch,mild,1,3503883618,31,55,24,16.287188631735717,171.1184926208507,TDL-C,300.0,676
highway,adaptation_mismatch,mild,2,3685602068,36,61,25,14.87778119984808,169.33957650585998,TDL-C,300.0,677
highway,adaptation_mismatch,mild,3,3620298931,35,62,27,17.757882683127423,85.41528839579607,TDL-C,300.0,678
highway,adaptation_mismatch,mild,4,1382255008,37,61,24,11.349643403484087,136.69171972058888,TDL-C,300.0,679
highway,adaptation_mismatch,mild,5,1797802893,37,60,23,14.958900446944762,107.42645667548493,TDL-C,300.0,680
highway,adaptation_mismatch,mild,6,3264172759,36,58,22,10.216230089632784,167.20089105485275,TDL-C,300.0,681
highway,adaptation_mismatch,mild,7,3992337892,37,61,24,19.15195672891839,177.65460193759787,TDL-C,300.0,682
highway,adaptation_mismatch,mild,8,2996985694,30,52,22,14.773908679850356,128.46103212481182,TDL-C,300.0,683
highway,adaptation_mismatch,mild,9,4111977896,32,56,24,18.19339023829679,89.8312312290958,TDL-C,300.0,684
highway,adaptation_mismatch,mild,10,665661628,35,64,29,13.689905547032879,152.89479424642303,TDL-C,300.0,685
highway,adaptation_mismatch,mild,11,2817874886,35,64,29,19.33557944642283,81.49054723158476,TDL-C,300.0,686
highway,adaptation_mismatch,mild,12,1812895812,32,55,23,17.476266877299683,91.98489789319838,TDL-C,300.0,687
highway,adaptation_mismatch,mild,13,737512703,32,59,27,11.687970184825657,178.17091785990382,TDL-C,300.0,688
highway,adaptation_mismatch,mild,14,549886027,35,60,25,16.290343491847864,124.04045110160598,TDL-C,300.0,689
highway,adaptation_mismatch,moderate,0,1123942064,31,59,28,12.452503463956367,167.42779708999925,TDL-C,300.0,690
highway,adaptation_mismatch,moderate,1,1872440858,36,58,22,11.180210671748942,96.75491600373928,TDL-C,300.0,691
highway,adaptation_mismatch,moderate,2,124423770,33,55,22,19.212467097183037,83.45261318665683,TDL-C,300.0,692
highway,adaptation_mismatch,moderate,3,3807360284,30,59,29,16.677829039475874,82.19499504168661,TDL-C,300.0,693
highway,adaptation_mismatch,moderate,4,836264137,31,59,28,10.187688856402229,178.55687279951755,TDL-C,300.0,694
highway,adaptation_mismatch,moderate,5,1310598782,30,59,29,18.38244948976637,125.11465875590719,TDL-C,300.0,695
highway,adaptation_mismatch,moderate,6,2836389287,30,59,29,14.725937545656391,178.9548067010942,TDL-C,300.0,696
highway,adaptation_mismatch,moderate,7,1025705112,30,52,22,20.264692640138556,138.79114131531793,TDL-C,300.0,697
highway,adaptation_mismatch,moderate,8,2754503383,37,59,22,18.344290615078027,166.39042252702956,TDL-C,300.0,698
highway,adaptation_mismatch,moderate,9,1039554845,36,64,28,11.62667837468313,142.1785614026279,TDL-C,300.0,699
highway,adaptation_mismatch,moderate,10,1010807018,30,58,28,17.71359877822737,95.81555206009942,TDL-C,300.0,700
highway,adaptation_mismatch,moderate,11,523081459,36,63,27,19.383321519149117,100.05117769104268,TDL-C,300.0,701
highway,adaptation_mismatch,moderate,12,2151416404,34,56,22,15.654928746636493,124.88460297541447,TDL-C,300.0,702
highway,adaptation_mismatch,moderate,13,1040769219,36,65,29,17.89960591351504,114.56819375697162,TDL-C,300.0,703
highway,adaptation_mismatch,moderate,14,4024557041,37,60,23,14.705790445427802,111.65257737865974,TDL-C,300.0,704
highway,adaptation_mismatch,severe,0,2971284872,30,59,29,20.7539728606715,109.90092075614106,TDL-C,300.0,705
highway,adaptation_mismatch,severe,1,1109873106,32,61,29,12.990416949059005,140.3516127190357,TDL-C,300.0,706
highway,adaptation_mismatch,severe,2,3279726618,34,58,24,10.774746628736036,176.9438813478722,TDL-C,300.0,707
highway,adaptation_mismatch,severe,3,931861956,32,60,28,18.48903399908633,131.32031771296593,TDL-C,300.0,708
highway,adaptation_mismatch,severe,4,884571115,34,59,25,19.12388427838679,132.03691904336236,TDL-C,300.0,709
highway,adaptation_mismatch,severe,5,2340162236,32,57,25,14.407814638981236,160.70792906576742,TDL-C,300.0,710
highway,adaptation_mismatch,severe,6,1420504020,37,62,25,16.69657628619007,125.87620655838455,TDL-C,300.0,711
highway,adaptation_mismatch,severe,7,3023038041,30,55,25,16.789119985776498,178.0873834020037,TDL-C,300.0,712
highway,adaptation_mismatch,severe,8,1248121372,35,58,23,13.926347389656026,107.92170401413557,TDL-C,300.0,713
highway,adaptation_mismatch,severe,9,2200002893,33,61,28,11.22616870627966,105.83496174997921,TDL-C,300.0,714
highway,adaptation_mismatch,severe,10,85398777,32,59,27,11.834634015852368,135.20086151024356,TDL-C,300.0,715
highway,adaptation_mismatch,severe,11,52944527,32,56,24,18.447598495747332,150.0668836143738,TDL-C,300.0,716
highway,adaptation_mismatch,severe,12,4236346913,32,61,29,11.468373123711334,76.13913716826454,TDL-C,300.0,717
highway,adaptation_mismatch,severe,13,2044119946,35,61,26,14.700627062098302,154.51308036059186,TDL-C,300.0,718
highway,adaptation_mismatch,severe,14,1372937294,35,58,23,14.94032778325099,149.20994332721207,TDL-C,300.0,719
highway,normal,mild,0,1312469250,33,62,29,15.644522034898964,91.98063374756512,TDL-C,300.0,720
highway,normal,mild,1,1225785112,35,58,23,16.315218443505216,154.47304516944487,TDL-C,300.0,721
highway,normal,mild,2,746560337,36,63,27,18.59003928067643,118.46422853121817,TDL-C,300.0,722
highway,normal,mild,3,2282519383,36,58,22,14.204401934948383,95.69227038700696,TDL-C,300.0,723
highway,normal,mild,4,638483180,33,58,25,10.710699713770024,96.89818194511005,TDL-C,300.0,724
highway,normal,mild,5,3822815123,33,61,28,12.957613508527594,128.44935477899912,TDL-C,300.0,725
highway,normal,mild,6,235181501,35,58,23,15.197342229199275,158.53443706391585,TDL-C,300.0,726
highway,normal,mild,7,1040132785,36,65,29,14.83396802769023,147.13408043025143,TDL-C,300.0,727
highway,normal,mild,8,2175328448,37,59,22,11.227407805859608,172.62668314414276,TDL-C,300.0,728
highway,normal,mild,9,2432678689,32,54,22,10.421385101950197,108.32790653872559,TDL-C,300.0,729
highway,normal,mild,10,3584672381,30,55,25,17.32585249543949,108.17387777491129,TDL-C,300.0,730
highway,normal,mild,11,214525851,32,57,25,14.97869041565029,101.59922976029065,TDL-C,300.0,731
highway,normal,mild,12,3889470388,34,62,28,10.053347212311714,156.14711934629707,TDL-C,300.0,732
highway,normal,mild,13,1031884200,36,61,25,14.401710549455494,100.61208534082002,TDL-C,300.0,733
highway,normal,mild,14,879194315,31,60,29,15.777191196098023,161.42443890428103,TDL-C,300.0,734
highway,normal,moderate,0,74696447,30,57,27,10.98598176297071,79.80624815813223,TDL-C,300.0,735
highway,normal,moderate,1,3958626462,36,61,25,20.922720169030647,89.70865053095983,TDL-C,300.0,736
highway,normal,moderate,2,4087087313,34,63,29,17.147371086027334,157.24224655951815,TDL-C,300.0,737
highway,normal,moderate,3,1313181045,36,63,27,15.47295613627246,86.20154368818272,TDL-C,300.0,738
highway,normal,moderate,4,1341067651,34,61,27,19.002836976494777,84.80003277740788,TDL-C,300.0,739
highway,normal,moderate,5,1516645868,30,54,24,14.887681713723316,74.00239515250527,TDL-C,300.0,740
highway,normal,moderate,6,119466074,35,59,24,10.328844213940101,117.24555437245073,TDL-C,300.0,741
highway,normal,moderate,7,2506693078,34,60,26,15.29050086159031,129.76733186857723,TDL-C,300.0,742
highway,normal,moderate,8,1503385657,34,58,24,20.776010084787142,159.41060316870968,TDL-C,300.0,743
highway,normal,moderate,9,3807710126,35,59,24,10.163110156678044,163.86349809680277,TDL-C,300.0,744
highway,normal,moderate,10,2589588469,33,59,26,16.42728610064769,98.98014641001464,TDL-C,300.0,745
highway,normal,moderate,11,4165960778,30,56,26,15.01903043853991,132.94810063989038,TDL-C,300.0,746
highway,normal,moderate,12,1487399027,32,59,27,10.648665868151715,97.5506284301912,TDL-C,300.0,747
highway,normal,moderate,13,3584068801,30,56,26,17.885614068476514,87.15805632604541,TDL-C,300.0,748
highway,normal,moderate,14,3822764660,36,58,22,15.679012198746664,132.68236526641556,TDL-C,300.0,749
highway,normal,severe,0,2612943180,33,56,23,19.36005507316309,105.1642174254608,TDL-C,300.0,750
highway,normal,severe,1,575958993,31,54,23,11.297957210392095,171.9568366361881,TDL-C,300.0,751
highway,normal,severe,2,332879359,37,61,24,19.89383643074211,106.62854609354797,TDL-C,300.0,752
highway,normal,severe,3,110973607,31,58,27,15.281163268366766,80.99416198082653,TDL-C,300.0,753
highway,normal,severe,4,3639877031,37,59,22,15.373359677260916,111.14314905116254,TDL-C,300.0,754
highway,normal,severe,5,3566503277,31,58,27,18.043592939305938,169.5326613274089,TDL-C,300.0,755
highway,normal,severe,6,77943846,35,62,27,13.222730255754616,75.56768037721888,TDL-C,300.0,756
highway,normal,severe,7,3093957073,36,60,24,12.843182299993348,158.14936114700777,TDL-C,300.0,757
highway,normal,severe,8,1964288802,36,63,27,14.639980053570248,72.51936226251293,TDL-C,300.0,758
highway,normal,severe,9,1263427591,32,60,28,15.92927449927345,119.20566521178789,TDL-C,300.0,759
highway,normal,severe,10,307977341,31,53,22,20.704616780011783,153.423662020708,TDL-C,300.0,760
highway,normal,severe,11,1661287748,33,57,24,10.31974036952346,135.10053298710744,TDL-C,300.0,761
highway,normal,severe,12,3851829843,32,59,27,11.734313630482983,157.17638281227573,TDL-C,300.0,762
highway,normal,severe,13,446452703,31,60,29,19.764634576243246,142.5343915062661,TDL-C,300.0,763
highway,normal,severe,14,3341446556,35,62,27,10.977638513803472,88.44764496078916,TDL-C,300.0,764
highway,nonphysical_goodput,mild,0,1436532234,34,58,24,11.683424418113765,156.26342879609194,TDL-C,300.0,765
highway,nonphysical_goodput,mild,1,685523106,33,56,23,16.133331302703667,163.62402115438806,TDL-C,300.0,766
highway,nonphysical_goodput,mild,2,1661530396,35,64,29,17.63998460565869,109.8638792178013,TDL-C,300.0,767
highway,nonphysical_goodput,mild,3,1722625662,36,61,25,17.11277711140196,79.34523638390664,TDL-C,300.0,768
highway,nonphysical_goodput,mild,4,942564321,34,57,23,12.02239335195454,178.9955894796695,TDL-C,300.0,769
highway,nonphysical_goodput,mild,5,2325546511,37,63,26,15.146229436584608,119.79184742300362,TDL-C,300.0,770
highway,nonphysical_goodput,mild,6,1317729285,35,58,23,16.839649922391732,151.60643263373697,TDL-C,300.0,771
highway,nonphysical_goodput,mild,7,852455057,31,59,28,10.886959029307933,177.10487010795188,TDL-C,300.0,772
highway,nonphysical_goodput,mild,8,2249696178,34,57,23,11.14370690005201,126.16665048738398,TDL-C,300.0,773
highway,nonphysical_goodput,mild,9,546457141,31,56,25,10.780668621540327,70.27967706089908,TDL-C,300.0,774
highway,nonphysical_goodput,mild,10,1160912498,33,59,26,13.80540968301193,84.4083156697068,TDL-C,300.0,775
highway,nonphysical_goodput,mild,11,1188691577,34,61,27,13.380298901084966,76.37985449177079,TDL-C,300.0,776
highway,nonphysical_goodput,mild,12,4144090020,37,60,23,20.742060062574076,74.61786636093866,TDL-C,300.0,777
highway,nonphysical_goodput,mild,13,4101190818,37,61,24,11.511094869525245,110.52744899133761,TDL-C,300.0,778
highway,nonphysical_goodput,mild,14,235278325,34,58,24,14.940829814105937,178.55880221807266,TDL-C,300.0,779
highway,nonphysical_goodput,moderate,0,3665965104,34,62,28,16.02634573321907,79.86200961778749,TDL-C,300.0,780
highway,nonphysical_goodput,moderate,1,4070504505,34,62,28,14.463438378892661,105.112001474979,TDL-C,300.0,781
highway,nonphysical_goodput,moderate,2,222853539,30,53,23,14.918753546653992,140.19386552151147,TDL-C,300.0,782
highway,nonphysical_goodput,moderate,3,1846117226,37,60,23,15.865424454270899,84.22934332055162,TDL-C,300.0,783
highway,nonphysical_goodput,moderate,4,2784077414,36,60,24,11.313293962566469,157.50071482765304,TDL-C,300.0,784
highway,nonphysical_goodput,moderate,5,3483056096,35,63,28,19.612498018952884,82.01611912129846,TDL-C,300.0,785
highway,nonphysical_goodput,moderate,6,3584925345,36,65,29,13.674381638630837,120.28590761425082,TDL-C,300.0,786
highway,nonphysical_goodput,moderate,7,1194560424,34,62,28,11.45827436274546,139.8065022696514,TDL-C,300.0,787
highway,nonphysical_goodput,moderate,8,67524646,32,58,26,19.2336547864586,111.07900014914026,TDL-C,300.0,788
highway,nonphysical_goodput,moderate,9,2811729475,33,58,25,13.956567219679346,132.53244887383556,TDL-C,300.0,789
highway,nonphysical_goodput,moderate,10,1037458718,35,64,29,10.271141433232236,122.95942285452944,TDL-C,300.0,790
highway,nonphysical_goodput,moderate,11,1637741964,31,59,28,13.122250370232251,129.5760931539633,TDL-C,300.0,791
highway,nonphysical_goodput,moderate,12,449394542,31,60,29,12.490273163974635,71.70286134787298,TDL-C,300.0,792
highway,nonphysical_goodput,moderate,13,40180393,33,57,24,17.51199289741588,106.1557152139427,TDL-C,300.0,793
highway,nonphysical_goodput,moderate,14,2942336742,36,63,27,16.886725870327155,107.60531494969936,TDL-C,300.0,794
highway,nonphysical_goodput,severe,0,2753132173,36,64,28,17.567619064357977,76.19143982393769,TDL-C,300.0,795
highway,nonphysical_goodput,severe,1,3750407892,37,62,25,12.51474083703544,83.9565321718259,TDL-C,300.0,796
highway,nonphysical_goodput,severe,2,2168447819,36,64,28,17.554348764959954,110.7924637152755,TDL-C,300.0,797
highway,nonphysical_goodput,severe,3,1216327303,34,59,25,20.652638985527705,106.62276322576685,TDL-C,300.0,798
highway,nonphysical_goodput,severe,4,824523824,30,53,23,11.876617198310136,118.67179678362054,TDL-C,300.0,799
highway,nonphysical_goodput,severe,5,2239263064,36,62,26,18.718927696968713,152.3018971573656,TDL-C,300.0,800
highway,nonphysical_goodput,severe,6,2498303515,37,65,28,13.562144080686462,74.7299678008589,TDL-C,300.0,801
highway,nonphysical_goodput,severe,7,3528582653,31,56,25,14.638266999927701,85.18319773211664,TDL-C,300.0,802
highway,nonphysical_goodput,severe,8,1380426226,36,65,29,11.5112752769606,135.60719662838306,TDL-C,300.0,803
highway,nonphysical_goodput,severe,9,3593410142,32,60,28,12.493408044951538,168.5967180289748,TDL-C,300.0,804
highway,nonphysical_goodput,severe,10,3776474427,30,55,25,10.80821908120451,108.24616645976192,TDL-C,300.0,805
highway,nonphysical_goodput,severe,11,3204572988,31,53,22,11.564767582535117,72.05521533358804,TDL-C,300.0,806
highway,nonphysical_goodput,severe,12,3336974916,35,61,26,20.885615859985407,119.33105847709106,TDL-C,300.0,807
highway,nonphysical_goodput,severe,13,2366527458,31,57,26,10.389109557543389,147.8887203196586,TDL-C,300.0,808
highway,nonphysical_goodput,severe,14,3081706887,30,55,25,17.000412439400804,151.28953466657816,TDL-C,300.0,809
cell_edge,interference,mild,0,1997455339,37,63,26,7.087966338546114,26.109948577290346,TDL-C,300.0,810
cell_edge,interference,mild,1,1179086671,30,52,22,10.962443828228032,16.77281314802396,TDL-C,300.0,811
cell_edge,interference,mild,2,2302890202,31,55,24,7.617141007321841,27.0127771205848,TDL-C,300.0,812
cell_edge,interference,mild,3,3065538966,31,60,29,1.6135035091998675,7.593031134066406,TDL-C,300.0,813
cell_edge,interference,mild,4,3842970234,35,63,28,7.828050876012821,29.367632512756686,TDL-C,300.0,814
cell_edge,interference,mild,5,3282059307,32,57,25,2.7079741343514074,28.62942745074538,TDL-C,300.0,815
cell_edge,interference,mild,6,2668998071,36,63,27,6.2015242484427135,33.075513291398416,TDL-C,300.0,816
cell_edge,interference,mild,7,1401199586,35,60,25,3.230754816990795,18.56474909812132,TDL-C,300.0,817
cell_edge,interference,mild,8,1309040161,36,61,25,7.4085385866376186,37.70235287218492,TDL-C,300.0,818
cell_edge,interference,mild,9,2445295626,36,58,22,1.148354356203635,20.38889774825677,TDL-C,300.0,819
cell_edge,interference,mild,10,33078006,32,60,28,4.478569482115709,41.7653198499155,TDL-C,300.0,820
cell_edge,interference,mild,11,2694709377,31,56,25,5.154605672877051,17.86397113910196,TDL-C,300.0,821
cell_edge,interference,mild,12,3133388308,36,62,26,6.496308610854187,27.368433899759044,TDL-C,300.0,822
cell_edge,interference,mild,13,1140056196,34,56,22,1.097186496180498,20.921913899575287,TDL-C,300.0,823
cell_edge,interference,mild,14,1679849791,35,57,22,7.33053157568246,44.61319031694107,TDL-C,300.0,824
cell_edge,interference,moderate,0,3991472676,32,57,25,3.305787810769938,22.80808306138344,TDL-C,300.0,825
cell_edge,interference,moderate,1,2831232784,33,60,27,4.273256369973298,31.055493693121182,TDL-C,300.0,826
cell_edge,interference,moderate,2,4038238818,33,55,22,5.929440903961036,44.22991955238295,TDL-C,300.0,827
cell_edge,interference,moderate,3,1714583867,37,64,27,9.895196526003419,43.5229942880808,TDL-C,300.0,828
cell_edge,interference,moderate,4,4090562006,36,58,22,2.624652580134919,35.250822075606415,TDL-C,300.0,829
cell_edge,interference,moderate,5,144008597,31,53,22,3.353248795210696,32.40806588977373,TDL-C,300.0,830
cell_edge,interference,moderate,6,110523221,33,56,23,10.590777227804466,10.820805970486319,TDL-C,300.0,831
cell_edge,interference,moderate,7,825511312,37,61,24,8.494475900779213,33.44998724358321,TDL-C,300.0,832
cell_edge,interference,moderate,8,469698079,36,61,25,8.141683652337743,9.076177772432521,TDL-C,300.0,833
cell_edge,interference,moderate,9,2321067147,30,56,26,2.4120121555583784,34.12348413577703,TDL-C,300.0,834
cell_edge,interference,moderate,10,2771151855,30,56,26,9.232231838002718,30.17964247720979,TDL-C,300.0,835
cell_edge,interference,moderate,11,524217001,31,60,29,4.316238933385952,13.687503337795054,TDL-C,300.0,836
cell_edge,interference,moderate,12,2732489998,31,60,29,10.73720526024024,11.591794196834853,TDL-C,300.0,837
cell_edge,interference,moderate,13,147838427,33,60,27,2.9573835772115245,8.124035194474102,TDL-C,300.0,838
cell_edge,interference,moderate,14,2932464131,32,58,26,4.756023266793699,12.87243626204913,TDL-C,300.0,839
cell_edge,interference,severe,0,2934389735,30,57,27,9.143627278508626,25.68342347067986,TDL-C,300.0,840
cell_edge,interference,severe,1,3090887178,36,59,23,7.827899219466987,13.856061028626318,TDL-C,300.0,841
cell_edge,interference,severe,2,4118466494,37,60,23,3.86415236290102,33.78526461704409,TDL-C,300.0,842
cell_edge,interference,severe,3,1736265682,33,56,23,4.989082520422055,13.755456286125787,TDL-C,300.0,843
cell_edge,interference,severe,4,3562167333,34,56,22,4.64556496869925,32.534570357026126,TDL-C,300.0,844
cell_edge,interference,severe,5,727237343,31,58,27,6.140078558603901,26.013959251902754,TDL-C,300.0,845
cell_edge,interference,severe,6,660740130,35,62,27,2.8739332700169475,19.952260403224813,TDL-C,300.0,846
cell_edge,interference,severe,7,435565631,31,54,23,5.2327150778500116,11.933015273959079,TDL-C,300.0,847
cell_edge,interference,severe,8,714430817,31,54,23,4.022065902127783,18.247744832647466,TDL-C,300.0,848
cell_edge,interference,severe,9,2086300330,33,61,28,7.191958446482086,27.022757094467917,TDL-C,300.0,849
cell_edge,interference,severe,10,3600635780,33,59,26,3.7080518686285417,38.219834219813436,TDL-C,300.0,850
cell_edge,interference,severe,11,4285332515,33,56,23,3.793396334390743,35.19934989203283,TDL-C,300.0,851
cell_edge,interference,severe,12,3966973574,31,59,28,3.8140226586809955,8.370943965501363,TDL-C,300.0,852
cell_edge,interference,severe,13,410447633,36,63,27,10.237847732577096,20.584197574371352,TDL-C,300.0,853
cell_edge,interference,severe,14,3921064086,33,55,22,5.054188975596165,41.59588984108239,TDL-C,300.0,854
cell_edge,blockage,mild,0,3083594471,33,55,22,2.883523580148175,6.350075886771269,TDL-C,300.0,855
cell_edge,blockage,mild,1,1433676058,30,55,25,3.34676852807843,13.67921978970012,TDL-C,300.0,856
cell_edge,blockage,mild,2,278756367,33,59,26,2.6148692408908993,25.23589866995778,TDL-C,300.0,857
cell_edge,blockage,mild,3,1911505204,31,55,24,2.364219673468293,21.85344537748982,TDL-C,300.0,858
cell_edge,blockage,mild,4,1687333303,30,59,29,2.080773545177005,32.36949859713373,TDL-C,300.0,859
cell_edge,blockage,mild,5,1088925706,33,62,29,8.29494958630233,6.332229581328193,TDL-C,300.0,860
cell_edge,blockage,mild,6,578903447,32,58,26,7.098708510853776,17.19181844398523,TDL-C,300.0,861
cell_edge,blockage,mild,7,991138214,33,58,25,6.7025762428063365,11.802571601003127,TDL-C,300.0,862
cell_edge,blockage,mild,8,822898168,31,55,24,10.928246097003155,38.53313838125973,TDL-C,300.0,863
cell_edge,blockage,mild,9,922950517,37,61,24,7.19806094423109,17.281683971656435,TDL-C,300.0,864
cell_edge,blockage,mild,10,1330556057,35,57,22,4.510207313933952,36.85693676050683,TDL-C,300.0,865
cell_edge,blockage,mild,11,2882695178,34,56,22,2.7192233632922482,26.206585256415487,TDL-C,300.0,866
cell_edge,blockage,mild,12,464113819,34,61,27,1.0071799864856648,28.989007887517623,TDL-C,300.0,867
cell_edge,blockage,mild,13,2192612334,34,57,23,7.839687617085822,37.53624145118504,TDL-C,300.0,868
cell_edge,blockage,mild,14,3666873107,37,66,29,10.549320978594675,21.64286549948323,TDL-C,300.0,869
cell_edge,blockage,moderate,0,3428706813,33,58,25,9.014804909267918,24.509047530368072,TDL-C,300.0,870
cell_edge,blockage,moderate,1,4240218144,30,58,28,4.516694310117207,17.85703095134074,TDL-C,300.0,871
cell_edge,blockage,moderate,2,2724870517,33,59,26,6.569719714116694,36.41091627641306,TDL-C,300.0,872
cell_edge,blockage,moderate,3,3344103264,36,64,28,6.728644108304973,5.062033926624339,TDL-C,300.0,873
cell_edge,blockage,moderate,4,2908302545,35,64,29,8.546663863524895,29.982162414999355,TDL-C,300.0,874
cell_edge,blockage,moderate,5,1733035937,31,57,26,7.077140736335602,11.04795790901331,TDL-C,300.0,875
cell_edge,blockage,moderate,6,1253854505,37,62,25,6.8659400946229106,11.97605557618422,TDL-C,300.0,876
cell_edge,blockage,moderate,7,737756507,36,61,25,5.690583209988427,24.176551250585323,TDL-C,300.0,877
cell_edge,blockage,moderate,8,989649121,33,55,22,10.113675654320215,31.62969248958488,TDL-C,300.0,878
cell_edge,blockage,moderate,9,1907409198,37,59,22,5.658515965031858,14.269008238809482,TDL-C,300.0,879
cell_edge,blockage,moderate,10,3733620854,37,59,22,8.40126223226381,42.0994791785868,TDL-C,300.0,880
cell_edge,blockage,moderate,11,1119272766,34,56,22,9.638562849904776,39.24058897947953,TDL-C,300.0,881
cell_edge,blockage,moderate,12,3846627800,35,62,27,6.277003091736945,37.06197537073055,TDL-C,300.0,882
cell_edge,blockage,moderate,13,2985121069,34,56,22,7.9094879505272715,31.696178713384874,TDL-C,300.0,883
cell_edge,blockage,moderate,14,2006109978,30,54,24,9.09741572744661,10.881479226471935,TDL-C,300.0,884
cell_edge,blockage,severe,0,2398971444,33,62,29,8.900795882208502,29.453194880673603,TDL-C,300.0,885
cell_edge,blockage,severe,1,4208051293,37,66,29,5.693204383406844,44.23821472209661,TDL-C,300.0,886
cell_edge,blockage,severe,2,999587378,35,61,26,4.099087952321954,21.268637760920775,TDL-C,300.0,887
cell_edge,blockage,severe,3,3985173054,34,60,26,9.234915167553492,22.36778008872545,TDL-C,300.0,888
cell_edge,blockage,severe,4,2113445844,35,57,22,5.613829241665277,19.60646921520384,TDL-C,300.0,889
cell_edge,blockage,severe,5,2208357970,31,55,24,9.194529622893844,34.08086480979171,TDL-C,300.0,890
cell_edge,blockage,severe,6,1836392225,31,60,29,7.358314633353881,25.701881928718535,TDL-C,300.0,891
cell_edge,blockage,severe,7,1068201837,35,62,27,2.7239493190582,31.854179232705505,TDL-C,300.0,892
cell_edge,blockage,severe,8,439821016,34,58,24,8.622952098032815,17.39656434379077,TDL-C,300.0,893
cell_edge,blockage,severe,9,2792787909,35,64,29,4.024256380260494,38.38659264850489,TDL-C,300.0,894
cell_edge,blockage,severe,10,2902689782,37,63,26,8.639184544355938,20.93949289375203,TDL-C,300.0,895
cell_edge,blockage,severe,11,3908124151,32,56,24,4.244119520555326,31.316923795560143,TDL-C,300.0,896
cell_edge,blockage,severe,12,660400320,31,60,29,1.866779512327459,34.38549722580903,TDL-C,300.0,897
cell_edge,blockage,severe,13,889716551,31,55,24,10.32972002067483,37.597341100149485,TDL-C,300.0,898
cell_edge,blockage,severe,14,965413788,33,56,23,10.113426395709665,27.442195572310357,TDL-C,300.0,899
cell_edge,mobility,mild,0,862674252,32,54,22,9.504613414706983,19.815363840334648,TDL-C,300.0,900
cell_edge,mobility,mild,1,2220091837,35,58,23,10.27183091541642,25.750161645044788,TDL-C,300.0,901
cell_edge,mobility,mild,2,3625280071,37,66,29,9.74511120234082,31.568772279702124,TDL-C,300.0,902
cell_edge,mobility,mild,3,1972150976,35,59,24,5.171330112793894,26.101985327823726,TDL-C,300.0,903
cell_edge,mobility,mild,4,1174515488,34,62,28,3.1238620881836634,12.886597671988449,TDL-C,300.0,904
cell_edge,mobility,mild,5,3496481355,34,62,28,3.0510185036698148,9.543669220341155,TDL-C,300.0,905
cell_edge,mobility,mild,6,2150888808,37,64,27,1.1641370306375944,15.493695981937954,TDL-C,300.0,906
cell_edge,mobility,mild,7,3074410474,37,63,26,5.786859934155187,25.368903524886555,TDL-C,300.0,907
cell_edge,mobility,mild,8,120071014,34,56,22,6.917438937860706,27.96207363433338,TDL-C,300.0,908
cell_edge,mobility,mild,9,3294592043,32,56,24,4.626763822362608,40.266279400778025,TDL-C,300.0,909
cell_edge,mobility,mild,10,805475326,37,65,28,7.68457120417716,24.568812001354846,TDL-C,300.0,910
cell_edge,mobility,mild,11,490194632,33,55,22,9.263097815703283,31.566017637917973,TDL-C,300.0,911
cell_edge,mobility,mild,12,3005931983,36,59,23,5.064281235265237,27.126733316481445,TDL-C,300.0,912
cell_edge,mobility,mild,13,2754540260,34,56,22,1.3581514374007189,5.317861680003428,TDL-C,300.0,913
cell_edge,mobility,mild,14,2170952867,36,60,24,4.67001537068141,15.522483314559157,TDL-C,300.0,914
cell_edge,mobility,moderate,0,2720355453,34,56,22,8.953627805251575,41.59895101737155,TDL-C,300.0,915
cell_edge,mobility,moderate,1,4208151730,30,54,24,2.0530077515659597,5.448227421760414,TDL-C,300.0,916
cell_edge,mobility,moderate,2,428573694,37,59,22,7.100785105039436,36.465912467947,TDL-C,300.0,917
cell_edge,mobility,moderate,3,3094144633,30,58,28,2.303021986055457,31.503794516080475,TDL-C,300.0,918
cell_edge,mobility,moderate,4,753936888,36,62,26,2.555736921913918,6.086247205863118,TDL-C,300.0,919
cell_edge,mobility,moderate,5,1381459376,37,66,29,6.95427141938357,15.03054018639039,TDL-C,300.0,920
cell_edge,mobility,moderate,6,1103902294,30,52,22,8.277789543916668,18.09886644647166,TDL-C,300.0,921
cell_edge,mobility,moderate,7,733386049,34,56,22,2.653588860584836,10.977049364189773,TDL-C,300.0,922
cell_edge,mobility,moderate,8,880396668,31,59,28,10.116691326843185,23.526607863677725,TDL-C,300.0,923
cell_edge,mobility,moderate,9,1373810962,36,58,22,10.758247758972075,44.98815789778712,TDL-C,300.0,924
cell_edge,mobility,moderate,10,1906391263,34,56,22,5.4048874631132415,44.110821408239886,TDL-C,300.0,925
cell_edge,mobility,moderate,11,3647317264,32,60,28,1.571585715016718,23.61658688647934,TDL-C,300.0,926
cell_edge,mobility,moderate,12,1242653496,37,60,23,10.873507876634504,24.932309814921723,TDL-C,300.0,927
cell_edge,mobility,moderate,13,3521661453,36,63,27,10.10831823085194,34.2340370636102,TDL-C,300.0,928
cell_edge,mobility,moderate,14,1115901880,31,58,27,10.912477123558219,33.556287036627765,TDL-C,300.0,929
cell_edge,mobility,severe,0,3008918968,34,62,28,10.12360707641737,25.316738135781467,TDL-C,300.0,930
cell_edge,mobility,severe,1,481903584,31,60,29,10.313595367536937,29.623717147651128,TDL-C,300.0,931
cell_edge,mobility,severe,2,1821864276,33,57,24,9.708257382008373,8.454365610127201,TDL-C,300.0,932
cell_edge,mobility,severe,3,4253795612,35,59,24,6.625313041223826,39.821835199499475,TDL-C,300.0,933
cell_edge,mobility,severe,4,2684348276,31,55,24,1.5474983677272638,41.7672040919506,TDL-C,300.0,934
cell_edge,mobility,severe,5,3874949776,36,63,27,4.347892710743033,19.1275348141839,TDL-C,300.0,935
cell_edge,mobility,severe,6,3474613438,31,53,22,4.203598025398039,23.968322303612734,TDL-C,300.0,936
cell_edge,mobility,severe,7,158902528,32,57,25,4.051967004119126,8.842813821551712,TDL-C,300.0,937
cell_edge,mobility,severe,8,3096184378,34,60,26,6.777174945307994,10.755140584017987,TDL-C,300.0,938
cell_edge,mobility,severe,9,1356219110,32,60,28,3.647208250294004,12.488817513318331,TDL-C,300.0,939
cell_edge,mobility,severe,10,1620245185,36,58,22,7.641233334380498,36.73936755279071,TDL-C,300.0,940
cell_edge,mobility,severe,11,3713858698,35,64,29,2.907565200562366,28.60668724268777,TDL-C,300.0,941
cell_edge,mobility,severe,12,361289731,31,54,23,8.909280274399576,33.11533158617998,TDL-C,300.0,942
cell_edge,mobility,severe,13,3232924352,32,56,24,4.791695884365454,36.491137288933594,TDL-C,300.0,943
cell_edge,mobility,severe,14,3353381879,35,62,27,2.7417986979650504,21.57096094231953,TDL-C,300.0,944
cell_edge,adaptation_mismatch,mild,0,2154994307,33,55,22,10.877881716690842,16.822884931444896,TDL-C,300.0,945
cell_edge,adaptation_mismatch,mild,1,2109439996,33,62,29,1.0545104341446678,22.919443387826558,TDL-C,300.0,946
cell_edge,adaptation_mismatch,mild,2,2678980103,32,56,24,2.745468157007731,23.82091193116116,TDL-C,300.0,947
cell_edge,adaptation_mismatch,mild,3,532689142,35,59,24,4.507369054023713,36.54601895415369,TDL-C,300.0,948
cell_edge,adaptation_mismatch,mild,4,2587486994,33,57,24,1.5348701962630087,24.82634160066974,TDL-C,300.0,949
cell_edge,adaptation_mismatch,mild,5,4109395956,32,54,22,8.297572800503517,30.61195605843041,TDL-C,300.0,950
cell_edge,adaptation_mismatch,mild,6,754763578,30,54,24,5.84685221606756,22.931760525977825,TDL-C,300.0,951
cell_edge,adaptation_mismatch,mild,7,188465349,37,62,25,2.7831442596299993,16.398939442159236,TDL-C,300.0,952
cell_edge,adaptation_mismatch,mild,8,606498739,36,58,22,2.476036052816241,33.275267861618445,TDL-C,300.0,953
cell_edge,adaptation_mismatch,mild,9,1204908845,30,55,25,1.8115103918167865,33.3505531503421,TDL-C,300.0,954
cell_edge,adaptation_mismatch,mild,10,1263307517,37,63,26,3.6580795461467277,44.58501226381907,TDL-C,300.0,955
cell_edge,adaptation_mismatch,mild,11,3726588668,34,63,29,4.883409486326977,44.34361348970726,TDL-C,300.0,956
cell_edge,adaptation_mismatch,mild,12,2137669284,31,55,24,2.9443332713981123,39.9080457981385,TDL-C,300.0,957
cell_edge,adaptation_mismatch,mild,13,3012788304,36,63,27,4.431020546702777,15.60978219706696,TDL-C,300.0,958
cell_edge,adaptation_mismatch,mild,14,179898426,31,58,27,7.853011713935104,28.39268723271564,TDL-C,300.0,959
cell_edge,adaptation_mismatch,moderate,0,3500836842,31,58,27,10.251013400074795,36.563929622750386,TDL-C,300.0,960
cell_edge,adaptation_mismatch,moderate,1,3332401575,37,60,23,6.450428320346879,33.66202064801587,TDL-C,300.0,961
cell_edge,adaptation_mismatch,moderate,2,2033347546,36,58,22,6.367790304644497,28.72339571074775,TDL-C,300.0,962
cell_edge,adaptation_mismatch,moderate,3,3843248942,33,56,23,3.3168434158334374,12.980424185287207,TDL-C,300.0,963
cell_edge,adaptation_mismatch,moderate,4,2968799827,34,61,27,6.151510408493244,38.47164070381669,TDL-C,300.0,964
cell_edge,adaptation_mismatch,moderate,5,242112373,32,59,27,9.930312046464516,17.581567885325136,TDL-C,300.0,965
cell_edge,adaptation_mismatch,moderate,6,2696709048,33,59,26,4.455472033979635,8.187883214995342,TDL-C,300.0,966
cell_edge,adaptation_mismatch,moderate,7,3760178856,31,57,26,4.045002710600963,8.905418077142496,TDL-C,300.0,967
cell_edge,adaptation_mismatch,moderate,8,31580274,31,56,25,1.015056494264708,8.567872515326851,TDL-C,300.0,968
cell_edge,adaptation_mismatch,moderate,9,3296898640,32,57,25,4.254854673406293,16.4575653161656,TDL-C,300.0,969
cell_edge,adaptation_mismatch,moderate,10,3419933095,30,55,25,2.2614216069248965,15.015696338133138,TDL-C,300.0,970
cell_edge,adaptation_mismatch,moderate,11,2310692151,37,65,28,8.44753750989359,23.61865219183755,TDL-C,300.0,971
cell_edge,adaptation_mismatch,moderate,12,4229416270,31,58,27,1.1076610867896843,29.509963554664335,TDL-C,300.0,972
cell_edge,adaptation_mismatch,moderate,13,3592434112,30,57,27,9.348980640490808,14.223693783625574,TDL-C,300.0,973
cell_edge,adaptation_mismatch,moderate,14,3117142637,31,56,25,4.740141595388877,6.889309880367498,TDL-C,300.0,974
cell_edge,adaptation_mismatch,severe,0,497889319,30,56,26,10.325160878626226,6.0134803580180884,TDL-C,300.0,975
cell_edge,adaptation_mismatch,severe,1,975788682,30,54,24,6.319845971307716,38.269005642467135,TDL-C,300.0,976
cell_edge,adaptation_mismatch,severe,2,2645545589,34,56,22,8.988444339706088,5.841023120598199,TDL-C,300.0,977
cell_edge,adaptation_mismatch,severe,3,674754460,37,63,26,5.404743317297201,36.42753493624605,TDL-C,300.0,978
cell_edge,adaptation_mismatch,severe,4,2432099332,37,62,25,9.595192600246367,22.603816346143546,TDL-C,300.0,979
cell_edge,adaptation_mismatch,severe,5,3808881640,35,62,27,9.789221307735895,34.41072493719426,TDL-C,300.0,980
cell_edge,adaptation_mismatch,severe,6,3089823509,34,62,28,8.10257269324643,38.170599790975814,TDL-C,300.0,981
cell_edge,adaptation_mismatch,severe,7,4121798604,34,62,28,1.7547292513171588,38.846446747969786,TDL-C,300.0,982
cell_edge,adaptation_mismatch,severe,8,3876361839,31,59,28,6.601111863044137,23.577495307599406,TDL-C,300.0,983
cell_edge,adaptation_mismatch,severe,9,4193949490,32,58,26,7.695294845063251,13.533189039820899,TDL-C,300.0,984
cell_edge,adaptation_mismatch,severe,10,695710976,37,66,29,1.1582051230215353,25.79118696557849,TDL-C,300.0,985
cell_edge,adaptation_mismatch,severe,11,3958440017,36,62,26,5.703676607805063,34.03647386472848,TDL-C,300.0,986
cell_edge,adaptation_mismatch,severe,12,2141925456,31,56,25,9.024103288551746,21.110859825957668,TDL-C,300.0,987
cell_edge,adaptation_mismatch,severe,13,2543646916,33,61,28,2.3455336428604356,8.233776851312555,TDL-C,300.0,988
cell_edge,adaptation_mismatch,severe,14,1181652725,30,59,29,1.601597949172622,5.757950714730091,TDL-C,300.0,989
cell_edge,normal,mild,0,905255727,34,57,23,8.098783610247473,28.63347036622748,TDL-C,300.0,990
cell_edge,normal,mild,1,2596055284,31,54,23,6.677929725031651,37.87129364728719,TDL-C,300.0,991
cell_edge,normal,mild,2,757484701,32,57,25,8.658550776546338,36.58388969656103,TDL-C,300.0,992
cell_edge,normal,mild,3,3729923807,30,55,25,9.500579265237135,14.11056804698671,TDL-C,300.0,993
cell_edge,normal,mild,4,3600081056,37,62,25,6.392380480971299,37.915292402983674,TDL-C,300.0,994
cell_edge,normal,mild,5,2732393290,34,57,23,6.098162564333237,18.180016020703032,TDL-C,300.0,995
cell_edge,normal,mild,6,2100709681,37,61,24,1.4514364086877032,23.913118103115252,TDL-C,300.0,996
cell_edge,normal,mild,7,842684809,33,58,25,8.760049291966734,10.2491347146494,TDL-C,300.0,997
cell_edge,normal,mild,8,3983997922,35,61,26,8.042345421843816,24.077741349294914,TDL-C,300.0,998
cell_edge,normal,mild,9,684658277,37,61,24,4.259417431077866,7.035703814128924,TDL-C,300.0,999
cell_edge,normal,mild,10,3487930418,33,56,23,10.362148907434669,21.403650959151832,TDL-C,300.0,1000
cell_edge,normal,mild,11,2622945468,31,53,22,4.427620661046639,16.857127941227215,TDL-C,300.0,1001
cell_edge,normal,mild,12,2364125157,31,58,27,2.58930122441432,20.082567811796345,TDL-C,300.0,1002
cell_edge,normal,mild,13,2211397524,31,56,25,6.2950525764744105,29.77256985630438,TDL-C,300.0,1003
cell_edge,normal,mild,14,3568754202,31,60,29,9.489041475821537,34.32723321981673,TDL-C,300.0,1004
cell_edge,normal,moderate,0,2994013438,37,63,26,4.281120952893333,17.434448237255804,TDL-C,300.0,1005
cell_edge,normal,moderate,1,843809120,32,60,28,1.8520065660063514,27.1504336203599,TDL-C,300.0,1006
cell_edge,normal,moderate,2,2097506681,30,56,26,4.490032362778473,41.38426605949486,TDL-C,300.0,1007
cell_edge,normal,moderate,3,4070091579,32,56,24,7.120154186752579,17.840449947405364,TDL-C,300.0,1008
cell_edge,normal,moderate,4,2080045744,37,66,29,2.803935329684987,35.77568217866856,TDL-C,300.0,1009
cell_edge,normal,moderate,5,1585284002,34,58,24,2.2410029861178273,42.53725246271477,TDL-C,300.0,1010
cell_edge,normal,moderate,6,2762914821,35,60,25,1.303154566285172,29.151868223993983,TDL-C,300.0,1011
cell_edge,normal,moderate,7,391473068,34,63,29,5.89935378496744,17.24558789050768,TDL-C,300.0,1012
cell_edge,normal,moderate,8,624025902,34,59,25,3.3968571169512263,18.924510501564228,TDL-C,300.0,1013
cell_edge,normal,moderate,9,3915557663,34,56,22,2.809736062488204,12.162425759521902,TDL-C,300.0,1014
cell_edge,normal,moderate,10,28732390,32,58,26,6.031424963220196,12.680603722977226,TDL-C,300.0,1015
cell_edge,normal,moderate,11,3887899819,37,66,29,8.847226529684596,16.49291765904058,TDL-C,300.0,1016
cell_edge,normal,moderate,12,591404026,35,64,29,10.439651795074955,19.474523386882954,TDL-C,300.0,1017
cell_edge,normal,moderate,13,133331356,33,58,25,1.7061576101051281,24.169095790790198,TDL-C,300.0,1018
cell_edge,normal,moderate,14,3134069171,34,62,28,6.426531275472252,6.782653054058705,TDL-C,300.0,1019
cell_edge,normal,severe,0,391264983,31,57,26,3.231254543414324,34.10797836637603,TDL-C,300.0,1020
cell_edge,normal,severe,1,3934921591,36,64,28,1.8080358635047147,24.470193174859318,TDL-C,300.0,1021
cell_edge,normal,severe,2,2404394109,30,58,28,6.83098198907491,42.83352419351796,TDL-C,300.0,1022
cell_edge,normal,severe,3,2853918455,37,60,23,5.738141262975813,27.70769957424164,TDL-C,300.0,1023
cell_edge,normal,severe,4,732155945,37,62,25,8.827788113791925,25.128164081865005,TDL-C,300.0,1024
cell_edge,normal,severe,5,339530749,32,58,26,8.270497978542508,35.856087188250655,TDL-C,300.0,1025
cell_edge,normal,severe,6,996972239,37,62,25,7.269500843356868,19.769469513782425,TDL-C,300.0,1026
cell_edge,normal,severe,7,3739526860,35,58,23,5.793123662011042,13.071285249121654,TDL-C,300.0,1027
cell_edge,normal,severe,8,266270646,37,66,29,10.453768657076166,24.185582281565804,TDL-C,300.0,1028
cell_edge,normal,severe,9,2028419305,37,61,24,4.7240541314943645,36.84331260121935,TDL-C,300.0,1029
cell_edge,normal,severe,10,4138975598,37,63,26,3.635501199802641,34.103970395519575,TDL-C,300.0,1030
cell_edge,normal,severe,11,3420370252,31,59,28,3.079803551079623,24.240679017830434,TDL-C,300.0,1031
cell_edge,normal,severe,12,3125505278,33,57,24,7.566065703380546,32.24401182380805,TDL-C,300.0,1032
cell_edge,normal,severe,13,3629703337,33,55,22,5.620789189994088,42.245381451561926,TDL-C,300.0,1033
cell_edge,normal,severe,14,3625499429,32,60,28,5.150775324159418,29.216903790318103,TDL-C,300.0,1034
cell_edge,nonphysical_goodput,mild,0,2087865012,33,61,28,5.96021212533612,19.026820731693306,TDL-C,300.0,1035
cell_edge,nonphysical_goodput,mild,1,357643146,37,65,28,7.544790901094769,14.112283461821127,TDL-C,300.0,1036
cell_edge,nonphysical_goodput,mild,2,1307497538,31,55,24,9.165631806400452,21.91255138533719,TDL-C,300.0,1037
cell_edge,nonphysical_goodput,mild,3,2567831201,31,56,25,6.877419814305119,16.89813382970072,TDL-C,300.0,1038
cell_edge,nonphysical_goodput,mild,4,3927757561,36,63,27,10.02807604801348,19.231493783309705,TDL-C,300.0,1039
cell_edge,nonphysical_goodput,mild,5,392582382,33,58,25,6.088447845727152,26.00141384177947,TDL-C,300.0,1040
cell_edge,nonphysical_goodput,mild,6,942265709,32,60,28,5.609057780117346,20.460130904995772,TDL-C,300.0,1041
cell_edge,nonphysical_goodput,mild,7,3882888620,30,56,26,4.561085818715418,19.146820374021495,TDL-C,300.0,1042
cell_edge,nonphysical_goodput,mild,8,278274793,30,57,27,1.1473926858875307,24.760074980301916,TDL-C,300.0,1043
cell_edge,nonphysical_goodput,mild,9,2515871633,31,60,29,7.955948898269572,13.588396777269578,TDL-C,300.0,1044
cell_edge,nonphysical_goodput,mild,10,3115085885,36,58,22,3.2462191720110694,37.09496604094585,TDL-C,300.0,1045
cell_edge,nonphysical_goodput,mild,11,1992390820,36,61,25,7.606544718795763,23.591295431905554,TDL-C,300.0,1046
cell_edge,nonphysical_goodput,mild,12,2485088329,34,61,27,9.119047756549914,5.2860213560890035,TDL-C,300.0,1047
cell_edge,nonphysical_goodput,mild,13,3491563303,35,57,22,6.061885909181182,8.742822593462245,TDL-C,300.0,1048
cell_edge,nonphysical_goodput,mild,14,1502571299,36,62,26,4.550774710672979,30.91633705752802,TDL-C,300.0,1049
cell_edge,nonphysical_goodput,moderate,0,3464897678,36,61,25,10.251495589045426,26.515273551877865,TDL-C,300.0,1050
cell_edge,nonphysical_goodput,moderate,1,2557738818,30,54,24,6.854608816643867,15.891872259202486,TDL-C,300.0,1051
cell_edge,nonphysical_goodput,moderate,2,2949941697,36,61,25,4.841333077187448,34.466312013460055,TDL-C,300.0,1052
cell_edge,nonphysical_goodput,moderate,3,3886454077,32,54,22,1.1330054904653322,19.359847882355933,TDL-C,300.0,1053
cell_edge,nonphysical_goodput,moderate,4,3307004187,36,62,26,3.443513943355412,36.930283316140525,TDL-C,300.0,1054
cell_edge,nonphysical_goodput,moderate,5,4195994576,31,56,25,4.915376257882856,32.007375382483296,TDL-C,300.0,1055
cell_edge,nonphysical_goodput,moderate,6,2898606159,35,64,29,1.8081383878991288,6.702635043093337,TDL-C,300.0,1056
cell_edge,nonphysical_goodput,moderate,7,3858728903,37,60,23,10.382622026220673,33.12546201066609,TDL-C,300.0,1057
cell_edge,nonphysical_goodput,moderate,8,1565430225,30,59,29,6.383480563551229,31.73047343527473,TDL-C,300.0,1058
cell_edge,nonphysical_goodput,moderate,9,2394934117,32,60,28,3.911899310616781,26.37112695963517,TDL-C,300.0,1059
cell_edge,nonphysical_goodput,moderate,10,1362253164,30,58,28,10.268491299409366,24.72305444194523,TDL-C,300.0,1060
cell_edge,nonphysical_goodput,moderate,11,2312356683,36,61,25,5.933609347547626,24.395131299440244,TDL-C,300.0,1061
cell_edge,nonphysical_goodput,moderate,12,3021150828,36,61,25,7.693799674215804,18.192550443111635,TDL-C,300.0,1062
cell_edge,nonphysical_goodput,moderate,13,2677466931,30,57,27,8.091772064602514,26.607490524349323,TDL-C,300.0,1063
cell_edge,nonphysical_goodput,moderate,14,3491663544,30,59,29,5.527257263799994,34.9306337234583,TDL-C,300.0,1064
cell_edge,nonphysical_goodput,severe,0,1042393239,36,63,27,5.972616937071504,20.379379654025726,TDL-C,300.0,1065
cell_edge,nonphysical_goodput,severe,1,1536087446,35,63,28,7.362615815768175,20.974644928127585,TDL-C,300.0,1066
cell_edge,nonphysical_goodput,severe,2,140278125,33,61,28,1.935091125641494,11.833358222378813,TDL-C,300.0,1067
cell_edge,nonphysical_goodput,severe,3,2838617310,30,53,23,6.802261638826819,39.54729638940136,TDL-C,300.0,1068
cell_edge,nonphysical_goodput,severe,4,1444915880,33,59,26,7.3699633381356735,37.168631209635265,TDL-C,300.0,1069
cell_edge,nonphysical_goodput,severe,5,904025881,35,60,25,1.249723996125354,6.28602391419093,TDL-C,300.0,1070
cell_edge,nonphysical_goodput,severe,6,3322117343,33,55,22,8.245782301032705,34.053046014261135,TDL-C,300.0,1071
cell_edge,nonphysical_goodput,severe,7,1773402431,37,63,26,8.41785884216369,19.782704347635903,TDL-C,300.0,1072
cell_edge,nonphysical_goodput,severe,8,3214662434,30,58,28,1.292384553901266,19.944185785672577,TDL-C,300.0,1073
cell_edge,nonphysical_goodput,severe,9,2924320487,30,59,29,10.047528031263015,33.36947674430612,TDL-C,300.0,1074
cell_edge,nonphysical_goodput,severe,10,1555677671,37,62,25,10.194487283977109,9.463504343192891,TDL-C,300.0,1075
cell_edge,nonphysical_goodput,severe,11,2178189020,33,61,28,9.15378046151995,11.519819060552678,TDL-C,300.0,1076
cell_edge,nonphysical_goodput,severe,12,2984367083,32,57,25,10.547817545516287,31.77748547042762,TDL-C,300.0,1077
cell_edge,nonphysical_goodput,severe,13,1645649168,35,61,26,2.008586604495212,31.592731218217036,TDL-C,300.0,1078
cell_edge,nonphysical_goodput,severe,14,1612039082,36,58,22,7.768579721795359,6.183594190320232,TDL-C,300.0,1079
