system,variant,repeat,method,index,truth,prediction,confidence,gate_confidence,mechanism_confidence
source,FULL,0,PhyGuard,795,nonphysical_goodput,ABSTAIN,0.0202085738154985,0.0568988469699629,0.3551666666666666
source,FULL,0,PhyGuard,98,mobility,mobility,0.9950476701118716,0.9992110494847248,0.9958333333333332
source,FULL,0,PhyGuard,547,interference,interference,0.6125418060734849,0.951151872784914,0.6440000000000002
source,FULL,0,PhyGuard,902,mobility,mobility,0.9438649993633992,0.988340313469528,0.9549999999999998
source,FULL,0,PhyGuard,968,adaptation_mismatch,adaptation_mismatch,0.6296247482745402,0.9999996001978008,0.629625
source,FULL,0,PhyGuard,125,mobility,mobility,0.9823523407034828,0.9848143766450952,0.9975
source,FULL,0,PhyGuard,63,blockage,blockage,0.9519339661424208,0.9883377395491478,0.9631666666666664
source,FULL,0,PhyGuard,519,nonphysical_goodput,ABSTAIN,0.2634667544701672,0.7683113131572312,0.3429166666666666
source,FULL,0,PhyGuard,712,adaptation_mismatch,adaptation_mismatch,0.7691108414382117,0.9908030163455224,0.77625
source,FULL,0,PhyGuard,981,adaptation_mismatch,interference,0.4524028870138271,0.9997853856659166,0.4524999999999998
source,FULL,0,PhyGuard,600,blockage,blockage,0.5329961103889168,0.7217279761529002,0.7385
source,FULL,0,PhyGuard,32,interference,interference,0.9463888888670504,0.9999999999769243,0.9463888888888888
source,FULL,0,PhyGuard,149,adaptation_mismatch,adaptation_mismatch,0.5429714019251697,0.9997719807477916,0.5430952380952381
source,FULL,0,PhyGuard,784,nonphysical_goodput,ABSTAIN,0.0537641205534877,0.0712107556999837,0.755
source,FULL,0,PhyGuard,48,blockage,blockage,0.9754279816222756,0.9879419125141212,0.9873333333333336
source,FULL,0,PhyGuard,131,mobility,mobility,0.9974103119888346,0.9999100872068516,0.9975
source,FULL,0,PhyGuard,107,mobility,mobility,0.9110070589301928,0.993825882469301,0.9166666666666669
source,FULL,0,PhyGuard,614,blockage,blockage,0.5105321863141044,0.7156993266085575,0.7133333333333334
source,FULL,0,PhyGuard,128,mobility,ABSTAIN,0.3095238393720509,0.3856594406047774,0.8025833333333334
source,FULL,0,PhyGuard,214,normal,ABSTAIN,0.0222015499340583,0.0749419407056822,0.29625
source,FULL,0,PhyGuard,550,interference,interference,0.481796044297846,0.8253465426943828,0.5837500000000001
source,FULL,0,PhyGuard,79,blockage,blockage,0.985544612921498,0.9963382775954486,0.9891666666666667
source,FULL,0,PhyGuard,659,mobility,mobility,0.7391618915513427,0.7767025130136701,0.9516666666666668
source,FULL,0,PhyGuard,644,mobility,ABSTAIN,0.0898617631313769,0.113330652399004,0.7929166666666667
source,FULL,0,PhyGuard,527,nonphysical_goodput,ABSTAIN,0.0151193880548577,0.0360701106676526,0.4191666666666667
source,FULL,0,PhyGuard,743,normal,ABSTAIN,0.0434745216523938,0.1590531279965627,0.2733333333333333
source,FULL,0,PhyGuard,813,interference,adaptation_mismatch,0.5230507436876223,0.929454897712345,0.5627500000000001
source,FULL,0,PhyGuard,302,interference,interference,0.7560714190248541,0.9999999873734488,0.7560714285714287
source,FULL,0,PhyGuard,136,adaptation_mismatch,adaptation_mismatch,0.6681187074450526,0.9910289850853689,0.6741666666666666
source,FULL,0,PhyGuard,436,adaptation_mismatch,adaptation_mismatch,0.8633315770723106,0.9999979657208232,0.8633333333333333
source,FULL,0,PhyGuard,73,blockage,blockage,0.8257353209393304,0.8410239346077353,0.9818214285714286
source,FULL,0,PhyGuard,239,nonphysical_goodput,mobility,0.506924114791002,0.7757063730543258,0.6535000000000001
source,FULL,0,PhyGuard,374,mobility,mobility,0.9842054065069294,0.9991933060984056,0.985
source,FULL,0,PhyGuard,767,nonphysical_goodput,ABSTAIN,0.0486629006913784,0.1052360440253272,0.4624166666666667
source,FULL,0,PhyGuard,931,mobility,mobility,0.5827452306137872,0.7903416328396752,0.7373333333333334
source,FULL,0,PhyGuard,884,blockage,blockage,0.9813226564098692,0.9854286089471492,0.9958333333333332
source,FULL,0,PhyGuard,386,mobility,mobility,0.9922489760234212,0.9964006453791676,0.9958333333333332
source,FULL,0,PhyGuard,1004,normal,ABSTAIN,0.0080677629541645,0.0231887797484969,0.3479166666666666
source,FULL,0,PhyGuard,699,adaptation_mismatch,interference,0.4722372130415303,0.9829742509103838,0.4804166666666667
source,FULL,0,PhyGuard,385,mobility,mobility,0.8992368941786018,0.9973052430816286,0.9016666666666666
source,FULL,0,PhyGuard,938,mobility,mobility,0.9399412129350212,0.9507961354817716,0.9885833333333334
source,FULL,0,PhyGuard,267,nonphysical_goodput,ABSTAIN,0.1823954127386105,0.264981229160209,0.6883333333333335
source,FULL,0,PhyGuard,778,nonphysical_goodput,ABSTAIN,0.0480612992246484,0.0611726337182627,0.7856666666666666
source,FULL,0,PhyGuard,1061,nonphysical_goodput,ABSTAIN,0.0134801615200235,0.0323200675804759,0.4170833333333333
source,FULL,0,PhyGuard,660,mobility,mobility,0.6498414529142241,0.7201124235821119,0.9024166666666666
source,FULL,0,PhyGuard,403,mobility,ABSTAIN,0.4214317415884671,0.4436123595668074,0.95
source,FULL,0,PhyGuard,551,interference,ABSTAIN,0.2163182881653155,0.4721674876584831,0.4581388888888888
source,FULL,0,PhyGuard,425,adaptation_mismatch,adaptation_mismatch,0.680702922262199,0.999965818541556,0.6807261904761904
source,FULL,0,PhyGuard,462,normal,ABSTAIN,0.0478450613449437,0.0706634752171476,0.6770833333333335
source,FULL,0,PhyGuard,309,interference,interference,0.6079715977743086,0.9999989729005854,0.6079722222222222
source,FULL,0,PhyGuard,954,adaptation_mismatch,interference,0.4540462039800702,0.999900755940066,0.4540912698412698
source,FULL,0,PhyGuard,833,interference,interference,0.968999979937447,0.9999999792956112,0.969
source,FULL,0,PhyGuard,175,adaptation_mismatch,interference,0.9183754424006768,0.9999983212489708,0.918376984126984
source,FULL,0,PhyGuard,229,nonphysical_goodput,ABSTAIN,0.0058151940860323,0.0113007820295365,0.5145833333333334
source,FULL,0,PhyGuard,407,adaptation_mismatch,adaptation_mismatch,0.6206662787564406,0.9999993750103768,0.6206666666666668
source,FULL,0,PhyGuard,450,normal,ABSTAIN,0.0844504048719803,0.1837876058149734,0.4595000000000001
source,FULL,0,PhyGuard,686,adaptation_mismatch,ABSTAIN,0.2097097461408482,0.5785096445264778,0.3625
source,FULL,0,PhyGuard,69,blockage,blockage,0.9913401699170504,0.9925808960370966,0.99875
source,FULL,0,PhyGuard,317,blockage,blockage,0.361934396296323,0.8328308256099477,0.4345833333333332
source,FULL,0,PhyGuard,331,blockage,ABSTAIN,0.1084980479484617,0.1954332896099581,0.5551666666666667
source,FULL,0,PhyGuard,203,normal,ABSTAIN,0.0193818694527307,0.0469105351820832,0.4131666666666667
source,FULL,0,PhyGuard,162,adaptation_mismatch,adaptation_mismatch,0.9264999730932894,0.999999970958758,0.9265
source,FULL,0,PhyGuard,1044,nonphysical_goodput,ABSTAIN,0.4255637522665891,0.5705882711954268,0.7458333333333332
source,FULL,0,PhyGuard,202,normal,ABSTAIN,0.1009993601507759,0.2291100797371098,0.4408333333333333
source,FULL,0,PhyGuard,665,mobility,ABSTAIN,0.1318663466819625,0.1430737938683137,0.9216666666666667
source,FULL,0,PhyGuard,218,normal,mobility,0.5293796898046343,0.8314864237769127,0.6366666666666666
source,FULL,0,PhyGuard,291,interference,interference,0.4536367747281897,0.9719052484803212,0.4667499999999998
source,FULL,0,PhyGuard,1018,normal,ABSTAIN,0.2205343666362643,0.5939430836317435,0.3713055555555556
source,FULL,0,PhyGuard,264,nonphysical_goodput,ABSTAIN,0.034833867643095,0.0963148414094795,0.3616666666666666
source,FULL,0,PhyGuard,694,adaptation_mismatch,adaptation_mismatch,0.805350821432743,0.9876555807044372,0.8154166666666665
source,FULL,0,PhyGuard,353,blockage,blockage,0.6085115693210185,0.8867199552947443,0.6862500000000001
source,FULL,0,PhyGuard,1031,normal,ABSTAIN,0.0869630669816857,0.1733003272261658,0.5018055555555554
source,FULL,0,PhyGuard,118,mobility,mobility,0.6573567130335551,0.7218411929358219,0.9106666666666666
source,FULL,0,PhyGuard,101,mobility,mobility,0.9953310190738268,0.9953310190738268,1.0
source,FULL,0,PhyGuard,188,normal,ABSTAIN,0.0676816332494195,0.1765991735144671,0.38325
source,FULL,0,PhyGuard,1011,normal,ABSTAIN,0.278821659745058,0.4716464500903153,0.5911666666666666
source,FULL,0,PhyGuard,186,normal,blockage,0.3382262278759759,0.785051205901685,0.4308333333333332
source,FULL,0,PhyGuard,38,interference,interference,0.9730769229977494,0.9999999999186358,0.9730769230769232
source,FULL,0,PhyGuard,703,adaptation_mismatch,ABSTAIN,0.4923157728971798,0.6242320928142524,0.7886742424242423
source,FULL,0,PhyGuard,1009,normal,ABSTAIN,0.0682030814868147,0.116886172213907,0.5834999999999999
source,FULL,0,PhyGuard,942,mobility,mobility,0.9933999720031638,0.9983919316614712,0.995
source,FULL,0,PhyGuard,764,normal,ABSTAIN,0.0600985443495575,0.1683039748412346,0.3570833333333334
source,FULL,0,PhyGuard,925,mobility,mobility,0.9191805836794232,0.921484294415462,0.9974999999999998
source,FULL,0,PhyGuard,723,normal,ABSTAIN,0.1000843356932482,0.1491014312003697,0.6712500000000001
source,FULL,0,PhyGuard,419,adaptation_mismatch,adaptation_mismatch,0.541429842056087,0.9505717782989092,0.5695833333333333
source,FULL,0,PhyGuard,894,blockage,blockage,0.668952331422796,0.7858470853718603,0.8512499999999998
source,FULL,0,PhyGuard,906,mobility,ABSTAIN,0.544422480743977,0.6278779210886808,0.8670833333333334
source,FULL,0,PhyGuard,333,blockage,blockage,0.6245648781808231,0.8979008671582454,0.6955833333333336
source,FULL,0,PhyGuard,429,adaptation_mismatch,adaptation_mismatch,0.7337471327693279,0.9996554942361412,0.7340000000000002
source,FULL,0,PhyGuard,948,adaptation_mismatch,adaptation_mismatch,0.629654921362514,0.9983957526889758,0.6306666666666666
source,FULL,0,PhyGuard,844,interference,interference,0.5246162176624065,0.9997979796636656,0.5247222222222221
source,FULL,0,PhyGuard,431,adaptation_mismatch,adaptation_mismatch,0.6134149040709319,0.9812021925954652,0.6251666666666669
source,FULL,0,PhyGuard,1033,normal,ABSTAIN,0.0280593300025686,0.0735393040253691,0.3815555555555555
source,FULL,0,PhyGuard,992,normal,ABSTAIN,0.1359802045391524,0.3105161664071987,0.4379166666666667
source,FULL,0,PhyGuard,280,interference,ABSTAIN,0.1653779818034868,0.5043292964782319,0.3279166666666666
source,FULL,0,PhyGuard,587,blockage,ABSTAIN,0.1318169635399327,0.1774316951743346,0.7429166666666666
source,FULL,0,PhyGuard,482,normal,ABSTAIN,0.0136136234370114,0.0416318759541633,0.3269999999999999
source,FULL,0,PhyGuard,619,blockage,blockage,0.8951418163278244,0.9774068968092716,0.9158333333333332
source,FULL,0,PhyGuard,351,blockage,blockage,0.7204421716487939,0.9752178296430374,0.73875
source,FULL,0,PhyGuard,33,interference,interference,0.9426602554397676,0.9999999989704788,0.9426602564102564
source,FULL,0,PhyGuard,401,mobility,mobility,0.9696371634091228,0.9987678936402982,0.9708333333333332
source,FULL,0,PhyGuard,532,nonphysical_goodput,ABSTAIN,0.0532098061028172,0.1182440135618161,0.45
source,FULL,0,PhyGuard,293,interference,interference,0.6781074698928521,0.9917476707756522,0.6837499999999999
source,FULL,0,PhyGuard,14,interference,interference,0.9342127339406208,0.9997944916678831,0.9344047619047618
source,FULL,0,PhyGuard,790,nonphysical_goodput,ABSTAIN,0.0634693635065657,0.0823742550377232,0.7704999999999999
source,FULL,0,PhyGuard,1042,nonphysical_goodput,ABSTAIN,0.03486135868121,0.0947534097790534,0.3679166666666666
source,FULL,0,PhyGuard,382,mobility,mobility,0.9993726662381784,0.9993726662381784,1.0
source,FULL,0,PhyGuard,635,mobility,ABSTAIN,0.0372807776551684,0.0603818776976679,0.6174166666666667
source,FULL,0,PhyGuard,598,blockage,ABSTAIN,0.41825299466578,0.5900583042545686,0.7088333333333332
source,FULL,0,PhyGuard,972,adaptation_mismatch,adaptation_mismatch,0.7283332290116723,0.999999856766598,0.7283333333333334
source,FULL,0,PhyGuard,595,blockage,ABSTAIN,0.1444626602499409,0.28414225913773,0.5084166666666666
source,FULL,0,PhyGuard,632,mobility,ABSTAIN,0.1654843261681857,0.3615826500397358,0.4576666666666666
source,FULL,0,PhyGuard,666,mobility,mobility,0.8437241220893081,0.9471178171255096,0.8908333333333335
source,FULL,0,PhyGuard,786,nonphysical_goodput,ABSTAIN,0.0646667446094457,0.2009324016865223,0.3218333333333333
source,FULL,0,PhyGuard,143,adaptation_mismatch,adaptation_mismatch,0.69916647183295,0.9999997213343738,0.699166666666667
source,FULL,0,PhyGuard,584,interference,interference,0.8083245333308683,0.9999891133990124,0.8083333333333332
source,FULL,0,PhyGuard,913,mobility,mobility,0.836510191997492,0.9010881780942464,0.9283333333333332
source,FULL,0,PhyGuard,241,nonphysical_goodput,ABSTAIN,0.0065304374859425,0.0183224806713374,0.3564166666666668
source,FULL,0,PhyGuard,922,mobility,ABSTAIN,0.4522014719426949,0.5989423469439668,0.7550000000000001
source,FULL,0,PhyGuard,251,nonphysical_goodput,ABSTAIN,0.0166509980842901,0.0492147726629265,0.3383333333333332
source,FULL,0,PhyGuard,1055,nonphysical_goodput,ABSTAIN,0.0717694100465564,0.152863493176904,0.4695000000000001
source,FULL,0,PhyGuard,197,normal,ABSTAIN,0.0476440880502454,0.0768969813857358,0.6195833333333333
source,FULL,0,PhyGuard,172,adaptation_mismatch,adaptation_mismatch,0.8522110947768139,0.9998565836255148,0.8523333333333334
source,FULL,0,PhyGuard,888,blockage,ABSTAIN,0.3797851949363992,0.476717817911798,0.7966666666666667
source,FULL,0,PhyGuard,155,adaptation_mismatch,adaptation_mismatch,0.7558311009024419,0.9999970463979384,0.7558333333333335
source,FULL,0,PhyGuard,89,blockage,blockage,0.9930938873020814,0.9970107151114478,0.9960714285714286
source,FULL,0,PhyGuard,169,adaptation_mismatch,adaptation_mismatch,0.982499998461848,0.9999999984344508,0.9825
source,FULL,0,PhyGuard,508,nonphysical_goodput,ABSTAIN,0.0862447881510852,0.1883416665719787,0.4579166666666666
source,FULL,0,PhyGuard,287,interference,interference,0.5570837824150654,0.879953322229931,0.6330833333333333
source,FULL,0,PhyGuard,350,blockage,blockage,0.9887715068482336,0.9996005123992252,0.9891666666666667
source,FULL,0,PhyGuard,965,adaptation_mismatch,adaptation_mismatch,0.432380851570915,0.9999079984938106,0.4324206349206351
source,FULL,0,PhyGuard,717,adaptation_mismatch,adaptation_mismatch,0.8195673317306708,0.999980475929644,0.8195833333333334
source,FULL,0,PhyGuard,487,normal,ABSTAIN,0.2578421438921724,0.4516942666724189,0.5708333333333333
source,FULL,0,PhyGuard,581,interference,interference,0.8824626638651242,0.9999576927650132,0.8825
source,FULL,0,PhyGuard,442,adaptation_mismatch,adaptation_mismatch,0.9170832245836684,0.9999998814179027,0.9170833333333336
source,FULL,0,PhyGuard,1043,nonphysical_goodput,ABSTAIN,0.0081124571919884,0.0214615269629323,0.378
source,FULL,0,PhyGuard,820,interference,ABSTAIN,0.1202978807739657,0.3020662417425379,0.39825
source,FULL,0,PhyGuard,1073,nonphysical_goodput,blockage,0.4755085436587514,0.9557960676557816,0.4975000000000001
source,FULL,0,PhyGuard,1034,normal,ABSTAIN,0.054269409978028,0.1746400964699214,0.3107499999999999
source,FULL,0,PhyGuard,475,normal,ABSTAIN,0.0183310395469284,0.0387958508929703,0.4725
source,FULL,0,PhyGuard,273,interference,ABSTAIN,0.109833439045776,0.1948553028606316,0.5636666666666668
source,FULL,0,PhyGuard,25,interference,interference,0.9930555386640836,0.999999982990406,0.9930555555555556
source,FULL,0,PhyGuard,441,adaptation_mismatch,adaptation_mismatch,0.7991541631120714,0.9999843542591093,0.7991666666666667
source,FULL,0,PhyGuard,11,interference,interference,0.9556243899073308,0.9999557620237154,0.9556666666666668
source,FULL,0,PhyGuard,1054,nonphysical_goodput,ABSTAIN,0.0567429704113285,0.1499483913093905,0.3784166666666667
source,FULL,0,PhyGuard,733,normal,ABSTAIN,0.0446110651758427,0.1333996466758319,0.3344166666666666
source,FULL,0,PhyGuard,748,normal,ABSTAIN,0.1297618866505578,0.2745799047446119,0.4725833333333334
source,FULL,0,PhyGuard,773,nonphysical_goodput,ABSTAIN,0.0635994385483623,0.1065912377905513,0.5966666666666667
source,FULL,0,PhyGuard,571,interference,interference,0.8412270463833407,0.9999727148687556,0.84125
source,FULL,0,PhyGuard,45,blockage,ABSTAIN,0.0450301969217232,0.0977323861567514,0.4607499999999999
source,FULL,0,PhyGuard,864,blockage,blockage,0.4712328378875084,0.7435626633333465,0.63375
source,FULL,0,PhyGuard,751,normal,ABSTAIN,0.0169276011540167,0.0306058782353776,0.5530833333333333
source,FULL,0,PhyGuard,753,normal,ABSTAIN,0.0643128223537593,0.1202858273449363,0.5346666666666667
source,FULL,0,PhyGuard,17,interference,interference,0.987222219055378,0.9999999967921668,0.9872222222222224
source,FULL,0,PhyGuard,82,blockage,blockage,0.9905200312897724,0.9968094240845918,0.9936904761904762
source,FULL,0,PhyGuard,222,normal,ABSTAIN,0.086217930814661,0.1165107173171094,0.74
source,FULL,0,PhyGuard,415,adaptation_mismatch,ABSTAIN,0.1679364425900942,0.3107536331659414,0.5404166666666668
source,FULL,0,PhyGuard,464,normal,ABSTAIN,0.033438745651061,0.070894867104723,0.4716666666666666
source,FULL,0,PhyGuard,282,interference,ABSTAIN,0.2653487463660995,0.6803814009387167,0.39
source,FULL,0,PhyGuard,562,interference,interference,0.8096190175473073,0.997477229011056,0.8116666666666668
source,FULL,0,PhyGuard,746,normal,ABSTAIN,0.0098490133886378,0.0250664179562364,0.3929166666666667
source,FULL,0,PhyGuard,802,nonphysical_goodput,ABSTAIN,0.0470978157116727,0.1109271420098279,0.4245833333333332
source,FULL,0,PhyGuard,338,blockage,blockage,0.6583689530361316,0.9197237993519884,0.7158333333333333
source,FULL,0,PhyGuard,500,nonphysical_goodput,ABSTAIN,0.0075282340085238,0.0207389366626001,0.363
source,FULL,0,PhyGuard,985,adaptation_mismatch,interference,0.4866576186738428,0.999981408233924,0.4866666666666664
source,FULL,0,PhyGuard,1067,nonphysical_goodput,ABSTAIN,0.0067495396691325,0.0133324240377926,0.50625
source,FULL,0,PhyGuard,814,interference,ABSTAIN,0.2140334092749061,0.5080911792876109,0.4212500000000001
source,FULL,0,PhyGuard,103,mobility,mobility,0.824168451008027,0.8333351375207555,0.989
source,FULL,0,PhyGuard,476,normal,ABSTAIN,0.0138719562572696,0.0381359622192978,0.36375
source,FULL,0,PhyGuard,20,interference,interference,0.6984924960964737,0.9991605116497398,0.6990793650793651
source,FULL,0,PhyGuard,874,blockage,ABSTAIN,0.1998456192689705,0.3342365757808566,0.5979166666666669
source,FULL,0,PhyGuard,706,adaptation_mismatch,adaptation_mismatch,0.793951355766799,0.9960707024779494,0.7970833333333335
source,FULL,0,PhyGuard,835,interference,interference,0.822710704409546,0.9982334128326138,0.8241666666666667
source,FULL,0,PhyGuard,804,nonphysical_goodput,ABSTAIN,0.1452058920909211,0.2810436621114603,0.5166666666666666
source,FULL,0,PhyGuard,946,adaptation_mismatch,adaptation_mismatch,0.5305951534921935,0.99999984055069,0.5305952380952381
source,FULL,0,PhyGuard,856,blockage,ABSTAIN,0.5489524097029773,0.6202852087039291,0.8850000000000001
source,FULL,0,PhyGuard,518,nonphysical_goodput,ABSTAIN,0.0211168375364261,0.0532133663244674,0.3968333333333333
source,FULL,0,PhyGuard,6,interference,interference,0.9438248846714674,0.9999321909409308,0.943888888888889
source,FULL,0,PhyGuard,609,blockage,blockage,0.6967468625094552,0.7542591204432533,0.92375
source,FULL,0,PhyGuard,256,nonphysical_goodput,ABSTAIN,0.0075960468088518,0.0213023046754433,0.3565833333333333
source,FULL,0,PhyGuard,243,nonphysical_goodput,ABSTAIN,0.0048317138900997,0.0148174205676456,0.3260833333333333
source,FULL,0,PhyGuard,620,blockage,blockage,0.8366621012464566,0.8614281608715126,0.97125
source,FULL,0,PhyGuard,999,normal,ABSTAIN,0.0269565099083981,0.0641694344179284,0.4200833333333332
source,FULL,0,PhyGuard,526,nonphysical_goodput,ABSTAIN,0.026759211883593,0.0523834490380288,0.5108333333333333
source,FULL,0,PhyGuard,320,blockage,ABSTAIN,0.0884113548107292,0.1144483557420443,0.7725
source,FULL,0,PhyGuard,300,interference,interference,0.8466666069758698,0.9999999294990586,0.8466666666666669
source,FULL,0,PhyGuard,391,mobility,mobility,0.9324786172491424,0.9867498595229024,0.9449999999999998
source,FULL,0,PhyGuard,651,mobility,mobility,0.6337238664065618,0.8741018846987061,0.7249999999999999
source,FULL,0,PhyGuard,857,blockage,blockage,0.9125516805215268,0.9725239934510056,0.9383333333333332
source,FULL,0,PhyGuard,727,normal,ABSTAIN,0.0312055318950743,0.0441691888111456,0.7065
source,FULL,0,PhyGuard,845,interference,adaptation_mismatch,0.5432065137680909,0.9999966503362876,0.5432083333333333
source,FULL,0,PhyGuard,360,mobility,ABSTAIN,0.3330394004696377,0.5150093821695427,0.6466666666666668
source,FULL,0,PhyGuard,489,normal,ABSTAIN,0.0406610470656611,0.0826304089395314,0.4920833333333332
source,FULL,0,PhyGuard,840,interference,interference,0.9712435881722012,0.9999999983820862,0.9712435897435896
source,FULL,0,PhyGuard,154,adaptation_mismatch,adaptation_mismatch,0.7945848073167008,0.999477745052454,0.7949999999999998
source,FULL,0,PhyGuard,681,adaptation_mismatch,ABSTAIN,0.0872452552830626,0.2022261308099366,0.4314242424242425
source,FULL,0,PhyGuard,234,nonphysical_goodput,ABSTAIN,0.1126256940311942,0.2145591885020368,0.5249166666666668
source,FULL,0,PhyGuard,119,mobility,mobility,0.9849396003085378,0.997407190185861,0.9875
source,FULL,0,PhyGuard,322,blockage,blockage,0.7874113767639422,0.9341509165761056,0.8429166666666664
source,FULL,0,PhyGuard,683,adaptation_mismatch,blockage,0.4199626490920693,0.8895943140520443,0.4720833333333334
source,FULL,0,PhyGuard,366,mobility,ABSTAIN,0.3492555973698784,0.3995297586690697,0.8741666666666665
source,FULL,0,PhyGuard,618,blockage,blockage,0.8356973283964946,0.9741008198890662,0.8579166666666665
source,FULL,0,PhyGuard,184,normal,ABSTAIN,0.021604872598244,0.0588154426449474,0.3673333333333333
source,FULL,0,PhyGuard,57,blockage,ABSTAIN,0.2102439243287811,0.2959445269144133,0.7104166666666668
source,FULL,0,PhyGuard,899,blockage,blockage,0.8736037857016558,0.9976442166368358,0.8756666666666666
source,FULL,0,PhyGuard,837,interference,interference,0.66147612567287,0.9989631358856756,0.6621626984126984
source,FULL,0,PhyGuard,872,blockage,blockage,0.8937433577131711,0.99831707088877,0.8952499999999999
source,FULL,0,PhyGuard,976,adaptation_mismatch,adaptation_mismatch,0.8504166356723488,0.9999999635539624,0.8504166666666666
source,FULL,0,PhyGuard,556,interference,interference,0.8325707903311267,0.990664301831782,0.8404166666666666
source,FULL,0,PhyGuard,523,nonphysical_goodput,ABSTAIN,0.0159685214366201,0.0326165544237347,0.4895833333333333
source,FULL,0,PhyGuard,564,interference,interference,0.6965029978854637,0.9662469334827242,0.7208333333333333
source,FULL,0,PhyGuard,497,nonphysical_goodput,ABSTAIN,0.0747006327387225,0.1062597905244986,0.7030000000000001
source,FULL,0,PhyGuard,646,mobility,ABSTAIN,0.6036906946096585,0.6482584640103716,0.93125
source,FULL,0,PhyGuard,1066,nonphysical_goodput,ABSTAIN,0.0907651764261334,0.2229646094398365,0.4070833333333333
source,FULL,0,PhyGuard,920,mobility,mobility,0.9745516387922084,0.9843955947396044,0.99
source,FULL,0,PhyGuard,471,normal,ABSTAIN,0.0147959228231883,0.0311383854574289,0.4751666666666665
source,FULL,1,PhyGuard,536,nonphysical_goodput,ABSTAIN,0.0484252091277707,0.1519619533298244,0.3186666666666666
source,FULL,1,PhyGuard,794,nonphysical_goodput,ABSTAIN,0.0649581280679438,0.1099742574513722,0.5906666666666668
source,FULL,1,PhyGuard,966,adaptation_mismatch,adaptation_mismatch,0.5664043700947979,0.9999993082509356,0.566404761904762
source,FULL,1,PhyGuard,91,mobility,mobility,0.9994839382371644,0.9994839382371644,1.0
source,FULL,1,PhyGuard,563,interference,interference,0.843711648891701,0.9911443746158018,0.8512499999999997
source,FULL,1,PhyGuard,49,blockage,ABSTAIN,0.0845015094835205,0.1129825196437044,0.7479166666666667
source,FULL,1,PhyGuard,881,blockage,ABSTAIN,0.2901228139897142,0.3361144784588309,0.8631666666666666
source,FULL,1,PhyGuard,40,interference,interference,0.928861060403413,0.9999999454087402,0.9288611111111112
source,FULL,1,PhyGuard,19,interference,interference,0.8569790950295766,0.9935989507589296,0.8624999999999998
source,FULL,1,PhyGuard,747,normal,ABSTAIN,0.0843049714107319,0.2258925213640244,0.3732083333333332
source,FULL,1,PhyGuard,485,normal,blockage,0.2975743918776474,0.6170542081444218,0.48225
source,FULL,1,PhyGuard,1048,nonphysical_goodput,ABSTAIN,0.0213054254610229,0.0405238715378467,0.5257499999999999
source,FULL,1,PhyGuard,244,nonphysical_goodput,ABSTAIN,0.0251389162386961,0.0750415410110333,0.335
source,FULL,1,PhyGuard,902,mobility,mobility,0.9333821405526206,0.9829347088882004,0.9495871212121212
source,FULL,1,PhyGuard,887,blockage,blockage,0.4186705605536063,0.4759873734384913,0.8795833333333334
source,FULL,1,PhyGuard,60,blockage,blockage,0.9860338393394946,0.9870208601996944,0.999
source,FULL,1,PhyGuard,134,mobility,mobility,0.9996520414210058,0.9996520414210058,1.0
source,FULL,1,PhyGuard,337,blockage,blockage,0.7277635849486067,0.9231673382011923,0.7883333333333333
source,FULL,1,PhyGuard,48,blockage,blockage,0.9616917894039032,0.9763368420344194,0.985
source,FULL,1,PhyGuard,681,adaptation_mismatch,ABSTAIN,0.0690178373078519,0.1931469327645111,0.3573333333333333
source,FULL,1,PhyGuard,159,adaptation_mismatch,adaptation_mismatch,0.7939351436249433,0.999978289217526,0.793952380952381
source,FULL,1,PhyGuard,631,mobility,ABSTAIN,0.0406569104469315,0.0590728811433803,0.68825
source,FULL,1,PhyGuard,628,blockage,blockage,0.8424360726385173,0.8782999888498879,0.9591666666666664
source,FULL,1,PhyGuard,163,adaptation_mismatch,adaptation_mismatch,0.9449948093896796,0.9999945072906664,0.9449999999999998
source,FULL,1,PhyGuard,721,normal,ABSTAIN,0.034684569778289,0.0824677704258902,0.4205833333333333
source,FULL,1,PhyGuard,1043,nonphysical_goodput,ABSTAIN,0.0115853056394339,0.0249146357837288,0.4650000000000001
source,FULL,1,PhyGuard,543,interference,ABSTAIN,0.2031373662793235,0.5508809932998604,0.36875
source,FULL,1,PhyGuard,12,interference,interference,0.5359650173860565,0.9996239056003542,0.5361666666666666
source,FULL,1,PhyGuard,5,interference,interference,0.9247532654095572,0.9999584757751464,0.9247916666666668
source,FULL,1,PhyGuard,42,interference,interference,0.9041666664177712,0.9999999997247238,0.9041666666666668
source,FULL,1,PhyGuard,936,mobility,mobility,0.6994264853522656,0.7836711320473564,0.8925
source,FULL,1,PhyGuard,465,normal,ABSTAIN,0.0123913951633653,0.0335507089260795,0.3693333333333333
source,FULL,1,PhyGuard,236,nonphysical_goodput,ABSTAIN,0.0144567277271728,0.0442891837442109,0.3264166666666667
source,FULL,1,PhyGuard,573,interference,interference,0.9243373083950912,0.9987051759622828,0.925535714285714
source,FULL,1,PhyGuard,508,nonphysical_goodput,ABSTAIN,0.1041497089048815,0.2241787456248569,0.4645833333333335
source,FULL,1,PhyGuard,586,blockage,ABSTAIN,0.1190093000530129,0.2616547454445136,0.4548333333333332
source,FULL,1,PhyGuard,741,normal,ABSTAIN,0.050337593103727,0.1173940564074869,0.4287916666666666
source,FULL,1,PhyGuard,961,adaptation_mismatch,interference,0.6983805496249773,0.9999653320236268,0.698404761904762
source,FULL,1,PhyGuard,854,interference,interference,0.8503211559759134,0.999985679313109,0.850333333333333
source,FULL,1,PhyGuard,474,normal,ABSTAIN,0.0324181998907139,0.0462566466930519,0.7008333333333333
source,FULL,1,PhyGuard,384,mobility,mobility,0.9771102751970112,0.997899855520352,0.9791666666666669
source,FULL,1,PhyGuard,907,mobility,mobility,0.9189926679739656,0.9600303280182296,0.9572537878787878
source,FULL,1,PhyGuard,853,interference,interference,0.6074935530252877,0.999989387695947,0.6074999999999999
source,FULL,1,PhyGuard,476,normal,ABSTAIN,0.0126197206560597,0.036792188501632,0.3430000000000001
source,FULL,1,PhyGuard,174,adaptation_mismatch,adaptation_mismatch,0.9221637760371164,0.9999968653935836,0.9221666666666668
source,FULL,1,PhyGuard,350,blockage,blockage,0.994270585202521,0.9975959048854728,0.9966666666666666
source,FULL,1,PhyGuard,713,adaptation_mismatch,adaptation_mismatch,0.8297646765880899,0.9982131447676268,0.83125
source,FULL,1,PhyGuard,997,normal,ABSTAIN,0.0006913483935148,0.0016093464058542,0.4295833333333332
source,FULL,1,PhyGuard,770,nonphysical_goodput,ABSTAIN,0.0256764941104602,0.0565042965937142,0.4544166666666664
source,FULL,1,PhyGuard,653,mobility,mobility,0.386207464930457,0.4192211288254622,0.92125
source,FULL,1,PhyGuard,326,blockage,blockage,0.6496494856740431,0.9495485783299046,0.6841666666666667
source,FULL,1,PhyGuard,363,mobility,mobility,0.8217498330818256,0.8907857269179681,0.9225
source,FULL,1,PhyGuard,195,normal,ABSTAIN,0.1204212416876181,0.2610758627373836,0.46125
source,FULL,1,PhyGuard,824,interference,ABSTAIN,0.0298716352259408,0.100268425933228,0.2979166666666667
source,FULL,1,PhyGuard,947,adaptation_mismatch,ABSTAIN,0.387230680830275,0.9349634144795372,0.4141666666666667
source,FULL,1,PhyGuard,565,interference,interference,0.724284452561635,0.9416482590183768,0.7691666666666669
source,FULL,1,PhyGuard,916,mobility,mobility,0.9917529334713552,0.9950698329144032,0.9966666666666668
source,FULL,1,PhyGuard,15,interference,interference,0.9345829303307824,0.9999995687890672,0.9345833333333332
source,FULL,1,PhyGuard,604,blockage,blockage,0.6245545861240738,0.8235884652185587,0.7583333333333334
source,FULL,1,PhyGuard,392,mobility,mobility,0.8786239638976494,0.9974917281714092,0.8808333333333332
source,FULL,1,PhyGuard,655,mobility,mobility,0.6161586428546794,0.6500135133412003,0.9479166666666664
source,FULL,1,PhyGuard,864,blockage,blockage,0.4753883022700794,0.6366807619688563,0.7466666666666668
source,FULL,1,PhyGuard,987,adaptation_mismatch,adaptation_mismatch,0.9474999967833492,0.9999999966051178,0.9475
source,FULL,1,PhyGuard,135,adaptation_mismatch,adaptation_mismatch,0.6845795605937277,0.9999944889987502,0.6845833333333333
source,FULL,1,PhyGuard,818,interference,ABSTAIN,0.2692070946657541,0.757973987796586,0.3551666666666667
source,FULL,1,PhyGuard,85,blockage,blockage,0.963145466009796,0.9896601097844372,0.9732083333333336
source,FULL,1,PhyGuard,230,nonphysical_goodput,ABSTAIN,0.0120421329546388,0.0244097289621057,0.4933333333333333
source,FULL,1,PhyGuard,696,adaptation_mismatch,adaptation_mismatch,0.5572690186480217,0.750109727849272,0.7429166666666667
source,FULL,1,PhyGuard,554,interference,interference,0.3807886116789357,0.8248128772828935,0.4616666666666665
source,FULL,1,PhyGuard,753,normal,ABSTAIN,0.0745639587465399,0.1164152361382356,0.6405000000000001
source,FULL,1,PhyGuard,911,mobility,mobility,0.9325417562416048,0.9443460822699796,0.9875
source,FULL,1,PhyGuard,441,adaptation_mismatch,adaptation_mismatch,0.8249691822387849,0.9999626451379212,0.825
source,FULL,1,PhyGuard,361,mobility,mobility,0.9051711777333884,0.9658554357354486,0.9371704545454544
source,FULL,1,PhyGuard,197,normal,ABSTAIN,0.051262666441949,0.0743386099460288,0.6895833333333333
source,FULL,1,PhyGuard,892,blockage,blockage,0.2773450376019112,0.4585478714829064,0.6048333333333333
source,FULL,1,PhyGuard,272,interference,interference,0.9001388864637477,0.9999228546692872,0.9002083333333333
source,FULL,1,PhyGuard,432,adaptation_mismatch,adaptation_mismatch,0.870793170753256,0.9999538802908202,0.8708333333333335
source,FULL,1,PhyGuard,577,interference,interference,0.8623570889286493,0.9998343060042312,0.8624999999999998
source,FULL,1,PhyGuard,518,nonphysical_goodput,ABSTAIN,0.0267569385475938,0.0765395143196962,0.3495833333333333
source,FULL,1,PhyGuard,848,interference,adaptation_mismatch,0.5689997944256798,0.999999638709455,0.569
source,FULL,1,PhyGuard,320,blockage,ABSTAIN,0.0724776892149466,0.0944334712898327,0.7674999999999998
source,FULL,1,PhyGuard,399,mobility,mobility,0.6230129009974309,0.6695463739897162,0.9305
source,FULL,1,PhyGuard,103,mobility,mobility,0.8117634355109652,0.817211512259361,0.9933333333333332
source,FULL,1,PhyGuard,1009,normal,ABSTAIN,0.083540119106792,0.1479776666948007,0.5645454545454546
source,FULL,1,PhyGuard,719,adaptation_mismatch,adaptation_mismatch,0.8571274833663761,0.9793877166631608,0.8751666666666666
source,FULL,1,PhyGuard,270,interference,interference,0.9409361515324058,0.9996665620530206,0.94125
source,FULL,1,PhyGuard,181,normal,ABSTAIN,0.0601188390543312,0.0914934773179422,0.6570833333333335
source,FULL,1,PhyGuard,303,interference,interference,0.7432379711171531,0.999871710023076,0.7433333333333332
source,FULL,1,PhyGuard,1003,normal,ABSTAIN,0.1047473785813919,0.21898406672068,0.4783333333333333
source,FULL,1,PhyGuard,827,interference,ABSTAIN,0.128968398348291,0.2452259198509733,0.5259166666666666
source,FULL,1,PhyGuard,674,mobility,ABSTAIN,0.3072905611898116,0.3468943305999756,0.8858333333333331
source,FULL,1,PhyGuard,594,blockage,blockage,0.2976686919046983,0.5461810860636666,0.545
source,FULL,1,PhyGuard,792,nonphysical_goodput,ABSTAIN,0.042420453578299,0.0899850526674188,0.4714166666666666
source,FULL,1,PhyGuard,451,normal,ABSTAIN,0.1725127048144785,0.2368595489443642,0.7283333333333332
source,FULL,1,PhyGuard,867,blockage,ABSTAIN,0.0077078351650348,0.0182614061165682,0.4220833333333333
source,FULL,1,PhyGuard,1021,normal,ABSTAIN,0.0606434677121187,0.1130800641050949,0.5362878787878788
source,FULL,1,PhyGuard,327,blockage,ABSTAIN,0.0635142115061408,0.1015279789627933,0.6255833333333334
source,FULL,1,PhyGuard,116,mobility,mobility,0.960218697932375,0.9686947772331652,0.99125
source,FULL,1,PhyGuard,53,blockage,blockage,0.6085278831231071,0.7164419521684853,0.8493749999999999
source,FULL,1,PhyGuard,762,normal,ABSTAIN,0.0838923555681682,0.2311614849180297,0.3629166666666666
source,FULL,1,PhyGuard,364,mobility,blockage,0.48597653190084,0.8749765015468991,0.5554166666666664
source,FULL,1,PhyGuard,823,interference,ABSTAIN,0.1035502279077787,0.2741841868696699,0.3776666666666668
source,FULL,1,PhyGuard,894,blockage,blockage,0.4803465980625295,0.6124266018646786,0.7843333333333333
source,FULL,1,PhyGuard,603,blockage,blockage,0.4948324881727395,0.5565126389946462,0.8891666666666665
source,FULL,1,PhyGuard,89,blockage,blockage,0.9703272155973752,0.9909303082565424,0.9792083333333332
source,FULL,1,PhyGuard,375,mobility,mobility,0.9882132971027636,0.9984435616262448,0.989753787878788
source,FULL,1,PhyGuard,291,interference,interference,0.4657977526224615,0.9662183286896348,0.4820833333333333
source,FULL,1,PhyGuard,97,mobility,mobility,0.3879919076118732,0.6092917478691985,0.6367916666666664
source,FULL,1,PhyGuard,282,interference,ABSTAIN,0.2659140362564511,0.6982425459687996,0.3808333333333333
source,FULL,1,PhyGuard,343,blockage,blockage,0.9824538246133516,0.9824538246133516,1.0
source,FULL,1,PhyGuard,114,mobility,mobility,0.992438510018188,0.9995184322466016,0.9929166666666666
source,FULL,1,PhyGuard,480,normal,ABSTAIN,0.0119631498443792,0.0257595187749059,0.4644166666666667
source,FULL,1,PhyGuard,861,blockage,ABSTAIN,0.1792487750976424,0.2298061219200543,0.78
source,FULL,1,PhyGuard,408,adaptation_mismatch,adaptation_mismatch,0.6148183062158011,0.991375930474283,0.6201666666666666
source,FULL,1,PhyGuard,836,interference,interference,0.932080292249321,0.9999967373260484,0.9320833333333332
source,FULL,1,PhyGuard,346,blockage,blockage,0.4208198607501771,0.6778306481882048,0.6208333333333332
source,FULL,1,PhyGuard,703,adaptation_mismatch,adaptation_mismatch,0.4578618066122743,0.6272795615192708,0.7299166666666665
source,FULL,1,PhyGuard,664,mobility,mobility,0.4613366135030127,0.5651588661116619,0.8162954545454545
source,FULL,1,PhyGuard,643,mobility,ABSTAIN,0.0795233078286545,0.1472653848678788,0.54
source,FULL,1,PhyGuard,214,normal,ABSTAIN,0.0279321029306391,0.0802838886629149,0.3479166666666666
source,FULL,1,PhyGuard,209,normal,ABSTAIN,0.0490084253512904,0.0876585339417923,0.5590833333333335
source,FULL,1,PhyGuard,1063,nonphysical_goodput,ABSTAIN,0.0128917397506846,0.0263859588961651,0.4885833333333333
source,FULL,1,PhyGuard,2,interference,interference,0.924928690261206,0.9998907368738624,0.925029761904762
source,FULL,1,PhyGuard,168,adaptation_mismatch,adaptation_mismatch,0.923749269449057,0.9999992091464758,0.92375
source,FULL,1,PhyGuard,665,mobility,ABSTAIN,0.139787321347781,0.1494385617971824,0.9354166666666666
source,FULL,1,PhyGuard,407,adaptation_mismatch,adaptation_mismatch,0.6662493257767854,0.9999989880326988,0.6662499999999999
source,FULL,1,PhyGuard,990,normal,ABSTAIN,0.0253232081308131,0.0718311695125676,0.3525378787878789
source,FULL,1,PhyGuard,41,interference,interference,0.9632083319020712,0.999999998514068,0.9632083333333334
source,FULL,1,PhyGuard,130,mobility,mobility,0.9948857032370964,0.9998851288815038,0.995
source,FULL,1,PhyGuard,751,normal,ABSTAIN,0.0230470618253076,0.0362660296228286,0.6355000000000001
source,FULL,1,PhyGuard,217,normal,ABSTAIN,0.0301325315903617,0.0485682174727119,0.6204166666666667
source,FULL,1,PhyGuard,984,adaptation_mismatch,interference,0.771599203230522,0.9999999959581554,0.7715992063492061
source,FULL,1,PhyGuard,194,normal,ABSTAIN,0.0117067938365372,0.0302045852587502,0.3875833333333333
source,FULL,1,PhyGuard,153,adaptation_mismatch,adaptation_mismatch,0.9767828710739508,0.999997089216476,0.976785714285714
source,FULL,1,PhyGuard,1071,nonphysical_goodput,ABSTAIN,0.0450779592034813,0.0929442457803739,0.4850000000000001
source,FULL,1,PhyGuard,395,mobility,mobility,0.5678423754680629,0.6127795418720104,0.9266666666666664
source,FULL,1,PhyGuard,1010,normal,ABSTAIN,0.0028012882250409,0.0087952534538178,0.3185
source,FULL,1,PhyGuard,110,mobility,mobility,0.9914643524249944,0.9989565263727904,0.9925
source,FULL,1,PhyGuard,228,nonphysical_goodput,ABSTAIN,0.022069211046988,0.0474436640207553,0.4651666666666667
source,FULL,1,PhyGuard,915,mobility,mobility,0.9801398696005426,0.9975978316544962,0.9825
source,FULL,1,PhyGuard,167,adaptation_mismatch,adaptation_mismatch,0.7634572746519429,0.9999440401466182,0.7635
source,FULL,1,PhyGuard,532,nonphysical_goodput,ABSTAIN,0.0582868474581581,0.0977010992454109,0.5965833333333334
source,FULL,1,PhyGuard,629,blockage,blockage,0.7817501363370669,0.8257923975391551,0.9466666666666668
source,FULL,1,PhyGuard,294,interference,interference,0.7725498607683163,0.9712517893368042,0.7954166666666667
source,FULL,1,PhyGuard,334,blockage,blockage,0.7545583389510235,0.9830311657162398,0.7675833333333331
source,FULL,1,PhyGuard,950,adaptation_mismatch,adaptation_mismatch,0.4632508971536949,0.9840698824295168,0.47075
source,FULL,1,PhyGuard,141,adaptation_mismatch,adaptation_mismatch,0.7645823760713831,0.9999987479952696,0.7645833333333333
source,FULL,1,PhyGuard,1075,nonphysical_goodput,ABSTAIN,0.0215381471610604,0.0473843186236547,0.4545416666666667
source,FULL,1,PhyGuard,1069,nonphysical_goodput,ABSTAIN,0.0110739807445043,0.0267487457596724,0.414
source,FULL,1,PhyGuard,808,nonphysical_goodput,ABSTAIN,0.0344700842703719,0.0697069449350291,0.4945000000000001
source,FULL,1,PhyGuard,540,interference,adaptation_mismatch,0.5073795462203681,0.9695150564720412,0.5233333333333332
source,FULL,1,PhyGuard,434,adaptation_mismatch,adaptation_mismatch,0.7575854789537314,0.9973698022429816,0.7595833333333334
source,FULL,1,PhyGuard,787,nonphysical_goodput,mobility,0.3161832307280509,0.4320918766355324,0.73175
source,FULL,1,PhyGuard,746,normal,ABSTAIN,0.0114139805377602,0.0318529689425866,0.3583333333333333
source,FULL,1,PhyGuard,520,nonphysical_goodput,ABSTAIN,0.042517811021817,0.0621832702330047,0.68375
source,FULL,1,PhyGuard,25,interference,interference,0.9778610788038794,0.9999999669613288,0.9778611111111112
source,FULL,1,PhyGuard,683,adaptation_mismatch,ABSTAIN,0.384733595860426,0.8665171077937522,0.444
source,FULL,1,PhyGuard,129,mobility,mobility,0.999916590232767,0.999916590232767,1.0
source,FULL,1,PhyGuard,795,nonphysical_goodput,ABSTAIN,0.0190301857178862,0.048878901672653,0.3893333333333332
source,FULL,1,PhyGuard,461,normal,ABSTAIN,0.0085157860299168,0.026135404695397,0.3258333333333333
source,FULL,1,PhyGuard,630,mobility,ABSTAIN,0.070865751028827,0.0953137202808702,0.7434999999999999
source,FULL,1,PhyGuard,242,nonphysical_goodput,ABSTAIN,0.0197721064631742,0.0536799270493419,0.3683333333333333
source,FULL,1,PhyGuard,568,interference,interference,0.8317859767938681,0.9863074823642706,0.8433333333333333
source,FULL,1,PhyGuard,185,normal,ABSTAIN,0.0479529133314063,0.0610865137979698,0.7849999999999998
source,FULL,1,PhyGuard,601,blockage,blockage,0.6602588171491667,0.8793680139611544,0.7508333333333332
source,FULL,1,PhyGuard,412,adaptation_mismatch,adaptation_mismatch,0.5562703872353247,0.9881931379458028,0.5629166666666666
source,FULL,1,PhyGuard,943,mobility,mobility,0.9778806900415428,0.990258926624347,0.9875
source,FULL,1,PhyGuard,876,blockage,blockage,0.9737958733547488,0.9737958733547488,1.0
source,FULL,1,PhyGuard,521,nonphysical_goodput,ABSTAIN,0.008361095591405,0.0237026097559321,0.3527499999999999
source,FULL,1,PhyGuard,1032,normal,ABSTAIN,0.0133445155097406,0.0378836494243879,0.35225
source,FULL,1,PhyGuard,1044,nonphysical_goodput,blockage,0.3324397235893787,0.4726631141081216,0.703333333333333
source,FULL,1,PhyGuard,884,blockage,blockage,0.9571152618366776,0.9619248862680178,0.995
source,FULL,1,PhyGuard,1050,nonphysical_goodput,ABSTAIN,0.0133409654288714,0.0301888714211685,0.4419166666666667
source,FULL,1,PhyGuard,593,blockage,blockage,0.2820355500548279,0.3854700000749357,0.7316666666666667
source,FULL,1,PhyGuard,388,mobility,mobility,0.6281425576750589,0.6315635267784421,0.9945833333333334
source,FULL,1,PhyGuard,659,mobility,mobility,0.7858498945593028,0.8232353832319063,0.9545871212121212
source,FULL,1,PhyGuard,579,interference,interference,0.8426972744512834,0.9997962042048534,0.8428690476190474
source,FULL,1,PhyGuard,720,normal,ABSTAIN,0.0468647797199898,0.1190846705431187,0.3935416666666666
source,FULL,1,PhyGuard,981,adaptation_mismatch,ABSTAIN,0.4494946637206399,0.9996174878887468,0.4496666666666667
source,FULL,1,PhyGuard,304,interference,interference,0.7636231008490428,0.9998338472655228,0.7637499999999998
source,FULL,1,PhyGuard,531,nonphysical_goodput,mobility,0.2112894730508173,0.4660797199650381,0.4533333333333333
source,FULL,1,PhyGuard,500,nonphysical_goodput,ABSTAIN,0.00713150458664,0.0190384994526541,0.3745833333333332
source,FULL,1,PhyGuard,930,mobility,mobility,0.928234839941029,0.972567718439915,0.9544166666666668
source,FULL,1,PhyGuard,355,blockage,blockage,0.8260225296247966,0.9110542606155844,0.9066666666666668
source,FULL,1,PhyGuard,427,adaptation_mismatch,interference,0.4976570508107659,0.9991441542126808,0.4980833333333332
source,FULL,1,PhyGuard,1064,nonphysical_goodput,ABSTAIN,0.045405470499473,0.0695869279685411,0.6525
source,FULL,1,PhyGuard,146,adaptation_mismatch,adaptation_mismatch,0.7329523377757502,0.9993668961832748,0.7334166666666667
source,FULL,1,PhyGuard,1005,normal,ABSTAIN,0.0244942843419414,0.0506254585090073,0.4838333333333333
source,FULL,1,PhyGuard,268,nonphysical_goodput,ABSTAIN,0.0192277922176031,0.0286625474051227,0.6708333333333333
source,FULL,1,PhyGuard,452,normal,ABSTAIN,0.0137397950919098,0.0348430982888667,0.3943333333333333
source,FULL,1,PhyGuard,248,nonphysical_goodput,ABSTAIN,0.0207840437025652,0.0437098710884652,0.4755
source,FULL,1,PhyGuard,298,interference,interference,0.8635274136614779,0.9999995783386372,0.8635277777777776
source,FULL,1,PhyGuard,773,nonphysical_goodput,ABSTAIN,0.0751434389609239,0.1088903837134509,0.6900833333333334
source,FULL,1,PhyGuard,306,interference,interference,0.4873776968634524,0.9999200482751632,0.4874166666666666
source,FULL,1,PhyGuard,491,normal,ABSTAIN,0.0258087524591665,0.0954112845070853,0.2705
source,FULL,1,PhyGuard,74,blockage,blockage,0.6508371398931591,0.6916747711745922,0.9409583333333336
source,FULL,1,PhyGuard,956,adaptation_mismatch,adaptation_mismatch,0.5494084825778942,0.9971977644024008,0.550952380952381
source,FULL,1,PhyGuard,1031,normal,ABSTAIN,0.0570872692184444,0.1218945250215896,0.4683333333333332
source,FULL,1,PhyGuard,835,interference,interference,0.7989190271324007,0.9981289251003448,0.8004166666666664
source,FULL,1,PhyGuard,768,nonphysical_goodput,ABSTAIN,0.1537269477292847,0.2608857831638265,0.58925
source,FULL,1,PhyGuard,695,adaptation_mismatch,adaptation_mismatch,0.4135332350661953,0.8845630696603111,0.4674999999999999
source,FULL,1,PhyGuard,627,blockage,blockage,0.8646914046939128,0.9289433174867462,0.9308333333333332
source,FULL,1,PhyGuard,263,nonphysical_goodput,ABSTAIN,0.0574033627072027,0.1131472326685994,0.5073333333333333
source,FULL,1,PhyGuard,507,nonphysical_goodput,ABSTAIN,0.0496413455245184,0.0754618883068433,0.6578333333333333
source,FULL,1,PhyGuard,439,adaptation_mismatch,adaptation_mismatch,0.7815208932111978,0.9992808437436732,0.7820833333333332
source,FULL,1,PhyGuard,212,normal,ABSTAIN,0.0536543283398532,0.0928811223425042,0.5776666666666666
source,FULL,1,PhyGuard,75,blockage,blockage,0.9885671593677524,0.9949931568390044,0.9935416666666664
source,FULL,1,PhyGuard,67,blockage,blockage,0.6520484818457097,0.6929621203691729,0.9409583333333336
source,FULL,1,PhyGuard,734,normal,ABSTAIN,0.0389621600239502,0.0825906942744044,0.4717499999999999
source,FULL,1,PhyGuard,711,adaptation_mismatch,adaptation_mismatch,0.6443381700191252,0.8825542792180691,0.7300833333333333
source,FULL,1,PhyGuard,802,nonphysical_goodput,ABSTAIN,0.0361726145621486,0.1098358741765646,0.3293333333333333
source,FULL,1,PhyGuard,685,adaptation_mismatch,adaptation_mismatch,0.4767218729106362,0.8551064984944149,0.5574999999999999
source,FULL,1,PhyGuard,448,adaptation_mismatch,adaptation_mismatch,0.7352904225330691,0.9999416444239376,0.7353333333333335
source,FULL,1,PhyGuard,965,adaptation_mismatch,ABSTAIN,0.4278461473133366,0.9998352030691408,0.4279166666666668
source,FULL,1,PhyGuard,265,nonphysical_goodput,ABSTAIN,0.0152808785017969,0.0342748676675818,0.4458333333333333
source,FULL,1,PhyGuard,926,mobility,mobility,0.936598011368718,0.9867582209328024,0.9491666666666666
source,FULL,2,PhyGuard,665,mobility,ABSTAIN,0.2126106106510473,0.2284088923735513,0.9308333333333332
source,FULL,2,PhyGuard,380,mobility,mobility,0.9967788420481912,0.9984429135708092,0.9983333333333332
source,FULL,2,PhyGuard,160,adaptation_mismatch,adaptation_mismatch,0.9596443658719238,0.9999767619367044,0.9596666666666668
source,FULL,2,PhyGuard,720,normal,ABSTAIN,0.0486719485866475,0.0963960031423949,0.5049166666666666
source,FULL,2,PhyGuard,813,interference,adaptation_mismatch,0.5676910585530406,0.8906121980175823,0.6374166666666666
source,FULL,2,PhyGuard,874,blockage,ABSTAIN,0.1880793808483162,0.327569313523918,0.5741666666666665
source,FULL,2,PhyGuard,515,nonphysical_goodput,ABSTAIN,0.0321982869042376,0.107357444526494,0.2999166666666666
source,FULL,2,PhyGuard,1063,nonphysical_goodput,ABSTAIN,0.0182124961906855,0.0492784564347747,0.3695833333333334
source,FULL,2,PhyGuard,982,adaptation_mismatch,adaptation_mismatch,0.6324676063858421,0.9999487847997504,0.6325
source,FULL,2,PhyGuard,103,mobility,mobility,0.7619041314858725,0.7623806193729806,0.999375
source,FULL,2,PhyGuard,26,interference,interference,0.982499857576924,0.999999855040126,0.9825000000000002
source,FULL,2,PhyGuard,286,interference,interference,0.8121562210715804,0.97889460153264,0.8296666666666667
source,FULL,2,PhyGuard,266,nonphysical_goodput,ABSTAIN,0.0536484814372802,0.1075658775684816,0.49875
source,FULL,2,PhyGuard,285,interference,interference,0.8716779701388229,0.9995351783722766,0.8720833333333333
source,FULL,2,PhyGuard,595,blockage,ABSTAIN,0.154396207436002,0.2554114266931382,0.6045
source,FULL,2,PhyGuard,519,nonphysical_goodput,ABSTAIN,0.2362295348049668,0.7234284592725793,0.3265416666666667
source,FULL,2,PhyGuard,473,normal,ABSTAIN,0.0080561977307041,0.0240483514349377,0.335
source,FULL,2,PhyGuard,893,blockage,blockage,0.9812874936442582,0.993014522288426,0.9881904761904764
source,FULL,2,PhyGuard,984,adaptation_mismatch,interference,0.8574999880080938,0.9999999860152696,0.8575
source,FULL,2,PhyGuard,959,adaptation_mismatch,adaptation_mismatch,0.2714833553893627,0.5677023114938132,0.4782142857142855
source,FULL,2,PhyGuard,860,blockage,blockage,0.5263125686917899,0.5807586964874922,0.90625
source,FULL,2,PhyGuard,259,nonphysical_goodput,ABSTAIN,0.0102300581535161,0.0210386800072311,0.4862499999999998
source,FULL,2,PhyGuard,747,normal,ABSTAIN,0.0591053734637512,0.1922125966300853,0.3074999999999999
source,FULL,2,PhyGuard,807,nonphysical_goodput,ABSTAIN,0.0515076846134728,0.1287692115336821,0.4000000000000001
source,FULL,2,PhyGuard,767,nonphysical_goodput,ABSTAIN,0.0540420299872761,0.1085544626460184,0.4978333333333333
source,FULL,2,PhyGuard,476,normal,ABSTAIN,0.0157755276482528,0.0475644049696064,0.3316666666666666
source,FULL,2,PhyGuard,366,mobility,mobility,0.3777346943425735,0.4564769720151945,0.8275
source,FULL,2,PhyGuard,370,mobility,mobility,0.987588478589316,0.9967251255737416,0.9908333333333336
source,FULL,2,PhyGuard,9,interference,blockage,0.5182335017184413,0.9926260208493688,0.5220833333333332
source,FULL,2,PhyGuard,911,mobility,mobility,0.9625475287906304,0.9681953349109444,0.9941666666666664
source,FULL,2,PhyGuard,47,blockage,blockage,0.5683603312598952,0.6305412019313033,0.9013849206349204
source,FULL,2,PhyGuard,178,adaptation_mismatch,adaptation_mismatch,0.9658333296978862,0.9999999962359476,0.9658333333333334
source,FULL,2,PhyGuard,246,nonphysical_goodput,ABSTAIN,0.0114853438391422,0.0369105854498412,0.3111666666666666
source,FULL,2,PhyGuard,626,blockage,blockage,0.6823933885512813,0.8279798445516051,0.8241666666666667
source,FULL,2,PhyGuard,10,interference,interference,0.9574238374725996,0.9999204568904432,0.9575
source,FULL,2,PhyGuard,235,nonphysical_goodput,ABSTAIN,0.0554131393482643,0.0886255727281316,0.6252500000000001
source,FULL,2,PhyGuard,941,mobility,mobility,0.9880807568079616,0.9963839564450032,0.9916666666666666
source,FULL,2,PhyGuard,1043,nonphysical_goodput,ABSTAIN,0.0274307306651219,0.0535756458303162,0.512
source,FULL,2,PhyGuard,252,nonphysical_goodput,ABSTAIN,0.0147218560342949,0.0359800962141628,0.4091666666666666
source,FULL,2,PhyGuard,1065,nonphysical_goodput,ABSTAIN,0.0337169615188607,0.0764123773798545,0.4412499999999999
source,FULL,2,PhyGuard,571,interference,interference,0.895155761322962,0.9999412739935346,0.8952083333333333
source,FULL,2,PhyGuard,166,adaptation_mismatch,adaptation_mismatch,0.9210832715388446,0.999999932911077,0.9210833333333334
source,FULL,2,PhyGuard,163,adaptation_mismatch,adaptation_mismatch,0.9359051699274304,0.9999877160652806,0.9359166666666664
source,FULL,2,PhyGuard,483,normal,ABSTAIN,0.0688105948992762,0.1563581024032029,0.4400833333333335
source,FULL,2,PhyGuard,1042,nonphysical_goodput,ABSTAIN,0.0620436681914677,0.1200845190802601,0.5166666666666666
source,FULL,2,PhyGuard,1070,nonphysical_goodput,ABSTAIN,0.2697552327473523,0.6924198487632572,0.3895833333333333
source,FULL,2,PhyGuard,347,blockage,blockage,0.6408926999205306,0.8134016286669874,0.7879166666666667
source,FULL,2,PhyGuard,968,adaptation_mismatch,adaptation_mismatch,0.6708104321193523,0.9999924806876064,0.6708154761904762
source,FULL,2,PhyGuard,648,mobility,mobility,0.6303598331050425,0.7259422262246172,0.8683333333333332
source,FULL,2,PhyGuard,616,blockage,blockage,0.9166032359533955,0.9886956252980444,0.9270833333333336
source,FULL,2,PhyGuard,35,interference,interference,0.932083314005626,0.9999999792639708,0.9320833333333332
source,FULL,2,PhyGuard,921,mobility,mobility,0.8416231880456407,0.8501244323693342,0.99
source,FULL,2,PhyGuard,336,blockage,blockage,0.9005367216277986,0.9383616321821904,0.959690476190476
source,FULL,2,PhyGuard,437,adaptation_mismatch,adaptation_mismatch,0.8539976511006876,0.9999972495324212,0.8539999999999999
source,FULL,2,PhyGuard,1003,normal,ABSTAIN,0.0840000238693492,0.1968750559437873,0.4266666666666666
source,FULL,2,PhyGuard,804,nonphysical_goodput,ABSTAIN,0.1872643280564313,0.2920301412186063,0.64125
source,FULL,2,PhyGuard,997,normal,ABSTAIN,0.0018713783909775,0.0030953191856278,0.6045833333333334
source,FULL,2,PhyGuard,189,normal,ABSTAIN,0.0321860582563102,0.0629043483836681,0.5116666666666666
source,FULL,2,PhyGuard,563,interference,interference,0.8722825584960185,0.9906673009608388,0.8805
source,FULL,2,PhyGuard,681,adaptation_mismatch,ABSTAIN,0.076806282723274,0.2032360292567339,0.3779166666666665
source,FULL,2,PhyGuard,1010,normal,ABSTAIN,0.0065621905623929,0.0121615886870603,0.5395833333333333
source,FULL,2,PhyGuard,501,nonphysical_goodput,ABSTAIN,0.0375037901560088,0.0708733042318277,0.5291666666666667
source,FULL,2,PhyGuard,861,blockage,ABSTAIN,0.2257145414607818,0.2537306320870616,0.8895833333333334
source,FULL,2,PhyGuard,660,mobility,mobility,0.6329384064512591,0.7387359475045959,0.8567857142857143
source,FULL,2,PhyGuard,850,interference,interference,0.4303171502747898,0.9287420509527836,0.4633333333333334
source,FULL,2,PhyGuard,62,blockage,blockage,0.6378667221083104,0.8502055609574279,0.7502500000000001
source,FULL,2,PhyGuard,224,normal,ABSTAIN,0.0340228573377593,0.0689769028641852,0.4932499999999999
source,FULL,2,PhyGuard,699,adaptation_mismatch,interference,0.4467404920237825,0.975415921449307,0.4579999999999999
source,FULL,2,PhyGuard,478,normal,ABSTAIN,0.0176011643029486,0.0327209870852647,0.5379166666666665
source,FULL,2,PhyGuard,823,interference,ABSTAIN,0.1043837503374053,0.3380850213357256,0.3087500000000001
source,FULL,2,PhyGuard,231,nonphysical_goodput,ABSTAIN,0.0122710350764487,0.0287321796911971,0.4270833333333334
source,FULL,2,PhyGuard,198,normal,ABSTAIN,0.0340462384194993,0.0663238410769467,0.5133333333333333
source,FULL,2,PhyGuard,426,adaptation_mismatch,adaptation_mismatch,0.8766374469726521,0.999017033587068,0.8775
source,FULL,2,PhyGuard,539,nonphysical_goodput,ABSTAIN,0.014268860166806,0.0293497295169134,0.4861666666666667
source,FULL,2,PhyGuard,548,interference,interference,0.5264723063073771,0.9627655708150752,0.5468333333333334
source,FULL,2,PhyGuard,94,mobility,mobility,0.9946471734580692,0.999645400460371,0.995
source,FULL,2,PhyGuard,717,adaptation_mismatch,adaptation_mismatch,0.8197159007107617,0.9999584028188618,0.8197499999999998
source,FULL,2,PhyGuard,124,mobility,mobility,0.998208629807978,0.9998750882884586,0.9983333333333332
source,FULL,2,PhyGuard,456,normal,ABSTAIN,0.1242570198851228,0.289587150635361,0.4290833333333333
source,FULL,2,PhyGuard,915,mobility,mobility,0.9808736210336052,0.9974985976612936,0.9833333333333332
source,FULL,2,PhyGuard,442,adaptation_mismatch,adaptation_mismatch,0.8802073627125918,0.9999988972829448,0.8802083333333333
source,FULL,2,PhyGuard,327,blockage,ABSTAIN,0.0847002509231358,0.1116313026993552,0.7587500000000001
source,FULL,2,PhyGuard,643,mobility,ABSTAIN,0.0593257262855125,0.1460325570104923,0.40625
source,FULL,2,PhyGuard,719,adaptation_mismatch,adaptation_mismatch,0.8526954209059365,0.9881550024984296,0.8629166666666666
source,FULL,2,PhyGuard,68,blockage,blockage,0.6562417546520205,0.6681221327344938,0.982218253968254
source,FULL,2,PhyGuard,299,interference,interference,0.9093223280691868,0.998797980487894,0.9104166666666664
source,FULL,2,PhyGuard,791,nonphysical_goodput,ABSTAIN,0.0481486375683128,0.110580603027704,0.4354166666666668
source,FULL,2,PhyGuard,836,interference,interference,0.94289727812997,0.9999794376985982,0.9429166666666668
source,FULL,2,PhyGuard,260,nonphysical_goodput,ABSTAIN,0.0049897483839347,0.0109464315552499,0.4558333333333333
source,FULL,2,PhyGuard,910,mobility,mobility,0.9372805804861172,0.9803335627850962,0.9560833333333332
source,FULL,2,PhyGuard,65,blockage,blockage,0.951112338234092,0.9818255559219194,0.9687182539682538
source,FULL,2,PhyGuard,141,adaptation_mismatch,adaptation_mismatch,0.7074983686208463,0.9999976941637404,0.7075
source,FULL,2,PhyGuard,862,blockage,blockage,0.9000799124156288,0.9776140143643852,0.920690476190476
source,FULL,2,PhyGuard,325,blockage,blockage,0.7624136564269369,0.9681443256215072,0.7875
source,FULL,2,PhyGuard,134,mobility,mobility,0.9930217397936464,0.9996863152285032,0.9933333333333332
source,FULL,2,PhyGuard,1052,nonphysical_goodput,ABSTAIN,0.1370125905691082,0.3558768586210603,0.385
source,FULL,2,PhyGuard,612,blockage,blockage,0.5836423121718524,0.7476203827991277,0.7806666666666667
source,FULL,2,PhyGuard,125,mobility,mobility,0.978919310289539,0.978919310289539,1.0
source,FULL,2,PhyGuard,117,mobility,mobility,0.9968743491892972,0.9993727811421526,0.9975
source,FULL,2,PhyGuard,559,interference,interference,0.7629663548211226,0.9361550365903346,0.815
source,FULL,2,PhyGuard,20,interference,interference,0.7680999294902044,0.9974244295944652,0.7700833333333332
source,FULL,2,PhyGuard,81,blockage,blockage,0.9763989996620546,0.9836711398746996,0.9926071428571428
source,FULL,2,PhyGuard,801,nonphysical_goodput,ABSTAIN,0.0316532209309324,0.0892897628517136,0.3545
source,FULL,2,PhyGuard,391,mobility,mobility,0.955794905332442,0.9832437945983112,0.9720833333333334
source,FULL,2,PhyGuard,599,blockage,ABSTAIN,0.0617822446838837,0.1150507349792993,0.537
source,FULL,2,PhyGuard,30,interference,interference,0.933749982142575,0.9999999808755824,0.93375
source,FULL,2,PhyGuard,525,nonphysical_goodput,ABSTAIN,0.008847178896649,0.016575510813394,0.53375
source,FULL,2,PhyGuard,396,mobility,mobility,0.4194608480999423,0.452455055767872,0.927077380952381
source,FULL,2,PhyGuard,898,blockage,blockage,0.7621084409039326,0.9107051673817156,0.8368333333333335
source,FULL,2,PhyGuard,1022,normal,ABSTAIN,0.0456827302950797,0.0858025925091495,0.5324166666666668
source,FULL,2,PhyGuard,150,adaptation_mismatch,adaptation_mismatch,0.9286649044773614,0.9999981024522916,0.9286666666666668
source,FULL,2,PhyGuard,185,normal,ABSTAIN,0.054749760157686,0.0744472659367968,0.7354166666666667
source,FULL,2,PhyGuard,225,nonphysical_goodput,ABSTAIN,0.0085555115566959,0.0275835944869293,0.3101666666666667
source,FULL,2,PhyGuard,723,normal,ABSTAIN,0.0805721293407169,0.1396195743088236,0.5770833333333333
source,FULL,2,PhyGuard,12,interference,adaptation_mismatch,0.4824106071562654,0.9987797249612124,0.4829999999999999
source,FULL,2,PhyGuard,324,blockage,blockage,0.7842204932787568,0.936848772458445,0.8370833333333334
source,FULL,2,PhyGuard,509,nonphysical_goodput,ABSTAIN,0.2415995730742681,0.6607851571262032,0.3656250000000001
source,FULL,2,PhyGuard,387,mobility,mobility,0.8102595677585878,0.9246962304169086,0.8762440476190478
source,FULL,2,PhyGuard,614,blockage,blockage,0.3777965819750257,0.7213299894511229,0.52375
source,FULL,2,PhyGuard,598,blockage,blockage,0.3372728300554121,0.4728676201267609,0.7132499999999997
source,FULL,2,PhyGuard,374,mobility,mobility,0.9766290478448816,0.99910900035282,0.9775
source,FULL,2,PhyGuard,413,adaptation_mismatch,adaptation_mismatch,0.5640085087957096,0.9942856038707972,0.5672499999999999
source,FULL,2,PhyGuard,967,adaptation_mismatch,adaptation_mismatch,0.5968325252307545,0.9999986460163438,0.5968333333333333
source,FULL,2,PhyGuard,219,normal,ABSTAIN,0.0230872452474576,0.0651875159928215,0.3541666666666666
source,FULL,2,PhyGuard,773,nonphysical_goodput,ABSTAIN,0.0528838568907136,0.1011647190640145,0.5227500000000002
source,FULL,2,PhyGuard,844,interference,adaptation_mismatch,0.4681637062876664,0.9995107720971912,0.468392857142857
source,FULL,2,PhyGuard,433,adaptation_mismatch,adaptation_mismatch,0.8115227509554036,0.9450963714542742,0.8586666666666669
source,FULL,2,PhyGuard,739,normal,ABSTAIN,0.0091300902418185,0.0200331107884114,0.4557499999999999
source,FULL,2,PhyGuard,16,interference,interference,0.8883333333145015,0.999999999978801,0.8883333333333333
source,FULL,2,PhyGuard,707,adaptation_mismatch,adaptation_mismatch,0.8580223059610645,0.9996376380128909,0.8583333333333333
source,FULL,2,PhyGuard,759,normal,ABSTAIN,0.0371319032218796,0.0726888806953597,0.5108333333333334
source,FULL,2,PhyGuard,582,interference,interference,0.9095107948760286,0.999920250894397,0.9095833333333334
source,FULL,2,PhyGuard,976,adaptation_mismatch,adaptation_mismatch,0.884166355920353,0.999999648543283,0.8841666666666669
source,FULL,2,PhyGuard,345,blockage,blockage,0.9833969311894422,0.9868273309589662,0.9965238095238096
source,FULL,2,PhyGuard,1013,normal,ABSTAIN,0.0418237750864508,0.1219648362180827,0.3429166666666666
source,FULL,2,PhyGuard,200,normal,ABSTAIN,0.021794401925924,0.0575303174463458,0.3788333333333334
source,FULL,2,PhyGuard,145,adaptation_mismatch,adaptation_mismatch,0.6869165402921208,0.99999981602638,0.6869166666666666
source,FULL,2,PhyGuard,502,nonphysical_goodput,ABSTAIN,0.0164129551947471,0.050243740392083,0.3266666666666667
source,FULL,2,PhyGuard,782,nonphysical_goodput,ABSTAIN,0.061920800078406,0.1922508669963447,0.3220833333333333
source,FULL,2,PhyGuard,493,normal,ABSTAIN,0.0686879438207718,0.1648510651698524,0.4166666666666667
source,FULL,2,PhyGuard,335,blockage,blockage,0.7706425727274372,0.921270260283846,0.8365
source,FULL,2,PhyGuard,659,mobility,mobility,0.8415488828539879,0.8601862516395107,0.9783333333333332
source,FULL,2,PhyGuard,994,normal,ABSTAIN,0.0327208753761181,0.0697425407661488,0.4691666666666668
source,FULL,2,PhyGuard,424,adaptation_mismatch,adaptation_mismatch,0.932498941455136,0.9999988648312448,0.9325
source,FULL,2,PhyGuard,751,normal,ABSTAIN,0.0229902995447983,0.0422227723504101,0.5445000000000001
source,FULL,2,PhyGuard,486,normal,ABSTAIN,0.0237464697835209,0.0547574245584648,0.4336666666666666
source,FULL,2,PhyGuard,250,nonphysical_goodput,ABSTAIN,0.0119542486757911,0.0228607145991224,0.5229166666666667
source,FULL,2,PhyGuard,634,mobility,ABSTAIN,0.0534306950043293,0.1458858566671108,0.3662500000000001
source,FULL,2,PhyGuard,871,blockage,blockage,0.931386160074691,0.9562252492883478,0.9740238095238096
source,FULL,2,PhyGuard,763,normal,ABSTAIN,0.0554976526515175,0.1217498778461079,0.4558333333333335
source,FULL,2,PhyGuard,1041,nonphysical_goodput,ABSTAIN,0.0437616310005283,0.093858726006495,0.46625
source,FULL,2,PhyGuard,649,mobility,mobility,0.4425881044828249,0.51702060684714,0.8560357142857141
source,FULL,2,PhyGuard,312,interference,interference,0.910831122055825,0.9999975722479322,0.9108333333333334
source,FULL,2,PhyGuard,453,normal,ABSTAIN,0.0282344460885861,0.0891379513451812,0.31675
source,FULL,2,PhyGuard,700,adaptation_mismatch,adaptation_mismatch,0.5417754871849806,0.9024577798750372,0.6003333333333334
source,FULL,2,PhyGuard,173,adaptation_mismatch,adaptation_mismatch,0.978749992035625,0.9999999918627076,0.97875
source,FULL,2,PhyGuard,401,mobility,mobility,0.9831788428145212,0.9985735178818668,0.9845833333333333
source,FULL,2,PhyGuard,827,interference,ABSTAIN,0.0869933377853191,0.2152856369197421,0.4040833333333333
source,FULL,2,PhyGuard,642,mobility,ABSTAIN,0.1426983402640398,0.2393932731956492,0.5960833333333333
source,FULL,2,PhyGuard,894,blockage,blockage,0.5398539837702699,0.644601771665994,0.8374999999999999
source,FULL,2,PhyGuard,583,interference,interference,0.7829547002302054,0.9929148113883716,0.7885416666666665
source,FULL,2,PhyGuard,1031,normal,ABSTAIN,0.1486796442605323,0.2352215861735514,0.6320833333333334
source,FULL,2,PhyGuard,1050,nonphysical_goodput,ABSTAIN,0.0177757674743252,0.0517113235616733,0.34375
source,FULL,2,PhyGuard,115,mobility,mobility,0.963459738834764,0.9689098567791468,0.994375
source,FULL,2,PhyGuard,830,interference,interference,0.5271367002895864,0.7838463944826558,0.6725000000000004
source,FULL,2,PhyGuard,350,blockage,blockage,0.9807767215037316,0.9975449775550138,0.983190476190476
source,FULL,2,PhyGuard,552,interference,ABSTAIN,0.0954175004144574,0.2204061607263694,0.4329166666666666
source,FULL,2,PhyGuard,205,normal,ABSTAIN,0.0338832763617904,0.0708361178295271,0.4783333333333333
source,FULL,2,PhyGuard,726,normal,ABSTAIN,0.0160175385756936,0.0500548080490426,0.3199999999999999
source,FULL,2,PhyGuard,301,interference,ABSTAIN,0.3447162557866849,0.9131556444680392,0.3775
source,FULL,2,PhyGuard,958,adaptation_mismatch,ABSTAIN,0.374664418049951,0.9786619539833288,0.3828333333333333
source,FULL,2,PhyGuard,684,adaptation_mismatch,ABSTAIN,0.0478983436091226,0.1428025151079433,0.3354166666666666
source,FULL,2,PhyGuard,527,nonphysical_goodput,ABSTAIN,0.0151824034437008,0.0409413126571707,0.3708333333333333
source,FULL,2,PhyGuard,769,nonphysical_goodput,ABSTAIN,0.0253138513967804,0.0632319352126072,0.4003333333333334
source,FULL,2,PhyGuard,407,adaptation_mismatch,adaptation_mismatch,0.6002487818650171,0.9999979706206036,0.6002499999999997
source,FULL,2,PhyGuard,933,mobility,mobility,0.7769998434807303,0.80692324723226,0.9629166666666664
source,FULL,2,PhyGuard,143,adaptation_mismatch,adaptation_mismatch,0.6652494635911287,0.9999991936732492,0.6652499999999998
source,FULL,2,PhyGuard,954,adaptation_mismatch,adaptation_mismatch,0.4786502452812718,0.9997916350522644,0.4787500000000002
source,FULL,2,PhyGuard,460,normal,ABSTAIN,0.0071199028173318,0.0218290326540576,0.3261666666666666
source,FULL,2,PhyGuard,388,mobility,mobility,0.5413175253498071,0.5444937388262939,0.9941666666666664
source,FULL,2,PhyGuard,1014,normal,ABSTAIN,0.0679221647002898,0.1222721236728889,0.5555
source,FULL,2,PhyGuard,542,interference,ABSTAIN,0.1860837488148101,0.4464224281842706,0.4168333333333332
source,FULL,2,PhyGuard,340,blockage,blockage,0.5101488434168109,0.8272683947299634,0.6166666666666668
source,FULL,2,PhyGuard,440,adaptation_mismatch,adaptation_mismatch,0.5954773439186065,0.9998220409994792,0.5955833333333334
source,FULL,2,PhyGuard,50,blockage,ABSTAIN,0.3609268559732864,0.3736425648468031,0.965968253968254
source,FULL,2,PhyGuard,692,adaptation_mismatch,adaptation_mismatch,0.7802465997876145,0.9149769566550742,0.85275
source,FULL,2,PhyGuard,83,blockage,blockage,0.98539306775573,0.998853811983894,0.9865238095238094
source,FULL,2,PhyGuard,104,mobility,mobility,0.9805944144572588,0.9989077227068848,0.9816666666666668
source,FULL,2,PhyGuard,216,normal,ABSTAIN,0.1031502130488902,0.165614471044512,0.6228333333333333
source,FULL,2,PhyGuard,107,mobility,mobility,0.9097229380158304,0.992876330713048,0.91625
source,FULL,2,PhyGuard,677,adaptation_mismatch,adaptation_mismatch,0.3673066636609716,0.5896561824657739,0.6229166666666666
source,FULL,2,PhyGuard,824,interference,ABSTAIN,0.0298960159217454,0.0903885590982476,0.3307499999999999
source,FULL,2,PhyGuard,39,interference,interference,0.9891666633315293,0.9999999966283362,0.9891666666666667
source,FULL,2,PhyGuard,621,blockage,blockage,0.7725447736736404,0.948392561031579,0.8145833333333333
source,FULL,2,PhyGuard,846,interference,adaptation_mismatch,0.7253333308714492,0.9999999966058584,0.7253333333333333
source,FULL,2,PhyGuard,284,interference,interference,0.4918964678858469,0.9981713565022624,0.492797619047619
source,FULL,2,PhyGuard,913,mobility,mobility,0.9169301163014648,0.9677362705028654,0.9475
source,FULL,2,PhyGuard,86,blockage,blockage,0.9774143720791768,0.9828787096674472,0.9944404761904764
source,FULL,2,PhyGuard,969,adaptation_mismatch,adaptation_mismatch,0.6265339123496884,0.9999781234538062,0.626547619047619
source,FULL,2,PhyGuard,51,blockage,blockage,0.687532571768393,0.7366013276716636,0.9333849206349208
source,FULL,2,PhyGuard,283,interference,blockage,0.478028165878932,0.9631192059347186,0.4963333333333333
source,FULL,2,PhyGuard,1021,normal,ABSTAIN,0.0738167576438888,0.1725026468795844,0.4279166666666667
source,FULL,2,PhyGuard,932,mobility,mobility,0.9605511384741868,0.9653780286172732,0.995
source,FULL,2,PhyGuard,785,nonphysical_goodput,blockage,0.3534904875977718,0.7005591826875744,0.5045833333333332
source,FULL,2,PhyGuard,673,mobility,mobility,0.8112114597746481,0.8242622791952395,0.9841666666666664
source,FULL,2,PhyGuard,304,interference,interference,0.865550829451148,0.999769944500315,0.8657500000000004
source,FULL,2,PhyGuard,606,blockage,blockage,0.6041583451746451,0.8042041200328056,0.7512499999999999
source,FULL,2,PhyGuard,1075,nonphysical_goodput,ABSTAIN,0.0212617177630357,0.0555740825868937,0.3825833333333333
source,FULL,2,PhyGuard,920,mobility,mobility,0.9874956802690285,0.989144254025738,0.9983333333333332
source,FULL,2,PhyGuard,883,blockage,blockage,0.5057943695553239,0.9885231978279948,0.5116666666666665
source,FULL,2,PhyGuard,742,normal,ABSTAIN,0.0681490110081041,0.1171784112476355,0.5815833333333336
source,FULL,2,PhyGuard,273,interference,ABSTAIN,0.1259683547742521,0.2321997323027689,0.5425000000000001
source,FULL,2,PhyGuard,516,nonphysical_goodput,blockage,0.4209838950344819,0.7841985005299257,0.5368333333333335
source,FULL,2,PhyGuard,567,interference,interference,0.6623541921563209,0.9593542915963608,0.6904166666666667
source,FULL,2,PhyGuard,416,adaptation_mismatch,adaptation_mismatch,0.4570124963535333,0.7517683284773682,0.6079166666666665
source,FULL,2,PhyGuard,192,normal,ABSTAIN,0.0274413518192347,0.0913443056396165,0.3004166666666666
source,FULL,3,PhyGuard,179,adaptation_mismatch,adaptation_mismatch,0.8945833314383753,0.9999999978817424,0.8945833333333333
source,FULL,3,PhyGuard,38,interference,interference,0.9954761860545586,0.9999999955582746,0.9954761904761904
source,FULL,3,PhyGuard,600,blockage,blockage,0.4902368951360138,0.6933226566449223,0.7070833333333333
source,FULL,3,PhyGuard,395,mobility,mobility,0.5446707998600522,0.5856675267312389,0.93
source,FULL,3,PhyGuard,621,blockage,blockage,0.8276121571733831,0.9377155968351052,0.8825833333333333
source,FULL,3,PhyGuard,541,interference,ABSTAIN,0.1273015513784282,0.2792539091411629,0.455863095238095
source,FULL,3,PhyGuard,380,mobility,mobility,0.9901756173218204,0.9976580527171994,0.9925
source,FULL,3,PhyGuard,409,adaptation_mismatch,interference,0.3043747028517928,0.598867003322747,0.5082509157509157
source,FULL,3,PhyGuard,891,blockage,blockage,0.9926581806458774,0.995978107671449,0.9966666666666666
source,FULL,3,PhyGuard,355,blockage,blockage,0.8166604881477867,0.9107737786034796,0.8966666666666666
source,FULL,3,PhyGuard,459,normal,ABSTAIN,0.0406803750555145,0.0860960318635228,0.4725
source,FULL,3,PhyGuard,959,adaptation_mismatch,adaptation_mismatch,0.3737969887394093,0.6326606297423006,0.5908333333333333
source,FULL,3,PhyGuard,701,adaptation_mismatch,ABSTAIN,0.3698997881640856,0.9892572894961064,0.3739166666666665
source,FULL,3,PhyGuard,9,interference,blockage,0.6195145608002876,0.9938736269523328,0.6233333333333334
source,FULL,3,PhyGuard,881,blockage,ABSTAIN,0.3548263180612592,0.4007450180456575,0.8854166666666665
source,FULL,3,PhyGuard,672,mobility,mobility,0.7752180651225483,0.8741417761201448,0.8868333333333333
source,FULL,3,PhyGuard,292,interference,interference,0.7653752463193729,0.9995831259748746,0.7656944444444446
source,FULL,3,PhyGuard,804,nonphysical_goodput,ABSTAIN,0.1560576453630898,0.3362966190482182,0.4640476190476191
source,FULL,3,PhyGuard,77,blockage,blockage,0.9859260535645256,0.9883970461799754,0.9975
source,FULL,3,PhyGuard,566,interference,interference,0.8997850716659699,0.9933229861997828,0.9058333333333332
source,FULL,3,PhyGuard,375,mobility,mobility,0.9799170263580232,0.9982176838961188,0.9816666666666668
source,FULL,3,PhyGuard,831,interference,interference,0.7156798244686298,0.9999768000759316,0.7156964285714287
source,FULL,3,PhyGuard,56,blockage,blockage,0.5937542673192692,0.8348038907828037,0.71125
source,FULL,3,PhyGuard,748,normal,ABSTAIN,0.1832786696369264,0.3189766549156081,0.5745833333333332
source,FULL,3,PhyGuard,281,interference,blockage,0.523886218364635,0.976185500058326,0.5366666666666667
source,FULL,3,PhyGuard,647,mobility,ABSTAIN,0.2395566491811977,0.2754580097905685,0.8696666666666667
source,FULL,3,PhyGuard,754,normal,ABSTAIN,0.0150592876975719,0.0351553829951806,0.4283636363636362
source,FULL,3,PhyGuard,791,nonphysical_goodput,ABSTAIN,0.0736727709414144,0.1276455748335219,0.5771666666666667
source,FULL,3,PhyGuard,715,adaptation_mismatch,adaptation_mismatch,0.8201304725239369,0.9946589958377164,0.8245343137254904
source,FULL,3,PhyGuard,359,blockage,blockage,0.8469305488193849,0.957885634856986,0.8841666666666664
source,FULL,3,PhyGuard,992,normal,ABSTAIN,0.1552424528820868,0.3499735928207857,0.4435833333333333
source,FULL,3,PhyGuard,482,normal,ABSTAIN,0.0168400159231968,0.0499703736593378,0.3370000000000001
source,FULL,3,PhyGuard,112,mobility,mobility,0.9991092115403312,0.9991092115403312,1.0
source,FULL,3,PhyGuard,25,interference,interference,0.9758089997313444,0.9999994629298375,0.9758095238095236
source,FULL,3,PhyGuard,841,interference,interference,0.9665475320783892,0.99999991002075,0.9665476190476188
source,FULL,3,PhyGuard,1014,normal,ABSTAIN,0.0475450700404738,0.1202404300285956,0.3954166666666666
source,FULL,3,PhyGuard,982,adaptation_mismatch,adaptation_mismatch,0.6760974514201837,0.9997744198450036,0.67625
source,FULL,3,PhyGuard,814,interference,ABSTAIN,0.2133471381722121,0.551165911316802,0.3870833333333333
source,FULL,3,PhyGuard,933,mobility,mobility,0.6381932330726829,0.6601998962820858,0.9666666666666668
source,FULL,3,PhyGuard,385,mobility,mobility,0.8056063905962757,0.9961130022828756,0.8087500000000002
source,FULL,3,PhyGuard,769,nonphysical_goodput,ABSTAIN,0.0350906681592362,0.0690514042489442,0.5081818181818182
source,FULL,3,PhyGuard,246,nonphysical_goodput,ABSTAIN,0.0189022910186162,0.0464585412143399,0.4068636363636364
source,FULL,3,PhyGuard,834,interference,ABSTAIN,0.1700701599613699,0.2359121051052757,0.7209047619047618
source,FULL,3,PhyGuard,369,mobility,mobility,0.7089713564497624,0.7528899360528452,0.9416666666666664
source,FULL,3,PhyGuard,46,blockage,blockage,0.9677595146628034,0.9879297469973324,0.9795833333333333
source,FULL,3,PhyGuard,99,mobility,mobility,0.9823123243281898,0.9998089815045188,0.9825
source,FULL,3,PhyGuard,1060,nonphysical_goodput,ABSTAIN,0.0360743023059953,0.0892560057055555,0.4041666666666667
source,FULL,3,PhyGuard,256,nonphysical_goodput,ABSTAIN,0.0149852147295111,0.0421130156332864,0.3558333333333333
source,FULL,3,PhyGuard,819,interference,ABSTAIN,0.1104890356801624,0.2109575860241765,0.52375
source,FULL,3,PhyGuard,587,blockage,ABSTAIN,0.1589512651993758,0.2101603330093114,0.7563333333333333
source,FULL,3,PhyGuard,243,nonphysical_goodput,ABSTAIN,0.0066723544029707,0.0194955570576209,0.3422500000000001
source,FULL,3,PhyGuard,951,adaptation_mismatch,adaptation_mismatch,0.4341543820898933,0.9976738002831712,0.4351666666666666
source,FULL,3,PhyGuard,199,normal,ABSTAIN,0.0580944295870851,0.0935874822184214,0.62075
source,FULL,3,PhyGuard,129,mobility,mobility,0.9999026822454226,0.9999026822454226,1.0
source,FULL,3,PhyGuard,781,nonphysical_goodput,ABSTAIN,0.1329932549132954,0.3356296653963292,0.39625
source,FULL,3,PhyGuard,328,blockage,ABSTAIN,0.0394834169333564,0.1054458350692121,0.3744426406926407
source,FULL,3,PhyGuard,911,mobility,mobility,0.931225268001466,0.9506340464498166,0.9795833333333333
source,FULL,3,PhyGuard,453,normal,ABSTAIN,0.0407198597408254,0.1005428635575936,0.405
source,FULL,3,PhyGuard,723,normal,ABSTAIN,0.0975089904778273,0.1532557807117129,0.63625
source,FULL,3,PhyGuard,914,mobility,mobility,0.9342702825662266,0.9468955566549594,0.9866666666666666
source,FULL,3,PhyGuard,81,blockage,blockage,0.9846678439580888,0.9929701779459148,0.9916388888888888
source,FULL,3,PhyGuard,642,mobility,ABSTAIN,0.1497344187728525,0.2458020554410713,0.6091666666666664
source,FULL,3,PhyGuard,546,interference,interference,0.5275564873428318,0.9597752953477838,0.5496666666666666
source,FULL,3,PhyGuard,196,normal,ABSTAIN,0.0106970994345279,0.0269958345350863,0.3962500000000001
source,FULL,3,PhyGuard,745,normal,ABSTAIN,0.2219525445119073,0.4604028581059445,0.4820833333333332
source,FULL,3,PhyGuard,368,mobility,mobility,0.6964871570404746,0.9745622533215595,0.7146666666666667
source,FULL,3,PhyGuard,513,nonphysical_goodput,ABSTAIN,0.0445508104292343,0.1174450187062417,0.3793333333333332
source,FULL,3,PhyGuard,727,normal,ABSTAIN,0.0348784629626607,0.0508308908855876,0.6861666666666667
source,FULL,3,PhyGuard,404,mobility,mobility,0.954754271193032,0.998000980341148,0.9566666666666668
source,FULL,3,PhyGuard,152,adaptation_mismatch,adaptation_mismatch,0.7847717635749745,0.9998475037450656,0.7848914565826333
source,FULL,3,PhyGuard,329,blockage,adaptation_mismatch,0.3205843606713996,0.7334627889526778,0.4370833333333334
source,FULL,3,PhyGuard,391,mobility,mobility,0.9672228777371042,0.9869621201399024,0.98
source,FULL,3,PhyGuard,517,nonphysical_goodput,ABSTAIN,0.0131320183352214,0.0372715752182253,0.3523333333333333
source,FULL,3,PhyGuard,154,adaptation_mismatch,adaptation_mismatch,0.9185551979290612,0.998881955156206,0.9195833333333332
source,FULL,3,PhyGuard,952,adaptation_mismatch,adaptation_mismatch,0.7878778017535683,0.9999506738279024,0.7879166666666668
source,FULL,3,PhyGuard,435,adaptation_mismatch,ABSTAIN,0.3831092643824121,0.99985018977576,0.3831666666666667
source,FULL,3,PhyGuard,570,interference,interference,0.7493259612739943,0.9985465336244232,0.7504166666666667
source,FULL,3,PhyGuard,1011,normal,mobility,0.361332007937105,0.5956691567196347,0.6065984848484848
source,FULL,3,PhyGuard,253,nonphysical_goodput,ABSTAIN,0.0518123248359067,0.0861624027204658,0.6013333333333334
source,FULL,3,PhyGuard,180,normal,ABSTAIN,0.0219983428649178,0.0548473123579918,0.4010833333333334
source,FULL,3,PhyGuard,212,normal,ABSTAIN,0.0626543769860872,0.1117770745538622,0.560529761904762
source,FULL,3,PhyGuard,211,normal,ABSTAIN,0.057096651311923,0.104074429666706,0.5486136363636362
source,FULL,3,PhyGuard,753,normal,ABSTAIN,0.055391731468312,0.1050910320347423,0.5270833333333331
source,FULL,3,PhyGuard,593,blockage,ABSTAIN,0.3133107720558716,0.4207867112110196,0.7445833333333332
source,FULL,3,PhyGuard,977,adaptation_mismatch,adaptation_mismatch,0.8637493939965829,0.999999298404148,0.8637499999999999
source,FULL,3,PhyGuard,1020,normal,ABSTAIN,0.249460881696552,0.6593679692419878,0.3783333333333333
source,FULL,3,PhyGuard,489,normal,ABSTAIN,0.0652561826418417,0.1365668279912977,0.4778333333333332
source,FULL,3,PhyGuard,295,interference,interference,0.8584061820399314,0.9982664858005422,0.8598968253968254
source,FULL,3,PhyGuard,561,interference,interference,0.7548959986780054,0.9713437684040388,0.7771666666666667
source,FULL,3,PhyGuard,23,interference,interference,0.9873093490124772,0.9999998229561832,0.987309523809524
source,FULL,3,PhyGuard,989,adaptation_mismatch,adaptation_mismatch,0.7564523284176804,0.9999999305512124,0.7564523809523811
source,FULL,3,PhyGuard,83,blockage,blockage,0.97374924152822,0.999058729338119,0.9746666666666668
source,FULL,3,PhyGuard,966,adaptation_mismatch,adaptation_mismatch,0.5168643299783139,0.9999908726576772,0.5168690476190476
source,FULL,3,PhyGuard,702,adaptation_mismatch,adaptation_mismatch,0.7388208180989685,0.9271562483756224,0.7968676470588235
source,FULL,3,PhyGuard,508,nonphysical_goodput,ABSTAIN,0.1581336267683259,0.3349697301359066,0.4720833333333333
source,FULL,3,PhyGuard,612,blockage,blockage,0.6249695463580653,0.7598413937484076,0.8225
source,FULL,3,PhyGuard,934,mobility,mobility,0.8215453037095333,0.8701274178741747,0.9441666666666668
source,FULL,3,PhyGuard,504,nonphysical_goodput,blockage,0.7393291879615788,0.8587697469304952,0.8609166666666666
source,FULL,3,PhyGuard,796,nonphysical_goodput,ABSTAIN,0.1083942253003549,0.2873273036457386,0.37725
source,FULL,3,PhyGuard,1033,normal,ABSTAIN,0.0344306298679121,0.0854004874772522,0.4031666666666666
source,FULL,3,PhyGuard,176,adaptation_mismatch,adaptation_mismatch,0.9405537695066296,0.9999981010702502,0.9405555555555556
source,FULL,3,PhyGuard,823,interference,ABSTAIN,0.1594338457916173,0.3295016070846012,0.4838636363636364
source,FULL,3,PhyGuard,333,blockage,blockage,0.6469435819165755,0.9154862008253428,0.7066666666666666
source,FULL,3,PhyGuard,177,adaptation_mismatch,adaptation_mismatch,0.9224993060389344,0.9999992477386822,0.9225
source,FULL,3,PhyGuard,537,nonphysical_goodput,ABSTAIN,0.0072980955236343,0.0197379189280171,0.3697500000000001
source,FULL,3,PhyGuard,1017,normal,ABSTAIN,0.0253347962689007,0.0654504962813365,0.3870833333333334
source,FULL,3,PhyGuard,3,interference,interference,0.9271993684213168,0.9996758689178616,0.9275
source,FULL,3,PhyGuard,643,mobility,ABSTAIN,0.0792148473224038,0.1552724874009877,0.5101666666666667
source,FULL,3,PhyGuard,138,adaptation_mismatch,adaptation_mismatch,0.7035031332273174,0.9990577039914564,0.7041666666666667
source,FULL,3,PhyGuard,59,blockage,blockage,0.9706398586999596,0.9901962343279364,0.98025
source,FULL,3,PhyGuard,477,normal,ABSTAIN,0.04567802809513,0.0741827496469834,0.6157499999999999
source,FULL,3,PhyGuard,772,nonphysical_goodput,ABSTAIN,0.0444684806227231,0.0807202670489564,0.5508961038961037
source,FULL,3,PhyGuard,699,adaptation_mismatch,interference,0.5115267615916984,0.9760408871204294,0.5240833333333333
source,FULL,3,PhyGuard,114,mobility,mobility,0.985516406184764,0.9996785185306144,0.9858333333333332
source,FULL,3,PhyGuard,862,blockage,blockage,0.8821465662908585,0.9810712507405286,0.8991666666666666
source,FULL,3,PhyGuard,547,interference,interference,0.5479068338431775,0.9647662518148392,0.5679166666666666
source,FULL,3,PhyGuard,125,mobility,mobility,0.9849008613590404,0.9881948441729502,0.9966666666666668
source,FULL,3,PhyGuard,788,nonphysical_goodput,ABSTAIN,0.0629961337995979,0.1954378504641093,0.3223333333333333
source,FULL,3,PhyGuard,235,nonphysical_goodput,ABSTAIN,0.0718496036328142,0.12488343620999,0.5753333333333334
source,FULL,3,PhyGuard,1024,normal,ABSTAIN,0.0253899602519441,0.0659194121642858,0.3851666666666666
source,FULL,3,PhyGuard,258,nonphysical_goodput,ABSTAIN,0.0583502254404491,0.1008501663957063,0.5785833333333334
source,FULL,3,PhyGuard,284,interference,interference,0.4529991500238929,0.998161917055952,0.4538333333333333
source,FULL,3,PhyGuard,185,normal,ABSTAIN,0.0615359368732834,0.098834868495144,0.6226136363636363
source,FULL,3,PhyGuard,1072,nonphysical_goodput,ABSTAIN,0.0424726773972307,0.1167366305008632,0.3638333333333332
source,FULL,3,PhyGuard,436,adaptation_mismatch,adaptation_mismatch,0.8979070357106832,0.9999892741093456,0.8979166666666666
source,FULL,3,PhyGuard,710,adaptation_mismatch,adaptation_mismatch,0.8997902739660005,0.99155799421491,0.9074509803921568
source,FULL,3,PhyGuard,494,normal,blockage,0.5759956103965777,0.691886619094988,0.8325000000000001
source,FULL,3,PhyGuard,681,adaptation_mismatch,ABSTAIN,0.066974304989014,0.2055477390967181,0.3258333333333334
source,FULL,3,PhyGuard,922,mobility,mobility,0.6160478714851184,0.6708325279329783,0.9183333333333332
source,FULL,3,PhyGuard,509,nonphysical_goodput,ABSTAIN,0.2322072344507529,0.6935009490813925,0.3348333333333334
source,FULL,3,PhyGuard,63,blockage,blockage,0.9470753483293656,0.987994799613352,0.9585833333333332
source,FULL,3,PhyGuard,910,mobility,mobility,0.8851142317854773,0.9660182611574104,0.91625
source,FULL,3,PhyGuard,315,blockage,ABSTAIN,0.0758679476727972,0.0912115223171294,0.8317803030303029
source,FULL,3,PhyGuard,654,mobility,mobility,0.3950001714969061,0.6494043099003801,0.6082499999999998
source,FULL,3,PhyGuard,40,interference,interference,0.915332949180792,0.9999995803140482,0.9153333333333332
source,FULL,3,PhyGuard,563,interference,interference,0.7693470629102016,0.987803636329148,0.7788461538461537
source,FULL,3,PhyGuard,122,mobility,mobility,0.9890196506153618,0.999851373831874,0.9891666666666664
source,FULL,3,PhyGuard,60,blockage,blockage,0.9920118924386334,0.9920118924386334,1.0
source,FULL,3,PhyGuard,825,interference,interference,0.306334040969582,0.7137880566281524,0.4291666666666667
source,FULL,3,PhyGuard,733,normal,ABSTAIN,0.0448953872550823,0.1235807465002056,0.3632878787878789
source,FULL,3,PhyGuard,456,normal,ABSTAIN,0.1343761914991376,0.3607414536889601,0.3725
source,FULL,3,PhyGuard,662,mobility,ABSTAIN,0.1980636818322414,0.6790754805676849,0.2916666666666667
source,FULL,3,PhyGuard,145,adaptation_mismatch,adaptation_mismatch,0.7308331022638236,0.9999996838273526,0.7308333333333334
source,FULL,3,PhyGuard,428,adaptation_mismatch,adaptation_mismatch,0.8758299256367889,0.999996109195192,0.8758333333333332
source,FULL,3,PhyGuard,71,blockage,blockage,0.9850315185898554,0.990147279534115,0.9948333333333332
source,FULL,3,PhyGuard,364,mobility,blockage,0.4316159079552255,0.9295389259624384,0.4643333333333333
source,FULL,3,PhyGuard,96,mobility,mobility,0.9979517957464225,0.9996178254555148,0.9983333333333334
source,FULL,3,PhyGuard,896,blockage,blockage,0.634155895714994,0.8853834495148255,0.7162500000000003
source,FULL,3,PhyGuard,273,interference,ABSTAIN,0.1225817784190404,0.2256106351270684,0.5433333333333332
source,FULL,3,PhyGuard,532,nonphysical_goodput,ABSTAIN,0.0890231768986142,0.1381989809551579,0.6441666666666667
source,FULL,3,PhyGuard,519,nonphysical_goodput,ABSTAIN,0.2821849282341532,0.7597530039959253,0.3714166666666667
source,FULL,3,PhyGuard,421,adaptation_mismatch,adaptation_mismatch,0.6183375072656199,0.9993333450757492,0.61875
source,FULL,3,PhyGuard,301,interference,interference,0.4019511183191489,0.8892723856618341,0.4519999999999999
source,FULL,3,PhyGuard,342,blockage,blockage,0.580308314418962,0.6533777231213685,0.8881666666666664
source,FULL,3,PhyGuard,27,interference,interference,0.960177255426948,0.99999862941992,0.9601785714285712
source,FULL,3,PhyGuard,153,adaptation_mismatch,adaptation_mismatch,0.9660779263742784,0.999994403216712,0.9660833333333332
source,FULL,3,PhyGuard,572,interference,interference,0.8451372681175516,0.999078634362193,0.8459166666666665
source,FULL,3,PhyGuard,418,adaptation_mismatch,blockage,0.4531646468946048,0.9745476277303332,0.4649999999999999
source,FULL,3,PhyGuard,632,mobility,ABSTAIN,0.1267787138920779,0.3851923162344757,0.3291309523809523
source,FULL,3,PhyGuard,471,normal,ABSTAIN,0.0088944148467792,0.0212192799525549,0.4191666666666666
source,FULL,3,PhyGuard,110,mobility,mobility,0.9844141368792876,0.9985604093450088,0.9858333333333332
source,FULL,3,PhyGuard,915,mobility,mobility,0.9733062911630328,0.9969846772476648,0.97625
source,FULL,3,PhyGuard,775,nonphysical_goodput,ABSTAIN,0.029130011630508,0.0821721061509395,0.3545
source,FULL,3,PhyGuard,1035,nonphysical_goodput,ABSTAIN,0.0170508925411002,0.0424503548741085,0.4016666666666667
source,FULL,3,PhyGuard,873,blockage,blockage,0.902268847286375,0.9092396848703812,0.9923333333333332
source,FULL,3,PhyGuard,939,mobility,mobility,0.9841631133067988,0.9932680706208228,0.9908333333333336
source,FULL,3,PhyGuard,871,blockage,blockage,0.9075774506703872,0.950342880283128,0.955
source,FULL,3,PhyGuard,337,blockage,blockage,0.7334371913177693,0.9337201671773004,0.7854999999999999
source,FULL,3,PhyGuard,628,blockage,blockage,0.8315336458757706,0.9086144373073438,0.9151666666666664
source,FULL,3,PhyGuard,228,nonphysical_goodput,ABSTAIN,0.0330304582249777,0.0605845095345305,0.5451964285714288
source,FULL,3,PhyGuard,919,mobility,mobility,0.9659576987611536,0.9748942291954452,0.9908333333333332
source,FULL,3,PhyGuard,717,adaptation_mismatch,adaptation_mismatch,0.832026879382589,0.9999321534893412,0.8320833333333332
source,FULL,3,PhyGuard,1071,nonphysical_goodput,ABSTAIN,0.0253346594452713,0.0696645080988214,0.3636666666666668
source,FULL,3,PhyGuard,1053,nonphysical_goodput,blockage,0.2884527083759418,0.5578456890429173,0.5170833333333333
source,FULL,3,PhyGuard,995,normal,blockage,0.26361907615247,0.5861458057864815,0.44975
source,FULL,3,PhyGuard,217,normal,ABSTAIN,0.0440592472128388,0.0704947955405421,0.625
source,FULL,3,PhyGuard,739,normal,ABSTAIN,0.0077991732900765,0.0200235514507741,0.3894999999999999
source,FULL,3,PhyGuard,675,adaptation_mismatch,adaptation_mismatch,0.2864901869282737,0.575570440840329,0.4977499999999998
source,FULL,3,PhyGuard,898,blockage,blockage,0.7599229688996249,0.9213048723778036,0.8248333333333333
source,FULL,3,PhyGuard,760,normal,ABSTAIN,0.042484064501725,0.0782652678497467,0.5428214285714287
source,FULL,3,PhyGuard,304,interference,interference,0.7673550007986482,0.999702530624664,0.7675833333333333
source,FULL,3,PhyGuard,187,normal,ABSTAIN,0.0076926954541326,0.0214181775985132,0.3591666666666666
source,FULL,3,PhyGuard,805,nonphysical_goodput,ABSTAIN,0.0730144023668983,0.1019398287845003,0.7162500000000002
source,FULL,3,PhyGuard,1038,nonphysical_goodput,blockage,0.2894662750746872,0.682435226109282,0.4241666666666668
source,FULL,3,PhyGuard,148,adaptation_mismatch,adaptation_mismatch,0.5327010481601752,0.9994640644493594,0.5329866946778714
source,FULL,3,PhyGuard,6,interference,interference,0.9094564075931276,0.9998604572714184,0.9095833333333334
source,FULL,3,PhyGuard,850,interference,interference,0.4454319061256342,0.8949122246963233,0.4977380952380952
source,FULL,3,PhyGuard,314,interference,interference,0.8321376250477599,0.9999496957899444,0.8321794871794869
source,FULL,3,PhyGuard,624,blockage,blockage,0.8602438397946893,0.9444580125833736,0.9108333333333332
source,FULL,3,PhyGuard,257,nonphysical_goodput,ABSTAIN,0.0345337551639647,0.0957055570363918,0.3608333333333334
source,FULL,3,PhyGuard,590,blockage,blockage,0.3557612504889572,0.6586138546540397,0.5401666666666668
source,FULL,3,PhyGuard,474,normal,ABSTAIN,0.052314370954103,0.0821691690378582,0.6366666666666666
source,FULL,3,PhyGuard,607,blockage,blockage,0.5753020692838441,0.7309290451462285,0.7870833333333335
source,FULL,3,PhyGuard,406,adaptation_mismatch,ABSTAIN,0.3267683873268532,0.9444173044128704,0.346
source,FULL,3,PhyGuard,91,mobility,mobility,0.9994039873300744,0.9994039873300744,1.0
source,FULL,3,PhyGuard,1047,nonphysical_goodput,ABSTAIN,0.0139539844482886,0.0315641495531505,0.4420833333333334
source,FULL,3,PhyGuard,962,adaptation_mismatch,adaptation_mismatch,0.7891519910832507,0.9999814036957768,0.7891666666666669
source,FULL,3,PhyGuard,1074,nonphysical_goodput,ABSTAIN,0.0483337847893615,0.1327547304811945,0.3640833333333335
source,FULL,3,PhyGuard,689,adaptation_mismatch,ABSTAIN,0.0858800875070277,0.166934257391289,0.5144545454545455
source,FULL,3,PhyGuard,1058,nonphysical_goodput,ABSTAIN,0.033605833121474,0.0798080343276644,0.4210833333333334
source,FULL,3,PhyGuard,238,nonphysical_goodput,ABSTAIN,0.0065379175193264,0.0181993992452088,0.3592380952380952
source,FULL,3,PhyGuard,972,adaptation_mismatch,adaptation_mismatch,0.6950752184089452,0.9999883252496512,0.6950833333333334
source,FULL,3,PhyGuard,426,adaptation_mismatch,adaptation_mismatch,0.851764182508611,0.999136870977843,0.8524999999999998
source,FULL,3,PhyGuard,847,interference,adaptation_mismatch,0.7556977006837212,0.9999938067302974,0.7557023809523814
source,FULL,3,PhyGuard,997,normal,ABSTAIN,0.001336069203017,0.0031374457440791,0.425846153846154
source,FULL,3,PhyGuard,584,interference,interference,0.8666352634111112,0.9999637654743592,0.8666666666666666
source,FULL,3,PhyGuard,651,mobility,mobility,0.5652469769731272,0.911688672537302,0.62
source,FULL,3,PhyGuard,286,interference,interference,0.7995657410966083,0.9829719181599528,0.8134166666666667
source,FULL,3,PhyGuard,661,mobility,mobility,0.8666708787351065,0.9802121154402714,0.8841666666666665
source,FULL,3,PhyGuard,41,interference,interference,0.9759344865383376,0.9999999618097472,0.9759345238095236
source,FULL,3,PhyGuard,869,blockage,blockage,0.8283764754130272,0.9640692178213874,0.8592500000000001
source,FULL,3,PhyGuard,534,nonphysical_goodput,ABSTAIN,0.0073101681519218,0.0212401980201118,0.3441666666666667
source,FULL,3,PhyGuard,437,adaptation_mismatch,adaptation_mismatch,0.8051990451859469,0.999995857232277,0.8052023809523812
source,FULL,3,PhyGuard,205,normal,ABSTAIN,0.0337614201600615,0.0735428477113524,0.4590714285714285
source,FULL,3,PhyGuard,350,blockage,blockage,0.9898267727243926,0.9983124283654992,0.9915
source,FULL,3,PhyGuard,859,blockage,ABSTAIN,0.1831594555472806,0.2376122666559316,0.7708333333333333
source,FULL,4,PhyGuard,475,normal,ABSTAIN,0.015599210234995,0.0385721250401689,0.4044166666666666
source,FULL,4,PhyGuard,83,blockage,blockage,0.9738277839197133,0.9998574050306784,0.9739666666666668
source,FULL,4,PhyGuard,367,mobility,mobility,0.888660727396886,0.9828505740795056,0.9041666666666665
source,FULL,4,PhyGuard,849,interference,adaptation_mismatch,0.5024123766007473,0.9999914611393216,0.5024166666666666
source,FULL,4,PhyGuard,225,nonphysical_goodput,ABSTAIN,0.0163734466446245,0.0351173118383368,0.46625
source,FULL,4,PhyGuard,446,adaptation_mismatch,adaptation_mismatch,0.7829948185935165,0.9998869663852504,0.7830833333333334
source,FULL,4,PhyGuard,1005,normal,ABSTAIN,0.0166625592390375,0.0360921860773377,0.4616666666666665
source,FULL,4,PhyGuard,192,normal,ABSTAIN,0.0318011106483983,0.0708659847318069,0.4487500000000001
source,FULL,4,PhyGuard,945,adaptation_mismatch,ABSTAIN,0.3871518334225293,0.9548919167129362,0.4054404761904761
source,FULL,4,PhyGuard,980,adaptation_mismatch,adaptation_mismatch,0.7905827868323392,0.9999993087370164,0.7905833333333331
source,FULL,4,PhyGuard,904,mobility,mobility,0.6964266092867588,0.8191648021408652,0.8501666666666666
source,FULL,4,PhyGuard,119,mobility,mobility,0.9884942575120202,0.9934615653387138,0.995
source,FULL,4,PhyGuard,288,interference,interference,0.8476024042264904,0.9999522759897924,0.8476428571428569
source,FULL,4,PhyGuard,958,adaptation_mismatch,ABSTAIN,0.3641056145964609,0.9569135731838656,0.3805
source,FULL,4,PhyGuard,472,normal,ABSTAIN,0.0341159463295357,0.1064736946565484,0.3204166666666667
source,FULL,4,PhyGuard,502,nonphysical_goodput,ABSTAIN,0.015403059764129,0.0354093327911012,0.435
source,FULL,4,PhyGuard,494,normal,blockage,0.5652833214635669,0.6699654180308943,0.8437499999999997
source,FULL,4,PhyGuard,358,blockage,blockage,0.9948125797489012,0.998340047918212,0.9964666666666668
source,FULL,4,PhyGuard,793,nonphysical_goodput,ABSTAIN,0.0302751046446801,0.0924430676173438,0.3275
source,FULL,4,PhyGuard,152,adaptation_mismatch,adaptation_mismatch,0.8181942777209575,0.999968933467584,0.8182196969696969
source,FULL,4,PhyGuard,905,mobility,ABSTAIN,0.2805412344566276,0.2914714124224702,0.9625
source,FULL,4,PhyGuard,580,interference,interference,0.8432216254523,0.9998675400620158,0.8433333333333333
source,FULL,4,PhyGuard,407,adaptation_mismatch,adaptation_mismatch,0.6188900749080403,0.9999955044968044,0.6188928571428572
source,FULL,4,PhyGuard,514,nonphysical_goodput,ABSTAIN,0.0953900366645093,0.250312801218918,0.3810833333333333
source,FULL,4,PhyGuard,1041,nonphysical_goodput,ABSTAIN,0.046261456456484,0.0740183303303744,0.6249999999999999
source,FULL,4,PhyGuard,693,adaptation_mismatch,adaptation_mismatch,0.6552263568258048,0.9068876911083804,0.7225
source,FULL,4,PhyGuard,457,normal,ABSTAIN,0.1141045216458765,0.235065108970046,0.4854166666666665
source,FULL,4,PhyGuard,779,nonphysical_goodput,ABSTAIN,0.0897716075494004,0.1715381035975804,0.5233333333333334
source,FULL,4,PhyGuard,175,adaptation_mismatch,interference,0.9509513442797546,0.9999989098585302,0.9509523809523808
source,FULL,4,PhyGuard,948,adaptation_mismatch,adaptation_mismatch,0.5472620877080606,0.9996642595331492,0.5474458874458873
source,FULL,4,PhyGuard,164,adaptation_mismatch,adaptation_mismatch,0.8616571203057172,0.9999889210511224,0.8616666666666667
source,FULL,4,PhyGuard,809,nonphysical_goodput,ABSTAIN,0.0429575006934821,0.0904527124621487,0.4749166666666667
source,FULL,4,PhyGuard,638,mobility,ABSTAIN,0.051596745617608,0.1275118161776723,0.404642857142857
source,FULL,4,PhyGuard,346,blockage,blockage,0.4267070880072595,0.7278585722938331,0.5862499999999998
source,FULL,4,PhyGuard,713,adaptation_mismatch,adaptation_mismatch,0.8248530704130091,0.9998219035309204,0.825
source,FULL,4,PhyGuard,719,adaptation_mismatch,adaptation_mismatch,0.9286341196225678,0.996745030006334,0.9316666666666664
source,FULL,4,PhyGuard,629,blockage,blockage,0.7845120003437117,0.8753271970362195,0.89625
source,FULL,4,PhyGuard,742,normal,ABSTAIN,0.0773374337985592,0.1501697743661343,0.5150000000000001
source,FULL,4,PhyGuard,154,adaptation_mismatch,adaptation_mismatch,0.8730909686237055,0.9997224831569148,0.8733333333333332
source,FULL,4,PhyGuard,110,mobility,mobility,0.9933601803466414,0.9966824551972993,0.9966666666666666
source,FULL,4,PhyGuard,51,blockage,blockage,0.7731741470907462,0.8802741712608116,0.8783333333333333
source,FULL,4,PhyGuard,501,nonphysical_goodput,ABSTAIN,0.0403832775061011,0.1056232192836125,0.3823333333333333
source,FULL,4,PhyGuard,555,interference,interference,0.7162996713370926,0.9983270680656344,0.7175
source,FULL,4,PhyGuard,1047,nonphysical_goodput,ABSTAIN,0.0066858170550312,0.0174716473563534,0.3826666666666666
source,FULL,4,PhyGuard,216,normal,ABSTAIN,0.1200377710959603,0.1838150172648011,0.6530357142857143
source,FULL,4,PhyGuard,979,adaptation_mismatch,adaptation_mismatch,0.7619165768458069,0.9999998821119636,0.7619166666666666
source,FULL,4,PhyGuard,509,nonphysical_goodput,ABSTAIN,0.2824067288050143,0.7908706524294449,0.3570833333333333
source,FULL,4,PhyGuard,1066,nonphysical_goodput,ABSTAIN,0.0464412811123514,0.1114590746696434,0.4166666666666667
source,FULL,4,PhyGuard,230,nonphysical_goodput,ABSTAIN,0.0086117934128033,0.0209617689561135,0.4108333333333333
source,FULL,4,PhyGuard,125,mobility,mobility,0.9649239834674156,0.9649239834674156,1.0
source,FULL,4,PhyGuard,798,nonphysical_goodput,ABSTAIN,0.058526529587392,0.1528440380954743,0.3829166666666667
source,FULL,4,PhyGuard,370,mobility,mobility,0.990366149183968,0.997012901863055,0.9933333333333332
source,FULL,4,PhyGuard,221,normal,ABSTAIN,0.0416731195390484,0.0865185872783013,0.4816666666666667
source,FULL,4,PhyGuard,534,nonphysical_goodput,ABSTAIN,0.0116988306740501,0.0305718571621519,0.3826666666666667
source,FULL,4,PhyGuard,240,nonphysical_goodput,ABSTAIN,0.04474591256466,0.071566196790393,0.6252380952380954
source,FULL,4,PhyGuard,1030,normal,blockage,0.3839804837406615,0.784968620934913,0.4891666666666666
source,FULL,4,PhyGuard,409,adaptation_mismatch,ABSTAIN,0.3029970124939369,0.4742355745307478,0.6389166666666667
source,FULL,4,PhyGuard,493,normal,ABSTAIN,0.0640500456587038,0.1198317037580988,0.5345
source,FULL,4,PhyGuard,961,adaptation_mismatch,interference,0.7288654178042564,0.999995019935607,0.7288690476190476
source,FULL,4,PhyGuard,704,adaptation_mismatch,adaptation_mismatch,0.7432404548887329,0.9549127900069372,0.7783333333333334
source,FULL,4,PhyGuard,16,interference,interference,0.870572344251347,0.9999999999184476,0.8705723443223444
source,FULL,4,PhyGuard,283,interference,blockage,0.4556873193855826,0.9740377329225136,0.4678333333333333
source,FULL,4,PhyGuard,932,mobility,mobility,0.9618883688989874,0.9618883688989874,1.0
source,FULL,4,PhyGuard,596,blockage,ABSTAIN,0.3021013212696643,0.411022205809067,0.7350000000000001
source,FULL,4,PhyGuard,818,interference,ABSTAIN,0.2595309856813067,0.7046090108994754,0.3683333333333333
source,FULL,4,PhyGuard,614,blockage,blockage,0.4945037940868823,0.798230498929592,0.6195
source,FULL,4,PhyGuard,890,blockage,blockage,0.7640884623707119,0.9984821461884508,0.7652500000000001
source,FULL,4,PhyGuard,883,blockage,blockage,0.5774676317258284,0.9975790450379348,0.5788690476190476
source,FULL,4,PhyGuard,186,normal,blockage,0.4789164407350018,0.9514896173543084,0.5033333333333333
source,FULL,4,PhyGuard,98,mobility,mobility,0.9887607756683632,0.99706968974961,0.9916666666666668
source,FULL,4,PhyGuard,584,interference,interference,0.8366619983450301,0.9999944203327056,0.8366666666666664
source,FULL,4,PhyGuard,89,blockage,blockage,0.9874836226401628,0.991577420849097,0.9958714285714286
source,FULL,4,PhyGuard,648,mobility,mobility,0.515213840915714,0.62261491349331,0.8275
source,FULL,4,PhyGuard,41,interference,interference,0.9760714282389495,0.9999999996593704,0.9760714285714286
source,FULL,4,PhyGuard,543,interference,ABSTAIN,0.2112206539814566,0.5356398663942266,0.3943333333333333
source,FULL,4,PhyGuard,911,mobility,mobility,0.9029510174574288,0.9268958263036056,0.9741666666666666
source,FULL,4,PhyGuard,775,nonphysical_goodput,ABSTAIN,0.0459685307851697,0.1141130263595441,0.4028333333333334
source,FULL,4,PhyGuard,814,interference,ABSTAIN,0.2110020945580601,0.5583296879154844,0.3779166666666667
source,FULL,4,PhyGuard,674,mobility,ABSTAIN,0.2091081173623231,0.2644149007742759,0.7908333333333332
source,FULL,4,PhyGuard,1022,normal,ABSTAIN,0.0377758811238851,0.0651776525501972,0.5795833333333335
source,FULL,4,PhyGuard,671,mobility,ABSTAIN,0.3065027272846166,0.3743544760728143,0.8187499999999999
source,FULL,4,PhyGuard,929,mobility,mobility,0.9930566498327252,0.9980468842539952,0.995
source,FULL,4,PhyGuard,778,nonphysical_goodput,ABSTAIN,0.0642599968783389,0.0832742940108063,0.7716666666666668
source,FULL,4,PhyGuard,792,nonphysical_goodput,ABSTAIN,0.0812182573938295,0.1700905914006901,0.4775000000000001
source,FULL,4,PhyGuard,867,blockage,ABSTAIN,0.0056002960269346,0.0121152969755211,0.46225
source,FULL,4,PhyGuard,1015,normal,ABSTAIN,0.2070474335218345,0.520655742301344,0.3976666666666667
source,FULL,4,PhyGuard,387,mobility,mobility,0.8729432471643183,0.957087159979152,0.9120833333333336
source,FULL,4,PhyGuard,971,adaptation_mismatch,adaptation_mismatch,0.8719740475520207,0.9999702380183724,0.872
source,FULL,4,PhyGuard,277,interference,ABSTAIN,0.2682457470371548,0.7822476219795522,0.3429166666666667
source,FULL,4,PhyGuard,206,normal,ABSTAIN,0.0307101144025444,0.0419012362513398,0.7329166666666665
source,FULL,4,PhyGuard,600,blockage,blockage,0.5320560108327992,0.6832179914385863,0.7787500000000002
source,FULL,4,PhyGuard,313,interference,ABSTAIN,0.4391622756155204,0.9999900014015646,0.4391666666666667
source,FULL,4,PhyGuard,1049,nonphysical_goodput,ABSTAIN,0.0264264067440487,0.0573967205300605,0.4604166666666666
source,FULL,4,PhyGuard,173,adaptation_mismatch,adaptation_mismatch,0.9866666557956724,0.9999999889821004,0.9866666666666666
source,FULL,4,PhyGuard,437,adaptation_mismatch,adaptation_mismatch,0.8194690528154643,0.9999992139377024,0.8194696969696972
source,FULL,4,PhyGuard,998,normal,ABSTAIN,0.0168747433986439,0.0276672934531667,0.6099166666666666
source,FULL,4,PhyGuard,137,adaptation_mismatch,adaptation_mismatch,0.819158706591452,0.999990282715913,0.8191666666666666
source,FULL,4,PhyGuard,762,normal,ABSTAIN,0.0732589606403556,0.1874429696554942,0.3908333333333333
source,FULL,4,PhyGuard,79,blockage,blockage,0.9669421799675704,0.997053186190524,0.9698000000000002
source,FULL,4,PhyGuard,687,adaptation_mismatch,adaptation_mismatch,0.3704202721183946,0.6363698304109859,0.5820833333333332
source,FULL,4,PhyGuard,451,normal,blockage,0.4460604279447042,0.5129588054946288,0.8695833333333333
source,FULL,4,PhyGuard,748,normal,ABSTAIN,0.1378714873783167,0.266203998156042,0.5179166666666668
source,FULL,4,PhyGuard,702,adaptation_mismatch,adaptation_mismatch,0.812937338697901,0.9503407758767474,0.8554166666666667
source,FULL,4,PhyGuard,431,adaptation_mismatch,adaptation_mismatch,0.6524324548579222,0.9695590660427328,0.6729166666666667
source,FULL,4,PhyGuard,129,mobility,mobility,0.9998302685984716,0.9998302685984716,1.0
source,FULL,4,PhyGuard,885,blockage,blockage,0.8390053994290387,0.9963448583026684,0.8420833333333333
source,FULL,4,PhyGuard,25,interference,interference,0.9816666184159109,0.9999999508481264,0.9816666666666668
source,FULL,4,PhyGuard,856,blockage,blockage,0.7258671523262212,0.8171112408925568,0.8883333333333332
source,FULL,4,PhyGuard,831,interference,interference,0.6840766549712886,0.999998938744194,0.6840773809523809
source,FULL,4,PhyGuard,1075,nonphysical_goodput,ABSTAIN,0.0166333907365017,0.0390684456523823,0.4257499999999999
source,FULL,4,PhyGuard,244,nonphysical_goodput,ABSTAIN,0.0222163907845361,0.0517562976925711,0.42925
source,FULL,4,PhyGuard,434,adaptation_mismatch,adaptation_mismatch,0.7422901896178935,0.9985966676473904,0.7433333333333334
source,FULL,4,PhyGuard,989,adaptation_mismatch,adaptation_mismatch,0.6761482680490991,0.9999999994835904,0.6761482683982686
source,FULL,4,PhyGuard,340,blockage,blockage,0.6374164941119339,0.8872077134283751,0.7184523809523811
source,FULL,4,PhyGuard,723,normal,ABSTAIN,0.1020932583691629,0.1539287725128728,0.66325
source,FULL,4,PhyGuard,588,blockage,ABSTAIN,0.0884676850330641,0.2093909704924595,0.4225000000000001
source,FULL,4,PhyGuard,338,blockage,blockage,0.6212385130126798,0.956487317956397,0.6495000000000001
source,FULL,4,PhyGuard,73,blockage,blockage,0.7441303836246582,0.7490706831300636,0.993404761904762
source,FULL,4,PhyGuard,624,blockage,blockage,0.8739515794808883,0.9558845400572218,0.914285714285714
source,FULL,4,PhyGuard,598,blockage,blockage,0.3887621452002596,0.6011785750519478,0.6466666666666667
source,FULL,4,PhyGuard,530,nonphysical_goodput,ABSTAIN,0.0275990913415904,0.052098331933158,0.52975
source,FULL,4,PhyGuard,942,mobility,mobility,0.9867001825254736,0.9975065029743628,0.9891666666666664
source,FULL,4,PhyGuard,38,interference,interference,0.9838461536199108,0.9999999997700424,0.9838461538461538
source,FULL,4,PhyGuard,294,interference,interference,0.7482412011102961,0.9552015333322929,0.7833333333333334
source,FULL,4,PhyGuard,721,normal,ABSTAIN,0.0330406605472562,0.0887990876969932,0.3720833333333332
source,FULL,4,PhyGuard,994,normal,ABSTAIN,0.0362987153188559,0.0654325647928904,0.55475
source,FULL,4,PhyGuard,1064,nonphysical_goodput,ABSTAIN,0.1446262803742668,0.2033409917388637,0.71125
source,FULL,4,PhyGuard,549,interference,ABSTAIN,0.2347152029608878,0.4099232186771436,0.5725833333333333
source,FULL,4,PhyGuard,391,mobility,mobility,0.9692011893138924,0.986046144278653,0.9829166666666664
source,FULL,4,PhyGuard,72,blockage,blockage,0.9892246611818548,0.9931475941788612,0.99605
source,FULL,4,PhyGuard,727,normal,ABSTAIN,0.0307520587128144,0.0499492020240624,0.6156666666666667
source,FULL,4,PhyGuard,32,interference,interference,0.9633333332841584,0.9999999999489532,0.9633333333333334
source,FULL,4,PhyGuard,655,mobility,mobility,0.579210183510319,0.6025593586583292,0.9612500000000002
source,FULL,4,PhyGuard,763,normal,ABSTAIN,0.0621184454508207,0.1259157678057177,0.4933333333333333
source,FULL,4,PhyGuard,177,adaptation_mismatch,adaptation_mismatch,0.9195833159618274,0.9999999811093728,0.9195833333333332
source,FULL,4,PhyGuard,990,normal,ABSTAIN,0.0259400748991428,0.0748271391321426,0.3466666666666668
source,FULL,4,PhyGuard,268,nonphysical_goodput,ABSTAIN,0.0154944223426407,0.0275048917324983,0.5633333333333335
source,FULL,4,PhyGuard,13,interference,interference,0.878118943378969,0.9997559127654296,0.8783333333333333
source,FULL,4,PhyGuard,393,mobility,mobility,0.9876531239983026,0.9976294181801036,0.99
source,FULL,4,PhyGuard,681,adaptation_mismatch,ABSTAIN,0.0757837723819911,0.2455860838735873,0.3085833333333333
source,FULL,4,PhyGuard,824,interference,ABSTAIN,0.0290453650567478,0.1004450664786667,0.2891666666666668
source,FULL,4,PhyGuard,899,blockage,blockage,0.850769105847404,0.9991807538138946,0.8514666666666665
source,FULL,4,PhyGuard,209,normal,ABSTAIN,0.0274378683852226,0.0718447925298847,0.3819047619047619
source,FULL,4,PhyGuard,843,interference,interference,0.8155833221869732,0.9999999863332664,0.8155833333333332
source,FULL,4,PhyGuard,632,mobility,ABSTAIN,0.128930142946052,0.3967081321416984,0.325
source,FULL,4,PhyGuard,222,normal,ABSTAIN,0.1047137905959772,0.1348969927162348,0.7762499999999999
source,FULL,4,PhyGuard,49,blockage,ABSTAIN,0.0668653495346271,0.0772531374858493,0.8655357142857143
source,FULL,4,PhyGuard,468,normal,ABSTAIN,0.136514319020459,0.2655059689214762,0.5141666666666668
source,FULL,4,PhyGuard,297,interference,interference,0.7926229325365107,0.9938845549047156,0.7975
source,FULL,4,PhyGuard,302,interference,interference,0.7576666497564366,0.9999999776811748,0.7576666666666665
source,FULL,4,PhyGuard,1013,normal,ABSTAIN,0.0756820608935267,0.1999777639212408,0.3784523809523809
source,FULL,4,PhyGuard,941,mobility,mobility,0.9915046692259926,0.9956532243273568,0.9958333333333332
source,FULL,4,PhyGuard,272,interference,interference,0.9282687628241064,0.9998406923875124,0.9284166666666666
source,FULL,4,PhyGuard,408,adaptation_mismatch,adaptation_mismatch,0.6039530630472478,0.9871202338010048,0.6118333333333331
source,FULL,4,PhyGuard,182,normal,ABSTAIN,0.0932226689959761,0.1902503448897471,0.4900000000000001
source,FULL,4,PhyGuard,332,blockage,blockage,0.661471197028171,0.7228252966094233,0.9151190476190476
source,FULL,4,PhyGuard,862,blockage,blockage,0.8891886511281362,0.9960480008156408,0.8927166666666666
source,FULL,4,PhyGuard,12,interference,interference,0.5969740009276885,0.9991893453005458,0.5974583333333332
source,FULL,4,PhyGuard,643,mobility,ABSTAIN,0.062544719834916,0.1159129942886475,0.5395833333333333
source,FULL,4,PhyGuard,781,nonphysical_goodput,ABSTAIN,0.1581459371090228,0.3941331765956954,0.40125
source,FULL,4,PhyGuard,442,adaptation_mismatch,adaptation_mismatch,0.788166652466995,0.9999999819839226,0.7881666666666667
source,FULL,4,PhyGuard,353,blockage,blockage,0.6367838523198927,0.9786637074588516,0.6506666666666666
source,FULL,4,PhyGuard,1051,nonphysical_goodput,ABSTAIN,0.0188920567991274,0.0343491941802317,0.5499999999999999
source,FULL,4,PhyGuard,382,mobility,mobility,0.9986523774648148,0.9986523774648148,1.0
source,FULL,4,PhyGuard,749,normal,ABSTAIN,0.1400801781805802,0.2849088369774513,0.4916666666666667
source,FULL,4,PhyGuard,321,blockage,blockage,0.4180009403948773,0.5964341598975658,0.7008333333333333
source,FULL,4,PhyGuard,66,blockage,blockage,0.8765199714599571,0.991084635921879,0.8844047619047619
source,FULL,4,PhyGuard,200,normal,ABSTAIN,0.0213116170592791,0.040918304753816,0.5208333333333333
source,FULL,4,PhyGuard,609,blockage,blockage,0.6587327613481031,0.7560777748615245,0.8712499999999999
source,FULL,4,PhyGuard,854,interference,interference,0.8333279533098369,0.999993543971804,0.8333333333333335
source,FULL,4,PhyGuard,455,normal,ABSTAIN,0.0398816516654208,0.1118177149497779,0.3566666666666667
source,FULL,4,PhyGuard,111,mobility,mobility,0.9985476370485692,0.9985476370485692,1.0
source,FULL,4,PhyGuard,675,adaptation_mismatch,adaptation_mismatch,0.3142353095024681,0.644585250261473,0.4875
source,FULL,4,PhyGuard,647,mobility,ABSTAIN,0.2044618089345128,0.2285553523254918,0.8945833333333332
source,FULL,4,PhyGuard,554,interference,interference,0.4694662222727063,0.7770475403134449,0.6041666666666667
source,FULL,4,PhyGuard,718,adaptation_mismatch,adaptation_mismatch,0.8259257741683098,0.9986004322438002,0.8270833333333334
source,FULL,4,PhyGuard,378,mobility,mobility,0.9864370354964944,0.996401045956055,0.99
source,FULL,4,PhyGuard,142,adaptation_mismatch,adaptation_mismatch,0.7019772423861383,0.9997641295428216,0.7021428571428572
source,FULL,4,PhyGuard,235,nonphysical_goodput,ABSTAIN,0.0465956353198731,0.0681056789084626,0.6841666666666668
source,FULL,4,PhyGuard,972,adaptation_mismatch,adaptation_mismatch,0.7884696717055742,0.9999999679580296,0.788469696969697
source,FULL,4,PhyGuard,829,interference,ABSTAIN,0.3354062708418806,0.8774526379120486,0.38225
source,FULL,4,PhyGuard,915,mobility,mobility,0.9825477281702332,0.9966671798852746,0.9858333333333332
source,FULL,4,PhyGuard,525,nonphysical_goodput,ABSTAIN,0.0123521372797886,0.0336876471266964,0.3666666666666668
source,FULL,4,PhyGuard,482,normal,ABSTAIN,0.0126049976401733,0.034534240110064,0.365
source,FULL,4,PhyGuard,1026,normal,ABSTAIN,0.0256416254084654,0.0680321078430541,0.376904761904762
source,FULL,4,PhyGuard,432,adaptation_mismatch,adaptation_mismatch,0.8212273473707817,0.9999724168898408,0.82125
source,FULL,4,PhyGuard,835,interference,interference,0.7372911660396465,0.9955866373130084,0.7405595238095237
source,FULL,4,PhyGuard,881,blockage,blockage,0.5251816496137585,0.7337257142213008,0.7157738095238095
source,FULL,4,PhyGuard,797,nonphysical_goodput,ABSTAIN,0.0255089931384513,0.0537597326416255,0.4745
source,FULL,4,PhyGuard,404,mobility,mobility,0.9588473155563072,0.997933025730762,0.9608333333333334
source,FULL,4,PhyGuard,567,interference,interference,0.4992151752368591,0.9607990541848132,0.5195833333333333
source,FULL,4,PhyGuard,1060,nonphysical_goodput,ABSTAIN,0.0175343284612782,0.0569450450704569,0.3079166666666666
source,FULL,4,PhyGuard,623,blockage,blockage,0.8080704160892174,0.937346060229155,0.8620833333333333
source,FULL,4,PhyGuard,242,nonphysical_goodput,ABSTAIN,0.0165405427147964,0.0341923363613363,0.48375
source,FULL,4,PhyGuard,47,blockage,blockage,0.7004585995587431,0.838872574321848,0.835
source,FULL,4,PhyGuard,93,mobility,mobility,0.9202159517449352,0.9240662276936584,0.9958333333333336
source,FULL,4,PhyGuard,369,mobility,mobility,0.7285914225589109,0.7440933677197387,0.9791666666666669
source,FULL,4,PhyGuard,101,mobility,mobility,0.9861850170485102,0.9911407206517692,0.995
source,FULL,4,PhyGuard,123,mobility,mobility,0.9992222830780636,0.9992222830780636,1.0
source,FULL,4,PhyGuard,310,interference,interference,0.9683333324432888,0.9999999990808488,0.9683333333333334
source,FULL,4,PhyGuard,557,interference,interference,0.3790836706205997,0.6535925355527582,0.58
source,FULL,4,PhyGuard,521,nonphysical_goodput,ABSTAIN,0.0064299827340465,0.0188011191053993,0.3419999999999998
source,FULL,4,PhyGuard,884,blockage,blockage,0.9761887891300928,0.9837637701603272,0.9923
source,FULL,4,PhyGuard,323,blockage,ABSTAIN,0.2599446437176027,0.7229051505472149,0.3595833333333333
source,FULL,4,PhyGuard,515,nonphysical_goodput,ABSTAIN,0.0329199056870683,0.0883755857370961,0.3725
source,FULL,4,PhyGuard,17,interference,interference,0.984833319939345,0.9999999863997412,0.9848333333333332
source,FULL,4,PhyGuard,147,adaptation_mismatch,adaptation_mismatch,0.7049243056967834,0.9993449576524304,0.7053863636363634
source,FULL,4,PhyGuard,10,interference,interference,0.965023911931792,0.9999384287351268,0.9650833333333332
source,FULL,4,PhyGuard,318,blockage,ABSTAIN,0.1100479910307042,0.2739784009063176,0.4016666666666666
source,FULL,4,PhyGuard,261,nonphysical_goodput,ABSTAIN,0.0119391704763263,0.0231828552938375,0.515
source,FULL,4,PhyGuard,1065,nonphysical_goodput,ABSTAIN,0.0407416081535195,0.0840755456306508,0.4845833333333334
source,FULL,4,PhyGuard,923,mobility,mobility,0.879504454898198,0.8951699286495653,0.9825
source,FULL,4,PhyGuard,264,nonphysical_goodput,ABSTAIN,0.0243647561864333,0.0771443467644327,0.3158333333333333
source,FULL,4,PhyGuard,581,interference,interference,0.865040550891499,0.9999780674999782,0.8650595238095238
source,FULL,4,PhyGuard,755,normal,ABSTAIN,0.0331872779400192,0.0757124211559374,0.4383333333333333
source,FULL,4,PhyGuard,661,mobility,mobility,0.8938765826454982,0.9742524061531316,0.9175
source,NO_PER_RAW,0,PhyGuard,795,nonphysical_goodput,ABSTAIN,0.0209530003966888,0.0568988469699629,0.3682500000000001
source,NO_PER_RAW,0,PhyGuard,98,mobility,mobility,0.9942149942373012,0.9992110494847248,0.995
source,NO_PER_RAW,0,PhyGuard,547,interference,interference,0.6076841375803331,0.951151872784914,0.6388928571428572
source,NO_PER_RAW,0,PhyGuard,902,mobility,mobility,0.978045101870887,0.988340313469528,0.9895833333333331
source,NO_PER_RAW,0,PhyGuard,968,adaptation_mismatch,adaptation_mismatch,0.6402497440266419,0.9999996001978008,0.6402500000000001
source,NO_PER_RAW,0,PhyGuard,125,mobility,mobility,0.9848143766450952,0.9848143766450952,1.0
source,NO_PER_RAW,0,PhyGuard,63,blockage,blockage,0.9685709847581648,0.9883377395491478,0.98
source,NO_PER_RAW,0,PhyGuard,519,nonphysical_goodput,ABSTAIN,0.2567440304800414,0.7683113131572312,0.3341666666666667
source,NO_PER_RAW,0,PhyGuard,712,adaptation_mismatch,adaptation_mismatch,0.7460572887991197,0.9908030163455224,0.752982456140351
source,NO_PER_RAW,0,PhyGuard,981,adaptation_mismatch,interference,0.4820988934094994,0.9997853856659166,0.4822023809523809
source,NO_PER_RAW,0,PhyGuard,600,blockage,blockage,0.5858025406441041,0.7217279761529002,0.8116666666666668
source,NO_PER_RAW,0,PhyGuard,32,interference,interference,0.9647222221999606,0.9999999999769243,0.964722222222222
source,NO_PER_RAW,0,PhyGuard,149,adaptation_mismatch,adaptation_mismatch,0.5220476026138053,0.9997719807477916,0.5221666666666668
source,NO_PER_RAW,0,PhyGuard,784,nonphysical_goodput,ABSTAIN,0.0537344494052793,0.0712107556999837,0.7545833333333334
source,NO_PER_RAW,0,PhyGuard,48,blockage,blockage,0.972299498899314,0.9879419125141212,0.9841666666666664
source,NO_PER_RAW,0,PhyGuard,131,mobility,mobility,0.9924107615528004,0.9999100872068516,0.9925
source,NO_PER_RAW,0,PhyGuard,107,mobility,mobility,0.886989600103851,0.993825882469301,0.8924999999999998
source,NO_PER_RAW,0,PhyGuard,614,blockage,blockage,0.5476889096871985,0.7156993266085575,0.7652499999999999
source,NO_PER_RAW,0,PhyGuard,128,mobility,ABSTAIN,0.2970541841258298,0.3856594406047774,0.7702500000000001
source,NO_PER_RAW,0,PhyGuard,214,normal,ABSTAIN,0.021933007979863,0.0749419407056822,0.2926666666666667
source,NO_PER_RAW,0,PhyGuard,550,interference,interference,0.4807643611194779,0.8253465426943828,0.5824999999999999
source,NO_PER_RAW,0,PhyGuard,79,blockage,blockage,0.9913565862074716,0.9963382775954486,0.995
source,NO_PER_RAW,0,PhyGuard,659,mobility,mobility,0.7436926562105891,0.7767025130136701,0.9575
source,NO_PER_RAW,0,PhyGuard,644,mobility,ABSTAIN,0.0887756777125531,0.113330652399004,0.7833333333333334
source,NO_PER_RAW,0,PhyGuard,527,nonphysical_goodput,ABSTAIN,0.0154921125317568,0.0360701106676526,0.4295
source,NO_PER_RAW,0,PhyGuard,743,normal,ABSTAIN,0.0514934501888872,0.1590531279965627,0.3237500000000001
source,NO_PER_RAW,0,PhyGuard,813,interference,adaptation_mismatch,0.5019056447646665,0.929454897712345,0.5400000000000001
source,NO_PER_RAW,0,PhyGuard,302,interference,interference,0.7463928477184895,0.9999999873734488,0.7463928571428571
source,NO_PER_RAW,0,PhyGuard,136,adaptation_mismatch,adaptation_mismatch,0.702391793179255,0.9910289850853689,0.70875
source,NO_PER_RAW,0,PhyGuard,436,adaptation_mismatch,adaptation_mismatch,0.8595815847008574,0.9999979657208232,0.8595833333333333
source,NO_PER_RAW,0,PhyGuard,73,blockage,blockage,0.8305731339844207,0.8410239346077353,0.987573717948718
source,NO_PER_RAW,0,PhyGuard,239,nonphysical_goodput,mobility,0.4990377666649496,0.7757063730543258,0.6433333333333334
source,NO_PER_RAW,0,PhyGuard,374,mobility,mobility,0.9842054065069296,0.9991933060984056,0.985
source,NO_PER_RAW,0,PhyGuard,767,nonphysical_goodput,ABSTAIN,0.0403843318947193,0.1052360440253272,0.3837499999999999
source,NO_PER_RAW,0,PhyGuard,931,mobility,mobility,0.5669383979569935,0.7903416328396752,0.7173333333333332
source,NO_PER_RAW,0,PhyGuard,884,blockage,blockage,0.9821438469173254,0.9854286089471492,0.9966666666666668
source,NO_PER_RAW,0,PhyGuard,386,mobility,mobility,0.994739977636869,0.9964006453791676,0.9983333333333332
source,NO_PER_RAW,0,PhyGuard,1004,normal,ABSTAIN,0.0090513536951633,0.0231887797484969,0.3903333333333333
source,NO_PER_RAW,0,PhyGuard,699,adaptation_mismatch,interference,0.4414545983419683,0.9829742509103838,0.4491008771929826
source,NO_PER_RAW,0,PhyGuard,385,mobility,mobility,0.8938348241119095,0.9973052430816286,0.8962499999999999
source,NO_PER_RAW,0,PhyGuard,938,mobility,mobility,0.9400996789576016,0.9507961354817716,0.98875
source,NO_PER_RAW,0,PhyGuard,267,nonphysical_goodput,ABSTAIN,0.1795910280633316,0.264981229160209,0.6777500000000001
source,NO_PER_RAW,0,PhyGuard,778,nonphysical_goodput,ABSTAIN,0.0488667389019388,0.0611726337182627,0.7988333333333334
source,NO_PER_RAW,0,PhyGuard,1061,nonphysical_goodput,ABSTAIN,0.0126182930512108,0.0323200675804759,0.3904166666666668
source,NO_PER_RAW,0,PhyGuard,660,mobility,mobility,0.6381996353996466,0.7201124235821119,0.8862499999999999
source,NO_PER_RAW,0,PhyGuard,403,mobility,ABSTAIN,0.4305997303528477,0.4436123595668074,0.9706666666666668
source,NO_PER_RAW,0,PhyGuard,551,interference,ABSTAIN,0.2096030172297283,0.4721674876584831,0.4439166666666667
source,NO_PER_RAW,0,PhyGuard,425,adaptation_mismatch,adaptation_mismatch,0.7116423408620741,0.999965818541556,0.7116666666666667
source,NO_PER_RAW,0,PhyGuard,462,normal,ABSTAIN,0.0507010434683034,0.0706634752171476,0.7175
source,NO_PER_RAW,0,PhyGuard,309,interference,interference,0.540332778357283,0.9999989729005854,0.5403333333333333
source,NO_PER_RAW,0,PhyGuard,954,adaptation_mismatch,interference,0.439123081983679,0.999900755940066,0.4391666666666667
source,NO_PER_RAW,0,PhyGuard,833,interference,interference,0.9863888684663096,0.9999999792956112,0.9863888888888888
source,NO_PER_RAW,0,PhyGuard,175,adaptation_mismatch,interference,0.9195817895818662,0.9999983212489708,0.9195833333333332
source,NO_PER_RAW,0,PhyGuard,229,nonphysical_goodput,ABSTAIN,0.0051960054039973,0.0113007820295365,0.4597916666666669
source,NO_PER_RAW,0,PhyGuard,407,adaptation_mismatch,adaptation_mismatch,0.5508329890682158,0.9999993750103768,0.5508333333333332
source,NO_PER_RAW,0,PhyGuard,450,normal,ABSTAIN,0.0783700982462682,0.1837876058149734,0.4264166666666667
source,NO_PER_RAW,0,PhyGuard,686,adaptation_mismatch,ABSTAIN,0.1989591085800645,0.5785096445264778,0.3439166666666667
source,NO_PER_RAW,0,PhyGuard,69,blockage,blockage,0.9925808960370966,0.9925808960370966,1.0
source,NO_PER_RAW,0,PhyGuard,317,blockage,blockage,0.3123115596037304,0.8328308256099477,0.375
source,NO_PER_RAW,0,PhyGuard,331,blockage,ABSTAIN,0.11677139054195,0.1954332896099581,0.5974999999999999
source,NO_PER_RAW,0,PhyGuard,203,normal,ABSTAIN,0.0161645885814928,0.0469105351820832,0.3445833333333333
source,NO_PER_RAW,0,PhyGuard,162,adaptation_mismatch,adaptation_mismatch,0.9293749730097955,0.999999970958758,0.9293749999999998
source,NO_PER_RAW,0,PhyGuard,1044,nonphysical_goodput,ABSTAIN,0.4379264981424899,0.5705882711954268,0.7674999999999998
source,NO_PER_RAW,0,PhyGuard,202,normal,ABSTAIN,0.1099728382738127,0.2291100797371098,0.48
source,NO_PER_RAW,0,PhyGuard,665,mobility,ABSTAIN,0.1294817834508239,0.1430737938683137,0.905
source,NO_PER_RAW,0,PhyGuard,218,normal,mobility,0.4902305373518049,0.8314864237769127,0.5895833333333335
source,NO_PER_RAW,0,PhyGuard,291,interference,interference,0.5019890608400858,0.9719052484803212,0.5165
source,NO_PER_RAW,0,PhyGuard,1018,normal,ABSTAIN,0.2266882769194488,0.5939430836317435,0.3816666666666667
source,NO_PER_RAW,0,PhyGuard,264,nonphysical_goodput,ABSTAIN,0.033268751470191,0.0963148414094795,0.3454166666666667
source,NO_PER_RAW,0,PhyGuard,694,adaptation_mismatch,adaptation_mismatch,0.7962973119429525,0.9876555807044372,0.80625
source,NO_PER_RAW,0,PhyGuard,353,blockage,blockage,0.6207039687063209,0.8867199552947443,0.6999999999999998
source,NO_PER_RAW,0,PhyGuard,1031,normal,ABSTAIN,0.0870834144311483,0.1733003272261658,0.5025
source,NO_PER_RAW,0,PhyGuard,118,mobility,mobility,0.6484540049873467,0.7218411929358219,0.8983333333333333
source,NO_PER_RAW,0,PhyGuard,101,mobility,mobility,0.9853777088830886,0.9953310190738268,0.99
source,NO_PER_RAW,0,PhyGuard,188,normal,ABSTAIN,0.0705660864168224,0.1765991735144671,0.3995833333333332
source,NO_PER_RAW,0,PhyGuard,1011,normal,ABSTAIN,0.2955651087232642,0.4716464500903153,0.6266666666666666
source,NO_PER_RAW,0,PhyGuard,186,normal,adaptation_mismatch,0.3542543566631353,0.785051205901685,0.45125
source,NO_PER_RAW,0,PhyGuard,38,interference,interference,0.9788888888092424,0.9999999999186358,0.9788888888888888
source,NO_PER_RAW,0,PhyGuard,703,adaptation_mismatch,ABSTAIN,0.5043275116528481,0.6242320928142524,0.8079166666666666
source,NO_PER_RAW,0,PhyGuard,1009,normal,ABSTAIN,0.0733947756359824,0.116886172213907,0.6279166666666666
source,NO_PER_RAW,0,PhyGuard,942,mobility,mobility,0.9983919316614712,0.9983919316614712,1.0
source,NO_PER_RAW,0,PhyGuard,764,normal,ABSTAIN,0.0550494251043204,0.1683039748412346,0.3270833333333333
source,NO_PER_RAW,0,PhyGuard,925,mobility,mobility,0.9168768729433848,0.921484294415462,0.995
source,NO_PER_RAW,0,PhyGuard,723,normal,ABSTAIN,0.1014013983355181,0.1491014312003697,0.6800833333333333
source,NO_PER_RAW,0,PhyGuard,419,adaptation_mismatch,adaptation_mismatch,0.5707391385536369,0.9505717782989092,0.6004166666666668
source,NO_PER_RAW,0,PhyGuard,894,blockage,blockage,0.6132881628756227,0.7858470853718603,0.7804166666666668
source,NO_PER_RAW,0,PhyGuard,906,mobility,ABSTAIN,0.5711072923902459,0.6278779210886808,0.9095833333333332
source,NO_PER_RAW,0,PhyGuard,333,blockage,blockage,0.673425650368684,0.8979008671582454,0.7499999999999999
source,NO_PER_RAW,0,PhyGuard,429,adaptation_mismatch,adaptation_mismatch,0.7426607275929333,0.9996554942361412,0.7429166666666667
source,NO_PER_RAW,0,PhyGuard,948,adaptation_mismatch,adaptation_mismatch,0.6631011790775948,0.9983957526889758,0.6641666666666667
source,NO_PER_RAW,0,PhyGuard,844,interference,interference,0.5661356059845504,0.9997979796636656,0.5662499999999998
source,NO_PER_RAW,0,PhyGuard,431,adaptation_mismatch,adaptation_mismatch,0.6868415348168256,0.9812021925954652,0.7
source,NO_PER_RAW,0,PhyGuard,1033,normal,ABSTAIN,0.0265047908258101,0.0735393040253691,0.3604166666666666
source,NO_PER_RAW,0,PhyGuard,992,normal,ABSTAIN,0.1253709021869064,0.3105161664071987,0.4037499999999999
source,NO_PER_RAW,0,PhyGuard,280,interference,ABSTAIN,0.1576869600321938,0.5043292964782319,0.3126666666666667
source,NO_PER_RAW,0,PhyGuard,587,blockage,ABSTAIN,0.1369920546491841,0.1774316951743346,0.7720833333333332
source,NO_PER_RAW,0,PhyGuard,482,normal,ABSTAIN,0.013530359685103,0.0416318759541633,0.3249999999999999
source,NO_PER_RAW,0,PhyGuard,619,blockage,blockage,0.9354598508212068,0.9774068968092716,0.9570833333333332
source,NO_PER_RAW,0,PhyGuard,351,blockage,blockage,0.7216611939358476,0.9752178296430374,0.74
source,NO_PER_RAW,0,PhyGuard,33,interference,interference,0.9724999989987908,0.9999999989704788,0.9725
source,NO_PER_RAW,0,PhyGuard,401,mobility,mobility,0.9754633094553578,0.9987678936402982,0.9766666666666666
source,NO_PER_RAW,0,PhyGuard,532,nonphysical_goodput,ABSTAIN,0.0570231755401858,0.1182440135618161,0.48225
source,NO_PER_RAW,0,PhyGuard,293,interference,interference,0.6573808135277384,0.9917476707756522,0.6628508771929826
source,NO_PER_RAW,0,PhyGuard,14,interference,interference,0.950637929160879,0.9997944916678831,0.9508333333333332
source,NO_PER_RAW,0,PhyGuard,790,nonphysical_goodput,ABSTAIN,0.0633320730815028,0.0823742550377232,0.7688333333333333
source,NO_PER_RAW,0,PhyGuard,1042,nonphysical_goodput,ABSTAIN,0.0361247374782641,0.0947534097790534,0.38125
source,NO_PER_RAW,0,PhyGuard,382,mobility,mobility,0.9968742345725832,0.9993726662381784,0.9975
source,NO_PER_RAW,0,PhyGuard,635,mobility,ABSTAIN,0.0423679508511969,0.0603818776976679,0.7016666666666667
source,NO_PER_RAW,0,PhyGuard,598,blockage,ABSTAIN,0.4194331112742892,0.5900583042545686,0.7108333333333334
source,NO_PER_RAW,0,PhyGuard,972,adaptation_mismatch,adaptation_mismatch,0.6284999099778068,0.999999856766598,0.6285
source,NO_PER_RAW,0,PhyGuard,595,blockage,ABSTAIN,0.1608955542367396,0.28414225913773,0.56625
source,NO_PER_RAW,0,PhyGuard,632,mobility,ABSTAIN,0.1544259234544705,0.3615826500397358,0.4270833333333334
source,NO_PER_RAW,0,PhyGuard,666,mobility,mobility,0.8555630948033769,0.9471178171255096,0.9033333333333332
source,NO_PER_RAW,0,PhyGuard,786,nonphysical_goodput,ABSTAIN,0.0725031082752201,0.2009324016865223,0.3608333333333333
source,NO_PER_RAW,0,PhyGuard,143,adaptation_mismatch,adaptation_mismatch,0.6461109310621539,0.9999997213343738,0.6461111111111113
source,NO_PER_RAW,0,PhyGuard,584,interference,interference,0.8470741114750799,0.9999891133990124,0.8470833333333332
source,NO_PER_RAW,0,PhyGuard,913,mobility,mobility,0.8545319555593771,0.9010881780942464,0.9483333333333336
source,NO_PER_RAW,0,PhyGuard,241,nonphysical_goodput,ABSTAIN,0.0079733328388103,0.0183224806713374,0.4351666666666666
source,NO_PER_RAW,0,PhyGuard,922,mobility,ABSTAIN,0.4479589636518417,0.5989423469439668,0.7479166666666666
source,NO_PER_RAW,0,PhyGuard,251,nonphysical_goodput,ABSTAIN,0.0182914905063877,0.0492147726629265,0.3716666666666666
source,NO_PER_RAW,0,PhyGuard,1055,nonphysical_goodput,ABSTAIN,0.0757311222447245,0.152863493176904,0.4954166666666667
source,NO_PER_RAW,0,PhyGuard,197,normal,ABSTAIN,0.0500791591274604,0.0768969813857358,0.65125
source,NO_PER_RAW,0,PhyGuard,172,adaptation_mismatch,adaptation_mismatch,0.8584185377334886,0.9998565836255148,0.8585416666666664
source,NO_PER_RAW,0,PhyGuard,888,blockage,ABSTAIN,0.3811756219053085,0.476717817911798,0.7995833333333333
source,NO_PER_RAW,0,PhyGuard,155,adaptation_mismatch,adaptation_mismatch,0.7802754731477247,0.9999970463979384,0.7802777777777778
source,NO_PER_RAW,0,PhyGuard,89,blockage,blockage,0.9925561223650844,0.9970107151114478,0.9955320512820514
source,NO_PER_RAW,0,PhyGuard,169,adaptation_mismatch,adaptation_mismatch,0.971874998478482,0.9999999984344508,0.971875
source,NO_PER_RAW,0,PhyGuard,508,nonphysical_goodput,ABSTAIN,0.0825250402362886,0.1883416665719787,0.4381666666666665
source,NO_PER_RAW,0,PhyGuard,287,interference,interference,0.4495828182159757,0.879953322229931,0.5109166666666668
source,NO_PER_RAW,0,PhyGuard,350,blockage,blockage,0.9987675119722258,0.9996005123992252,0.9991666666666668
source,NO_PER_RAW,0,PhyGuard,965,adaptation_mismatch,interference,0.4291271826869272,0.9999079984938106,0.4291666666666668
source,NO_PER_RAW,0,PhyGuard,717,adaptation_mismatch,adaptation_mismatch,0.7869013028503022,0.999980475929644,0.7869166666666666
source,NO_PER_RAW,0,PhyGuard,487,normal,ABSTAIN,0.2338647065696449,0.4516942666724189,0.5177499999999999
source,NO_PER_RAW,0,PhyGuard,581,interference,interference,0.8928788898314263,0.9999576927650132,0.8929166666666666
source,NO_PER_RAW,0,PhyGuard,442,adaptation_mismatch,adaptation_mismatch,0.9168748912750396,0.9999998814179027,0.916875
source,NO_PER_RAW,0,PhyGuard,1043,nonphysical_goodput,ABSTAIN,0.0070733615948664,0.0214615269629323,0.3295833333333334
source,NO_PER_RAW,0,PhyGuard,820,interference,ABSTAIN,0.1341677557073106,0.3020662417425379,0.4441666666666667
source,NO_PER_RAW,0,PhyGuard,1073,nonphysical_goodput,blockage,0.4317012238911946,0.9557960676557816,0.4516666666666666
source,NO_PER_RAW,0,PhyGuard,1034,normal,ABSTAIN,0.0517371285792142,0.1746400964699214,0.29625
source,NO_PER_RAW,0,PhyGuard,475,normal,ABSTAIN,0.0173934731503483,0.0387958508929703,0.4483333333333333
source,NO_PER_RAW,0,PhyGuard,273,interference,ABSTAIN,0.1109051432115095,0.1948553028606316,0.5691666666666668
source,NO_PER_RAW,0,PhyGuard,25,interference,interference,0.9929166497775572,0.999999982990406,0.9929166666666668
source,NO_PER_RAW,0,PhyGuard,441,adaptation_mismatch,adaptation_mismatch,0.8370702365443958,0.9999843542591093,0.8370833333333332
source,NO_PER_RAW,0,PhyGuard,11,interference,interference,0.9657906068212384,0.9999557620237154,0.9658333333333332
source,NO_PER_RAW,0,PhyGuard,1054,nonphysical_goodput,ABSTAIN,0.0513573240234662,0.1499483913093905,0.3424999999999999
source,NO_PER_RAW,0,PhyGuard,733,normal,ABSTAIN,0.0410648579017102,0.1333996466758319,0.3078333333333334
source,NO_PER_RAW,0,PhyGuard,748,normal,ABSTAIN,0.1300593482140311,0.2745799047446119,0.4736666666666667
source,NO_PER_RAW,0,PhyGuard,773,nonphysical_goodput,ABSTAIN,0.0601796363359154,0.1065912377905513,0.5645833333333333
source,NO_PER_RAW,0,PhyGuard,571,interference,interference,0.8603098590254192,0.9999727148687556,0.8603333333333332
source,NO_PER_RAW,0,PhyGuard,45,blockage,ABSTAIN,0.0456898905282813,0.0977323861567514,0.4675
source,NO_PER_RAW,0,PhyGuard,864,blockage,blockage,0.4916808111291753,0.7435626633333465,0.6612499999999999
source,NO_PER_RAW,0,PhyGuard,751,normal,ABSTAIN,0.0170653276060759,0.0306058782353776,0.5575833333333333
source,NO_PER_RAW,0,PhyGuard,753,normal,ABSTAIN,0.0619472010826422,0.1202858273449363,0.5150000000000001
source,NO_PER_RAW,0,PhyGuard,17,interference,interference,0.9905555523780184,0.9999999967921668,0.9905555555555556
source,NO_PER_RAW,0,PhyGuard,82,blockage,blockage,0.9895729710539778,0.9968094240845918,0.9927403846153848
source,NO_PER_RAW,0,PhyGuard,222,normal,ABSTAIN,0.0857324694925063,0.1165107173171094,0.7358333333333333
source,NO_PER_RAW,0,PhyGuard,415,adaptation_mismatch,ABSTAIN,0.165346828980378,0.3107536331659414,0.5320833333333335
source,NO_PER_RAW,0,PhyGuard,464,normal,ABSTAIN,0.0345907872415128,0.070894867104723,0.4879166666666666
source,NO_PER_RAW,0,PhyGuard,282,interference,ABSTAIN,0.249473180344196,0.6803814009387167,0.3666666666666666
source,NO_PER_RAW,0,PhyGuard,562,interference,interference,0.8386464798915543,0.997477229011056,0.840767543859649
source,NO_PER_RAW,0,PhyGuard,746,normal,ABSTAIN,0.0092160863352429,0.0250664179562364,0.3676666666666668
source,NO_PER_RAW,0,PhyGuard,802,nonphysical_goodput,ABSTAIN,0.043354024668841,0.1109271420098279,0.3908333333333333
source,NO_PER_RAW,0,PhyGuard,338,blockage,blockage,0.6587521712858617,0.9197237993519884,0.71625
source,NO_PER_RAW,0,PhyGuard,500,nonphysical_goodput,ABSTAIN,0.0066191772848132,0.0207389366626001,0.3191666666666666
source,NO_PER_RAW,0,PhyGuard,985,adaptation_mismatch,interference,0.4437417499038039,0.999981408233924,0.4437500000000001
source,NO_PER_RAW,0,PhyGuard,1067,nonphysical_goodput,ABSTAIN,0.005494069738907,0.0133324240377926,0.4120833333333333
source,NO_PER_RAW,0,PhyGuard,814,interference,ABSTAIN,0.2149649097702667,0.5080911792876109,0.4230833333333333
source,NO_PER_RAW,0,PhyGuard,103,mobility,mobility,0.8274323469633167,0.8333351375207555,0.9929166666666666
source,NO_PER_RAW,0,PhyGuard,476,normal,ABSTAIN,0.0119174881935305,0.0381359622192978,0.3125
source,NO_PER_RAW,0,PhyGuard,20,interference,interference,0.7339666591827047,0.9991605116497398,0.7345833333333333
source,NO_PER_RAW,0,PhyGuard,874,blockage,ABSTAIN,0.206808881264405,0.3342365757808566,0.61875
source,NO_PER_RAW,0,PhyGuard,706,adaptation_mismatch,adaptation_mismatch,0.8461445868304132,0.9960707024779494,0.8494824561403509
source,NO_PER_RAW,0,PhyGuard,835,interference,interference,0.8404174637562197,0.9982334128326138,0.841904761904762
source,NO_PER_RAW,0,PhyGuard,804,nonphysical_goodput,ABSTAIN,0.1324418257700257,0.2810436621114603,0.4712499999999999
source,NO_PER_RAW,0,PhyGuard,946,adaptation_mismatch,adaptation_mismatch,0.5271943603836542,0.99999984055069,0.5271944444444445
source,NO_PER_RAW,0,PhyGuard,856,blockage,ABSTAIN,0.5448171749782844,0.6202852087039291,0.8783333333333333
source,NO_PER_RAW,0,PhyGuard,518,nonphysical_goodput,ABSTAIN,0.0211434442195883,0.0532133663244674,0.3973333333333332
source,NO_PER_RAW,0,PhyGuard,6,interference,interference,0.95207432524673,0.9999321909409308,0.9521388888888888
source,NO_PER_RAW,0,PhyGuard,609,blockage,blockage,0.6976896864100092,0.7542591204432533,0.9249999999999998
source,NO_PER_RAW,0,PhyGuard,256,nonphysical_goodput,ABSTAIN,0.007003132662052,0.0213023046754433,0.32875
source,NO_PER_RAW,0,PhyGuard,243,nonphysical_goodput,ABSTAIN,0.0043217476655633,0.0148174205676456,0.2916666666666667
source,NO_PER_RAW,0,PhyGuard,620,blockage,blockage,0.8291246048388309,0.8614281608715126,0.9625
source,NO_PER_RAW,0,PhyGuard,999,normal,ABSTAIN,0.0318975563585786,0.0641694344179284,0.4970833333333332
source,NO_PER_RAW,0,PhyGuard,526,nonphysical_goodput,ABSTAIN,0.0233106348219228,0.0523834490380288,0.4449999999999998
source,NO_PER_RAW,0,PhyGuard,320,blockage,ABSTAIN,0.0894127779234721,0.1144483557420443,0.78125
source,NO_PER_RAW,0,PhyGuard,300,interference,interference,0.8543332731020291,0.9999999294990586,0.8543333333333334
source,NO_PER_RAW,0,PhyGuard,391,mobility,mobility,0.9505690313403958,0.9867498595229024,0.9633333333333332
source,NO_PER_RAW,0,PhyGuard,651,mobility,mobility,0.6564505154087282,0.8741018846987061,0.7509999999999999
source,NO_PER_RAW,0,PhyGuard,857,blockage,blockage,0.8825655240567875,0.9725239934510056,0.9075
source,NO_PER_RAW,0,PhyGuard,727,normal,ABSTAIN,0.0324054615244438,0.0441691888111456,0.7336666666666666
source,NO_PER_RAW,0,PhyGuard,845,interference,adaptation_mismatch,0.6009979868521089,0.9999966503362876,0.601
source,NO_PER_RAW,0,PhyGuard,360,mobility,ABSTAIN,0.3311081152865018,0.5150093821695427,0.6429166666666667
source,NO_PER_RAW,0,PhyGuard,489,normal,ABSTAIN,0.0397452266999146,0.0826304089395314,0.481
source,NO_PER_RAW,0,PhyGuard,840,interference,interference,0.992222220616892,0.9999999983820862,0.992222222222222
source,NO_PER_RAW,0,PhyGuard,154,adaptation_mismatch,adaptation_mismatch,0.8270678340309053,0.999477745052454,0.8274999999999997
source,NO_PER_RAW,0,PhyGuard,681,adaptation_mismatch,ABSTAIN,0.0803006261091123,0.2022261308099366,0.3970833333333333
source,NO_PER_RAW,0,PhyGuard,234,nonphysical_goodput,ABSTAIN,0.1203319448848923,0.2145591885020368,0.5608333333333335
source,NO_PER_RAW,0,PhyGuard,119,mobility,mobility,0.9924201542349316,0.997407190185861,0.995
source,NO_PER_RAW,0,PhyGuard,322,blockage,blockage,0.7804052448896215,0.9341509165761056,0.8354166666666665
source,NO_PER_RAW,0,PhyGuard,683,adaptation_mismatch,blockage,0.3912732324638908,0.8895943140520443,0.4398333333333334
source,NO_PER_RAW,0,PhyGuard,366,mobility,ABSTAIN,0.3541831310601303,0.3995297586690697,0.8865
source,NO_PER_RAW,0,PhyGuard,618,blockage,blockage,0.8515264667196919,0.9741008198890662,0.8741666666666665
source,NO_PER_RAW,0,PhyGuard,184,normal,ABSTAIN,0.0212715850899226,0.0588154426449474,0.3616666666666667
source,NO_PER_RAW,0,PhyGuard,57,blockage,ABSTAIN,0.2139432309152112,0.2959445269144133,0.7229166666666665
source,NO_PER_RAW,0,PhyGuard,899,blockage,blockage,0.9024523309660712,0.9976442166368358,0.9045833333333334
source,NO_PER_RAW,0,PhyGuard,837,interference,interference,0.7608769218329228,0.9989631358856756,0.7616666666666666
source,NO_PER_RAW,0,PhyGuard,872,blockage,blockage,0.9413298047588692,0.99831707088877,0.9429166666666668
source,NO_PER_RAW,0,PhyGuard,976,adaptation_mismatch,adaptation_mismatch,0.902416633777155,0.9999999635539624,0.9024166666666666
source,NO_PER_RAW,0,PhyGuard,556,interference,interference,0.813170281086921,0.990664301831782,0.8208333333333333
source,NO_PER_RAW,0,PhyGuard,523,nonphysical_goodput,ABSTAIN,0.0174226761546783,0.0326165544237347,0.5341666666666669
source,NO_PER_RAW,0,PhyGuard,564,interference,interference,0.6945705040184981,0.9662469334827242,0.7188333333333332
source,NO_PER_RAW,0,PhyGuard,497,nonphysical_goodput,ABSTAIN,0.0742490286289934,0.1062597905244986,0.6987499999999999
source,NO_PER_RAW,0,PhyGuard,646,mobility,ABSTAIN,0.6131444638764765,0.6482584640103716,0.9458333333333334
source,NO_PER_RAW,0,PhyGuard,1066,nonphysical_goodput,ABSTAIN,0.0987361612136076,0.2229646094398365,0.4428333333333333
source,NO_PER_RAW,0,PhyGuard,920,mobility,mobility,0.9802939464281892,0.9843955947396044,0.9958333333333332
source,NO_PER_RAW,0,PhyGuard,471,normal,ABSTAIN,0.0148296560741005,0.0311383854574289,0.4762499999999999
source,NO_PER_RAW,1,PhyGuard,536,nonphysical_goodput,ABSTAIN,0.0473566048790347,0.1519619533298244,0.3116346153846153
source,NO_PER_RAW,1,PhyGuard,794,nonphysical_goodput,ABSTAIN,0.0570949686601707,0.1099742574513722,0.5191666666666667
source,NO_PER_RAW,1,PhyGuard,966,adaptation_mismatch,ABSTAIN,0.5052496504937852,0.9999993082509356,0.50525
source,NO_PER_RAW,1,PhyGuard,91,mobility,mobility,0.9969852283915716,0.9994839382371644,0.9975
source,NO_PER_RAW,1,PhyGuard,563,interference,interference,0.8470154634737539,0.9911443746158018,0.8545833333333333
source,NO_PER_RAW,1,PhyGuard,49,blockage,ABSTAIN,0.0938696434039777,0.1129825196437044,0.8308333333333334
source,NO_PER_RAW,1,PhyGuard,881,blockage,blockage,0.2925596439585408,0.3361144784588309,0.8704166666666668
source,NO_PER_RAW,1,PhyGuard,40,interference,interference,0.9518787359145257,0.9999999454087402,0.9518787878787878
source,NO_PER_RAW,1,PhyGuard,19,interference,interference,0.8727110784165931,0.9935989507589296,0.8783333333333333
source,NO_PER_RAW,1,PhyGuard,747,normal,ABSTAIN,0.0965045121627307,0.2258925213640244,0.4272142857142856
source,NO_PER_RAW,1,PhyGuard,485,normal,ABSTAIN,0.2877015245473366,0.6170542081444218,0.46625
source,NO_PER_RAW,1,PhyGuard,1048,nonphysical_goodput,ABSTAIN,0.0214594681265481,0.0405238715378467,0.5295512820512822
source,NO_PER_RAW,1,PhyGuard,244,nonphysical_goodput,ABSTAIN,0.0290071290074792,0.0750415410110333,0.386547619047619
source,NO_PER_RAW,1,PhyGuard,902,mobility,mobility,0.9526275553641476,0.9829347088882004,0.9691666666666668
source,NO_PER_RAW,1,PhyGuard,887,blockage,blockage,0.4152989833250837,0.4759873734384913,0.8725
source,NO_PER_RAW,1,PhyGuard,60,blockage,blockage,0.9870208601996944,0.9870208601996944,1.0
source,NO_PER_RAW,1,PhyGuard,134,mobility,mobility,0.9971529113174532,0.9996520414210058,0.9975
source,NO_PER_RAW,1,PhyGuard,337,blockage,blockage,0.6766117219819134,0.9231673382011923,0.7329242424242425
source,NO_PER_RAW,1,PhyGuard,48,blockage,blockage,0.9690143157191612,0.9763368420344194,0.9925
source,NO_PER_RAW,1,PhyGuard,681,adaptation_mismatch,ABSTAIN,0.0628049443039268,0.1931469327645111,0.3251666666666666
source,NO_PER_RAW,1,PhyGuard,159,adaptation_mismatch,adaptation_mismatch,0.8316486105325758,0.999978289217526,0.8316666666666667
source,NO_PER_RAW,1,PhyGuard,631,mobility,ABSTAIN,0.0411266805017383,0.0590728811433803,0.6962023809523807
source,NO_PER_RAW,1,PhyGuard,628,blockage,blockage,0.8556105724712658,0.8782999888498879,0.9741666666666668
source,NO_PER_RAW,1,PhyGuard,163,adaptation_mismatch,adaptation_mismatch,0.918328289195262,0.9999945072906664,0.9183333333333332
source,NO_PER_RAW,1,PhyGuard,721,normal,ABSTAIN,0.0371765766359021,0.0824677704258902,0.450801282051282
source,NO_PER_RAW,1,PhyGuard,1043,nonphysical_goodput,ABSTAIN,0.0110113792079872,0.0249146357837288,0.4419642857142857
source,NO_PER_RAW,1,PhyGuard,543,interference,ABSTAIN,0.2119514621721212,0.5508809932998604,0.3847499999999999
source,NO_PER_RAW,1,PhyGuard,12,interference,ABSTAIN,0.5118907416595149,0.9996239056003542,0.5120833333333334
source,NO_PER_RAW,1,PhyGuard,5,interference,interference,0.9453774089724196,0.9999584757751464,0.9454166666666668
source,NO_PER_RAW,1,PhyGuard,42,interference,interference,0.923611110856863,0.9999999997247238,0.9236111111111112
source,NO_PER_RAW,1,PhyGuard,936,mobility,mobility,0.7000795446289717,0.7836711320473564,0.8933333333333333
source,NO_PER_RAW,1,PhyGuard,465,normal,ABSTAIN,0.0115011031372197,0.0335507089260795,0.3427976190476189
source,NO_PER_RAW,1,PhyGuard,236,nonphysical_goodput,ABSTAIN,0.0161523707619512,0.0442891837442109,0.3647023809523809
source,NO_PER_RAW,1,PhyGuard,573,interference,interference,0.8946733867995449,0.9987051759622828,0.8958333333333333
source,NO_PER_RAW,1,PhyGuard,508,nonphysical_goodput,ABSTAIN,0.1149663333812808,0.2241787456248569,0.5128333333333333
source,NO_PER_RAW,1,PhyGuard,586,blockage,ABSTAIN,0.1005884095271352,0.2616547454445136,0.3844318181818182
source,NO_PER_RAW,1,PhyGuard,741,normal,ABSTAIN,0.0488652759796164,0.1173940564074869,0.4162499999999998
source,NO_PER_RAW,1,PhyGuard,961,adaptation_mismatch,interference,0.7237249090520999,0.9999653320236268,0.72375
source,NO_PER_RAW,1,PhyGuard,854,interference,interference,0.8404046313227252,0.999985679313109,0.8404166666666666
source,NO_PER_RAW,1,PhyGuard,474,normal,ABSTAIN,0.0329000399604332,0.0462566466930519,0.71125
source,NO_PER_RAW,1,PhyGuard,384,mobility,mobility,0.9737839423452768,0.997899855520352,0.9758333333333332
source,NO_PER_RAW,1,PhyGuard,907,mobility,mobility,0.908228691568913,0.9600303280182296,0.9460416666666668
source,NO_PER_RAW,1,PhyGuard,853,interference,interference,0.6762428234293844,0.999989387695947,0.6762500000000001
source,NO_PER_RAW,1,PhyGuard,476,normal,ABSTAIN,0.0127743354482154,0.036792188501632,0.3472023809523809
source,NO_PER_RAW,1,PhyGuard,174,adaptation_mismatch,adaptation_mismatch,0.9508303528450658,0.9999968653935836,0.9508333333333332
source,NO_PER_RAW,1,PhyGuard,350,blockage,blockage,0.9926079253610453,0.9975959048854728,0.995
source,NO_PER_RAW,1,PhyGuard,713,adaptation_mismatch,adaptation_mismatch,0.8073048808308182,0.9982131447676268,0.80875
source,NO_PER_RAW,1,PhyGuard,997,normal,ABSTAIN,0.0006992035366863,0.0016093464058542,0.4344642857142856
source,NO_PER_RAW,1,PhyGuard,770,nonphysical_goodput,ABSTAIN,0.0279931702708025,0.0565042965937142,0.4954166666666668
source,NO_PER_RAW,1,PhyGuard,653,mobility,mobility,0.3745042084174129,0.4192211288254622,0.8933333333333333
source,NO_PER_RAW,1,PhyGuard,326,blockage,blockage,0.6433191618185103,0.9495485783299046,0.6775
source,NO_PER_RAW,1,PhyGuard,363,mobility,mobility,0.7957685827133848,0.8907857269179681,0.8933333333333333
source,NO_PER_RAW,1,PhyGuard,195,normal,ABSTAIN,0.1224880922676224,0.2610758627373836,0.4691666666666666
source,NO_PER_RAW,1,PhyGuard,824,interference,ABSTAIN,0.0275201019034592,0.100268425933228,0.2744642857142857
source,NO_PER_RAW,1,PhyGuard,947,adaptation_mismatch,ABSTAIN,0.4189081317541888,0.9349634144795372,0.448047619047619
source,NO_PER_RAW,1,PhyGuard,565,interference,interference,0.7175359733720033,0.9416482590183768,0.7620000000000001
source,NO_PER_RAW,1,PhyGuard,916,mobility,mobility,0.9900944837498312,0.9950698329144032,0.995
source,NO_PER_RAW,1,PhyGuard,15,interference,interference,0.9237496016689009,0.9999995687890672,0.92375
source,NO_PER_RAW,1,PhyGuard,604,blockage,blockage,0.6880395303180044,0.8235884652185587,0.8354166666666668
source,NO_PER_RAW,1,PhyGuard,392,mobility,mobility,0.8420492671980311,0.9974917281714092,0.8441666666666666
source,NO_PER_RAW,1,PhyGuard,655,mobility,mobility,0.5931373309238452,0.6500135133412003,0.9125
source,NO_PER_RAW,1,PhyGuard,864,blockage,blockage,0.4597365668716783,0.6366807619688563,0.7220833333333334
source,NO_PER_RAW,1,PhyGuard,987,adaptation_mismatch,adaptation_mismatch,0.96916666337646,0.9999999966051178,0.9691666666666668
source,NO_PER_RAW,1,PhyGuard,135,adaptation_mismatch,adaptation_mismatch,0.6440797837892783,0.9999944889987502,0.6440833333333333
source,NO_PER_RAW,1,PhyGuard,818,interference,ABSTAIN,0.2673121596962627,0.757973987796586,0.3526666666666667
source,NO_PER_RAW,1,PhyGuard,85,blockage,blockage,0.9675027195487078,0.9896601097844372,0.9776111111111112
source,NO_PER_RAW,1,PhyGuard,230,nonphysical_goodput,ABSTAIN,0.0120805805130773,0.0244097289621057,0.4949084249084248
source,NO_PER_RAW,1,PhyGuard,696,adaptation_mismatch,adaptation_mismatch,0.6120724899766458,0.750109727849272,0.8159772727272727
source,NO_PER_RAW,1,PhyGuard,554,interference,ABSTAIN,0.3971474004117132,0.8248128772828935,0.4815
source,NO_PER_RAW,1,PhyGuard,753,normal,ABSTAIN,0.0779926646299446,0.1164152361382356,0.6699523809523811
source,NO_PER_RAW,1,PhyGuard,911,mobility,mobility,0.9293939359673716,0.9443460822699796,0.9841666666666667
source,NO_PER_RAW,1,PhyGuard,441,adaptation_mismatch,adaptation_mismatch,0.852468154980078,0.9999626451379212,0.8525000000000001
source,NO_PER_RAW,1,PhyGuard,361,mobility,mobility,0.9169125689438542,0.9658554357354486,0.949326923076923
source,NO_PER_RAW,1,PhyGuard,197,normal,ABSTAIN,0.0496210221389742,0.0743386099460288,0.6675000000000001
source,NO_PER_RAW,1,PhyGuard,892,blockage,blockage,0.2645056972003899,0.4585478714829064,0.5768333333333334
source,NO_PER_RAW,1,PhyGuard,272,interference,interference,0.900763838247916,0.9999228546692872,0.9008333333333332
source,NO_PER_RAW,1,PhyGuard,432,adaptation_mismatch,adaptation_mismatch,0.8516273880476818,0.9999538802908202,0.8516666666666666
source,NO_PER_RAW,1,PhyGuard,577,interference,interference,0.8956848991287903,0.9998343060042312,0.8958333333333331
source,NO_PER_RAW,1,PhyGuard,518,nonphysical_goodput,ABSTAIN,0.0328928562788894,0.0765395143196962,0.4297500000000001
source,NO_PER_RAW,1,PhyGuard,848,interference,adaptation_mismatch,0.5602497975869721,0.999999638709455,0.56025
source,NO_PER_RAW,1,PhyGuard,320,blockage,ABSTAIN,0.0729498565713958,0.0944334712898327,0.7725000000000002
source,NO_PER_RAW,1,PhyGuard,399,mobility,mobility,0.618321784415567,0.6695463739897162,0.9234935897435896
source,NO_PER_RAW,1,PhyGuard,103,mobility,mobility,0.8138064642916137,0.817211512259361,0.9958333333333336
source,NO_PER_RAW,1,PhyGuard,1009,normal,ABSTAIN,0.0786747927927357,0.1479776666948007,0.5316666666666667
source,NO_PER_RAW,1,PhyGuard,719,adaptation_mismatch,adaptation_mismatch,0.8957316825315157,0.9793877166631608,0.9145833333333332
source,NO_PER_RAW,1,PhyGuard,270,interference,interference,0.9021990722528512,0.9996665620530206,0.9025
source,NO_PER_RAW,1,PhyGuard,181,normal,ABSTAIN,0.068353252012946,0.0914934773179422,0.7470833333333333
source,NO_PER_RAW,1,PhyGuard,303,interference,interference,0.7857325187931342,0.999871710023076,0.7858333333333336
source,NO_PER_RAW,1,PhyGuard,1003,normal,ABSTAIN,0.1067912298707849,0.21898406672068,0.4876666666666666
source,NO_PER_RAW,1,PhyGuard,827,interference,ABSTAIN,0.1079012012613136,0.2452259198509733,0.4400073260073259
source,NO_PER_RAW,1,PhyGuard,674,mobility,mobility,0.2970592432843184,0.3468943305999756,0.8563392857142857
source,NO_PER_RAW,1,PhyGuard,594,blockage,blockage,0.3058614081956534,0.5461810860636666,0.5600000000000002
source,NO_PER_RAW,1,PhyGuard,792,nonphysical_goodput,ABSTAIN,0.04334280036814,0.0899850526674188,0.4816666666666667
source,NO_PER_RAW,1,PhyGuard,451,normal,blockage,0.1855794565979093,0.2368595489443642,0.7835
source,NO_PER_RAW,1,PhyGuard,867,blockage,ABSTAIN,0.0070923822993681,0.0182614061165682,0.3883809523809524
source,NO_PER_RAW,1,PhyGuard,1021,normal,ABSTAIN,0.0578121827737297,0.1130800641050949,0.51125
source,NO_PER_RAW,1,PhyGuard,327,blockage,ABSTAIN,0.060409147482862,0.1015279789627933,0.595
source,NO_PER_RAW,1,PhyGuard,116,mobility,mobility,0.965465794642388,0.9686947772331652,0.9966666666666666
source,NO_PER_RAW,1,PhyGuard,53,blockage,blockage,0.6064681125106228,0.7164419521684853,0.8465
source,NO_PER_RAW,1,PhyGuard,762,normal,ABSTAIN,0.1018073706493155,0.2311614849180297,0.4404166666666665
source,NO_PER_RAW,1,PhyGuard,364,mobility,ABSTAIN,0.4728585129874968,0.8749765015468991,0.5404242424242424
source,NO_PER_RAW,1,PhyGuard,823,interference,ABSTAIN,0.0998487413850381,0.2741841868696699,0.3641666666666666
source,NO_PER_RAW,1,PhyGuard,894,blockage,blockage,0.4821328423179681,0.6124266018646786,0.7872499999999999
source,NO_PER_RAW,1,PhyGuard,603,blockage,blockage,0.5046377108597881,0.5565126389946462,0.9067857142857144
source,NO_PER_RAW,1,PhyGuard,89,blockage,blockage,0.9877373105966047,0.9909303082565424,0.9967777777777778
source,NO_PER_RAW,1,PhyGuard,375,mobility,mobility,0.9926193075167582,0.9984435616262448,0.9941666666666664
source,NO_PER_RAW,1,PhyGuard,291,interference,ABSTAIN,0.4325508169992811,0.9662183286896348,0.4476739926739927
source,NO_PER_RAW,1,PhyGuard,97,mobility,mobility,0.3874926268740361,0.6092917478691985,0.6359722222222222
source,NO_PER_RAW,1,PhyGuard,282,interference,ABSTAIN,0.2673687082272195,0.6982425459687996,0.3829166666666666
source,NO_PER_RAW,1,PhyGuard,343,blockage,blockage,0.9767228439697736,0.9824538246133516,0.9941666666666664
source,NO_PER_RAW,1,PhyGuard,114,mobility,mobility,0.9761963354941808,0.9995184322466016,0.9766666666666668
source,NO_PER_RAW,1,PhyGuard,480,normal,ABSTAIN,0.0130264848515371,0.0257595187749059,0.5056959706959708
source,NO_PER_RAW,1,PhyGuard,861,blockage,blockage,0.1919264128235654,0.2298061219200543,0.8351666666666666
source,NO_PER_RAW,1,PhyGuard,408,adaptation_mismatch,adaptation_mismatch,0.5551705210655985,0.991375930474283,0.56
source,NO_PER_RAW,1,PhyGuard,836,interference,interference,0.9349969493998554,0.9999967373260484,0.935
source,NO_PER_RAW,1,PhyGuard,346,blockage,blockage,0.4736341654215081,0.6778306481882048,0.69875
source,NO_PER_RAW,1,PhyGuard,703,adaptation_mismatch,adaptation_mismatch,0.4974707092279041,0.6272795615192708,0.793060606060606
source,NO_PER_RAW,1,PhyGuard,664,mobility,mobility,0.4791804507911811,0.5651588661116619,0.8478685897435899
source,NO_PER_RAW,1,PhyGuard,643,mobility,ABSTAIN,0.0889044634766072,0.1472653848678788,0.6037023809523812
source,NO_PER_RAW,1,PhyGuard,214,normal,ABSTAIN,0.0264736122865962,0.0802838886629149,0.3297499999999999
source,NO_PER_RAW,1,PhyGuard,209,normal,ABSTAIN,0.0452171937583078,0.0876585339417923,0.5158333333333333
source,NO_PER_RAW,1,PhyGuard,1063,nonphysical_goodput,ABSTAIN,0.0153399797939788,0.0263859588961651,0.5813690476190477
source,NO_PER_RAW,1,PhyGuard,2,interference,interference,0.9225658532222838,0.9998907368738624,0.9226666666666667
source,NO_PER_RAW,1,PhyGuard,168,adaptation_mismatch,adaptation_mismatch,0.917915940729036,0.9999992091464758,0.9179166666666668
source,NO_PER_RAW,1,PhyGuard,665,mobility,ABSTAIN,0.1340899761792634,0.1494385617971824,0.8972916666666667
source,NO_PER_RAW,1,PhyGuard,407,adaptation_mismatch,adaptation_mismatch,0.6216660375603277,0.9999989880326988,0.6216666666666667
source,NO_PER_RAW,1,PhyGuard,990,normal,ABSTAIN,0.02615851756416,0.0718311695125676,0.3641666666666667
source,NO_PER_RAW,1,PhyGuard,41,interference,interference,0.9777121197593074,0.999999998514068,0.9777121212121213
source,NO_PER_RAW,1,PhyGuard,130,mobility,mobility,0.9965521784518988,0.9998851288815038,0.9966666666666666
source,NO_PER_RAW,1,PhyGuard,751,normal,ABSTAIN,0.017813960098423,0.0362660296228286,0.491202380952381
source,NO_PER_RAW,1,PhyGuard,217,normal,ABSTAIN,0.0300920580758011,0.0485682174727119,0.6195833333333334
source,NO_PER_RAW,1,PhyGuard,984,adaptation_mismatch,interference,0.7987499967715765,0.9999999959581554,0.79875
source,NO_PER_RAW,1,PhyGuard,194,normal,ABSTAIN,0.0123299431966969,0.0302045852587502,0.4082142857142856
source,NO_PER_RAW,1,PhyGuard,153,adaptation_mismatch,adaptation_mismatch,0.9520805620248534,0.999997089216476,0.9520833333333334
source,NO_PER_RAW,1,PhyGuard,1071,nonphysical_goodput,ABSTAIN,0.0435631892930845,0.0929442457803739,0.468702380952381
source,NO_PER_RAW,1,PhyGuard,395,mobility,mobility,0.5417992449385025,0.6127795418720104,0.8841666666666665
source,NO_PER_RAW,1,PhyGuard,1010,normal,ABSTAIN,0.0028669385097498,0.0087952534538178,0.3259642857142857
source,NO_PER_RAW,1,PhyGuard,110,mobility,mobility,0.9947942075129036,0.9989565263727904,0.9958333333333332
source,NO_PER_RAW,1,PhyGuard,228,nonphysical_goodput,ABSTAIN,0.0193189557174625,0.0474436640207553,0.4071978021978022
source,NO_PER_RAW,1,PhyGuard,915,mobility,mobility,0.9801398696005426,0.9975978316544962,0.9825
source,NO_PER_RAW,1,PhyGuard,167,adaptation_mismatch,adaptation_mismatch,0.7257927158064204,0.9999440401466182,0.7258333333333333
source,NO_PER_RAW,1,PhyGuard,532,nonphysical_goodput,ABSTAIN,0.0575215221807357,0.0977010992454109,0.5887499999999999
source,NO_PER_RAW,1,PhyGuard,629,blockage,blockage,0.8114393392009746,0.8257923975391551,0.9826190476190476
source,NO_PER_RAW,1,PhyGuard,294,interference,interference,0.7415044910734435,0.9712517893368042,0.763452380952381
source,NO_PER_RAW,1,PhyGuard,334,blockage,blockage,0.7831556092264053,0.9830311657162398,0.7966742424242425
source,NO_PER_RAW,1,PhyGuard,950,adaptation_mismatch,ABSTAIN,0.5303316608059737,0.9840698824295168,0.5389166666666667
source,NO_PER_RAW,1,PhyGuard,141,adaptation_mismatch,adaptation_mismatch,0.7845823510312885,0.9999987479952696,0.7845833333333333
source,NO_PER_RAW,1,PhyGuard,1075,nonphysical_goodput,ABSTAIN,0.0237886202461684,0.0473843186236547,0.5020357142857144
source,NO_PER_RAW,1,PhyGuard,1069,nonphysical_goodput,ABSTAIN,0.0096550234694436,0.0267487457596724,0.3609523809523809
source,NO_PER_RAW,1,PhyGuard,808,nonphysical_goodput,ABSTAIN,0.0328460784223022,0.0697069449350291,0.4712023809523811
source,NO_PER_RAW,1,PhyGuard,540,interference,adaptation_mismatch,0.5867181950083302,0.9695150564720412,0.6051666666666667
source,NO_PER_RAW,1,PhyGuard,434,adaptation_mismatch,adaptation_mismatch,0.791246709779432,0.9973698022429816,0.7933333333333333
source,NO_PER_RAW,1,PhyGuard,787,nonphysical_goodput,mobility,0.3304396906815673,0.4320918766355324,0.7647440476190477
source,NO_PER_RAW,1,PhyGuard,746,normal,ABSTAIN,0.0117192381567933,0.0318529689425866,0.3679166666666667
source,NO_PER_RAW,1,PhyGuard,520,nonphysical_goodput,ABSTAIN,0.0407300420026181,0.0621832702330047,0.6550000000000001
source,NO_PER_RAW,1,PhyGuard,25,interference,interference,0.9873333007131518,0.9999999669613288,0.9873333333333332
source,NO_PER_RAW,1,PhyGuard,683,adaptation_mismatch,ABSTAIN,0.3752741174336775,0.8665171077937522,0.4330833333333334
source,NO_PER_RAW,1,PhyGuard,129,mobility,mobility,0.999916590232767,0.999916590232767,1.0
source,NO_PER_RAW,1,PhyGuard,795,nonphysical_goodput,ABSTAIN,0.021486350526937,0.048878901672653,0.4395833333333331
source,NO_PER_RAW,1,PhyGuard,461,normal,ABSTAIN,0.0089482647504716,0.026135404695397,0.3423809523809524
source,NO_PER_RAW,1,PhyGuard,630,mobility,ABSTAIN,0.0755077561439346,0.0953137202808702,0.7922023809523808
source,NO_PER_RAW,1,PhyGuard,242,nonphysical_goodput,ABSTAIN,0.0210748770004102,0.0536799270493419,0.3926025641025641
source,NO_PER_RAW,1,PhyGuard,568,interference,interference,0.8367175142056894,0.9863074823642706,0.8483333333333332
source,NO_PER_RAW,1,PhyGuard,185,normal,ABSTAIN,0.0448222294992603,0.0610865137979698,0.73375
source,NO_PER_RAW,1,PhyGuard,601,blockage,blockage,0.6972655544033654,0.8793680139611544,0.7929166666666667
source,NO_PER_RAW,1,PhyGuard,412,adaptation_mismatch,adaptation_mismatch,0.6120808405943091,0.9881931379458028,0.6193939393939393
source,NO_PER_RAW,1,PhyGuard,943,mobility,mobility,0.9770554742693556,0.990258926624347,0.9866666666666668
source,NO_PER_RAW,1,PhyGuard,876,blockage,blockage,0.9737958733547488,0.9737958733547488,1.0
source,NO_PER_RAW,1,PhyGuard,521,nonphysical_goodput,ABSTAIN,0.0088972260501702,0.0237026097559321,0.3753690476190476
source,NO_PER_RAW,1,PhyGuard,1032,normal,ABSTAIN,0.0165898814770965,0.0378836494243879,0.4379166666666666
source,NO_PER_RAW,1,PhyGuard,1044,nonphysical_goodput,blockage,0.3528430146817128,0.4726631141081216,0.7465
source,NO_PER_RAW,1,PhyGuard,884,blockage,blockage,0.9555120536928976,0.9619248862680178,0.9933333333333332
source,NO_PER_RAW,1,PhyGuard,1050,nonphysical_goodput,ABSTAIN,0.0135760073563647,0.0301888714211685,0.4497023809523811
source,NO_PER_RAW,1,PhyGuard,593,blockage,blockage,0.2868539250557646,0.3854700000749357,0.7441666666666665
source,NO_PER_RAW,1,PhyGuard,388,mobility,mobility,0.629984617961496,0.6315635267784421,0.9975
source,NO_PER_RAW,1,PhyGuard,659,mobility,mobility,0.786875820472497,0.8232353832319063,0.9558333333333332
source,NO_PER_RAW,1,PhyGuard,579,interference,interference,0.8564920816021575,0.9997962042048534,0.8566666666666665
source,NO_PER_RAW,1,PhyGuard,720,normal,ABSTAIN,0.0481796729572367,0.1190846705431187,0.4045833333333333
source,NO_PER_RAW,1,PhyGuard,981,adaptation_mismatch,ABSTAIN,0.475234814033775,0.9996174878887468,0.4754166666666666
source,NO_PER_RAW,1,PhyGuard,304,interference,interference,0.7590405290490762,0.9998338472655228,0.7591666666666669
source,NO_PER_RAW,1,PhyGuard,531,nonphysical_goodput,ABSTAIN,0.2076743675305756,0.4660797199650381,0.445576923076923
source,NO_PER_RAW,1,PhyGuard,500,nonphysical_goodput,ABSTAIN,0.0077289508313685,0.0190384994526541,0.4059642857142858
source,NO_PER_RAW,1,PhyGuard,930,mobility,mobility,0.938527848294518,0.972567718439915,0.965
source,NO_PER_RAW,1,PhyGuard,355,blockage,blockage,0.8115975038317165,0.9110542606155844,0.8908333333333333
source,NO_PER_RAW,1,PhyGuard,427,adaptation_mismatch,ABSTAIN,0.4825033644718737,0.9991441542126808,0.4829166666666666
source,NO_PER_RAW,1,PhyGuard,1064,nonphysical_goodput,ABSTAIN,0.0442746829199843,0.0695869279685411,0.6362500000000001
source,NO_PER_RAW,1,PhyGuard,146,adaptation_mismatch,adaptation_mismatch,0.7247908414569201,0.9993668961832748,0.7252500000000001
source,NO_PER_RAW,1,PhyGuard,1005,normal,ABSTAIN,0.0275884641512895,0.0506254585090073,0.5449523809523812
source,NO_PER_RAW,1,PhyGuard,268,nonphysical_goodput,ABSTAIN,0.0191800213052612,0.0286625474051227,0.6691666666666667
source,NO_PER_RAW,1,PhyGuard,452,normal,ABSTAIN,0.0138024297090719,0.0348430982888667,0.3961309523809522
source,NO_PER_RAW,1,PhyGuard,248,nonphysical_goodput,ABSTAIN,0.0240183139853075,0.0437098710884652,0.5494940476190479
source,NO_PER_RAW,1,PhyGuard,298,interference,interference,0.8622950909487779,0.9999995783386372,0.8622954545454544
source,NO_PER_RAW,1,PhyGuard,773,nonphysical_goodput,ABSTAIN,0.0782779264349611,0.1088903837134509,0.7188690476190479
source,NO_PER_RAW,1,PhyGuard,306,interference,ABSTAIN,0.4799616231720784,0.9999200482751632,0.4800000000000001
source,NO_PER_RAW,1,PhyGuard,491,normal,ABSTAIN,0.0360813674244294,0.0954112845070853,0.3781666666666666
source,NO_PER_RAW,1,PhyGuard,74,blockage,blockage,0.6548623027976335,0.6916747711745922,0.946777777777778
source,NO_PER_RAW,1,PhyGuard,956,adaptation_mismatch,adaptation_mismatch,0.5672393283175657,0.9971977644024008,0.5688333333333333
source,NO_PER_RAW,1,PhyGuard,1031,normal,ABSTAIN,0.0578041251155952,0.1218945250215896,0.4742142857142856
source,NO_PER_RAW,1,PhyGuard,835,interference,interference,0.7984350858353825,0.9981289251003448,0.7999318181818181
source,NO_PER_RAW,1,PhyGuard,768,nonphysical_goodput,blockage,0.1666407939958941,0.2608857831638265,0.6387499999999998
source,NO_PER_RAW,1,PhyGuard,695,adaptation_mismatch,ABSTAIN,0.3685679456917963,0.8845630696603111,0.4166666666666667
source,NO_PER_RAW,1,PhyGuard,627,blockage,blockage,0.8650784644095323,0.9289433174867462,0.93125
source,NO_PER_RAW,1,PhyGuard,263,nonphysical_goodput,ABSTAIN,0.0684675456731536,0.1131472326685994,0.6051190476190477
source,NO_PER_RAW,1,PhyGuard,507,nonphysical_goodput,ABSTAIN,0.047320892459083,0.0754618883068433,0.6270833333333335
source,NO_PER_RAW,1,PhyGuard,439,adaptation_mismatch,adaptation_mismatch,0.8069192813230162,0.9992808437436732,0.8075
source,NO_PER_RAW,1,PhyGuard,212,normal,ABSTAIN,0.0449407692021446,0.0928811223425042,0.4838525641025641
source,NO_PER_RAW,1,PhyGuard,75,blockage,blockage,0.9916765129828744,0.9949931568390044,0.9966666666666668
source,NO_PER_RAW,1,PhyGuard,67,blockage,blockage,0.6560811364073026,0.6929621203691729,0.946777777777778
source,NO_PER_RAW,1,PhyGuard,734,normal,ABSTAIN,0.0389857573651715,0.0825906942744044,0.4720357142857144
source,NO_PER_RAW,1,PhyGuard,711,adaptation_mismatch,adaptation_mismatch,0.6480689676540016,0.8825542792180691,0.7343106060606059
source,NO_PER_RAW,1,PhyGuard,802,nonphysical_goodput,ABSTAIN,0.0378933765909148,0.1098358741765646,0.345
source,NO_PER_RAW,1,PhyGuard,685,adaptation_mismatch,ABSTAIN,0.4580326134549061,0.8551064984944149,0.5356439393939394
source,NO_PER_RAW,1,PhyGuard,448,adaptation_mismatch,adaptation_mismatch,0.8057863084649565,0.9999416444239376,0.8058333333333333
source,NO_PER_RAW,1,PhyGuard,965,adaptation_mismatch,ABSTAIN,0.4476881149742444,0.9998352030691408,0.4477619047619048
source,NO_PER_RAW,1,PhyGuard,265,nonphysical_goodput,ABSTAIN,0.0176801192385276,0.0342748676675818,0.5158333333333334
source,NO_PER_RAW,1,PhyGuard,926,mobility,mobility,0.93084192174661,0.9867582209328024,0.9433333333333332
source,NO_PER_RAW,2,PhyGuard,665,mobility,ABSTAIN,0.2112782254455349,0.2284088923735513,0.9249999999999998
source,NO_PER_RAW,2,PhyGuard,380,mobility,mobility,0.9967788420481912,0.9984429135708092,0.9983333333333334
source,NO_PER_RAW,2,PhyGuard,160,adaptation_mismatch,adaptation_mismatch,0.962477633364078,0.9999767619367044,0.9625
source,NO_PER_RAW,2,PhyGuard,720,normal,ABSTAIN,0.0489531035958129,0.0963960031423949,0.5078333333333335
source,NO_PER_RAW,2,PhyGuard,813,interference,adaptation_mismatch,0.5183362992462328,0.8906121980175823,0.582
source,NO_PER_RAW,2,PhyGuard,874,blockage,ABSTAIN,0.1796171735822817,0.327569313523918,0.5483333333333333
source,NO_PER_RAW,2,PhyGuard,515,nonphysical_goodput,ABSTAIN,0.0308831582087881,0.107357444526494,0.2876666666666667
source,NO_PER_RAW,2,PhyGuard,1063,nonphysical_goodput,ABSTAIN,0.0216144696295576,0.0492784564347747,0.4386190476190476
source,NO_PER_RAW,2,PhyGuard,982,adaptation_mismatch,adaptation_mismatch,0.5962194629368511,0.9999487847997504,0.59625
source,NO_PER_RAW,2,PhyGuard,103,mobility,mobility,0.7604746678245482,0.7623806193729806,0.9975
source,NO_PER_RAW,2,PhyGuard,26,interference,interference,0.9827855718212212,0.999999855040126,0.9827857142857144
source,NO_PER_RAW,2,PhyGuard,286,interference,interference,0.8245555526909937,0.97889460153264,0.8423333333333332
source,NO_PER_RAW,2,PhyGuard,266,nonphysical_goodput,ABSTAIN,0.0636879633436718,0.1075658775684816,0.5920833333333334
source,NO_PER_RAW,2,PhyGuard,285,interference,interference,0.8775085920126612,0.9995351783722766,0.8779166666666667
source,NO_PER_RAW,2,PhyGuard,595,blockage,ABSTAIN,0.1583976531208611,0.2554114266931382,0.6201666666666665
source,NO_PER_RAW,2,PhyGuard,519,nonphysical_goodput,ABSTAIN,0.2751439573433376,0.7234284592725793,0.3803333333333332
source,NO_PER_RAW,2,PhyGuard,473,normal,ABSTAIN,0.0094990988168003,0.0240483514349377,0.395
source,NO_PER_RAW,2,PhyGuard,893,blockage,blockage,0.988049449676984,0.993014522288426,0.995
source,NO_PER_RAW,2,PhyGuard,984,adaptation_mismatch,interference,0.7966666555254983,0.9999999860152696,0.7966666666666667
source,NO_PER_RAW,2,PhyGuard,959,adaptation_mismatch,adaptation_mismatch,0.2672931716616704,0.5677023114938132,0.4708333333333334
source,NO_PER_RAW,2,PhyGuard,860,blockage,blockage,0.5418720621018505,0.5807586964874922,0.9330416666666664
source,NO_PER_RAW,2,PhyGuard,259,nonphysical_goodput,ABSTAIN,0.0103668095735631,0.0210386800072311,0.4927500000000001
source,NO_PER_RAW,2,PhyGuard,747,normal,ABSTAIN,0.0695168891145475,0.1922125966300853,0.3616666666666666
source,NO_PER_RAW,2,PhyGuard,807,nonphysical_goodput,ABSTAIN,0.0573988760411388,0.1287692115336821,0.44575
source,NO_PER_RAW,2,PhyGuard,767,nonphysical_goodput,ABSTAIN,0.0430961216704693,0.1085544626460184,0.3969999999999999
source,NO_PER_RAW,2,PhyGuard,476,normal,ABSTAIN,0.0154131321818177,0.0475644049696064,0.324047619047619
source,NO_PER_RAW,2,PhyGuard,366,mobility,mobility,0.3809680728943477,0.4564769720151945,0.8345833333333331
source,NO_PER_RAW,2,PhyGuard,370,mobility,mobility,0.9875884785893156,0.9967251255737416,0.9908333333333332
source,NO_PER_RAW,2,PhyGuard,9,interference,blockage,0.5736551212158645,0.9926260208493688,0.5779166666666667
source,NO_PER_RAW,2,PhyGuard,911,mobility,mobility,0.9633543582363896,0.9681953349109444,0.995
source,NO_PER_RAW,2,PhyGuard,47,blockage,blockage,0.575526482062797,0.6305412019313033,0.91275
source,NO_PER_RAW,2,PhyGuard,178,adaptation_mismatch,adaptation_mismatch,0.984166662962212,0.9999999962359476,0.9841666666666667
source,NO_PER_RAW,2,PhyGuard,246,nonphysical_goodput,ABSTAIN,0.0127095449232286,0.0369105854498412,0.3443333333333333
source,NO_PER_RAW,2,PhyGuard,626,blockage,blockage,0.7048178426745538,0.8279798445516051,0.85125
source,NO_PER_RAW,2,PhyGuard,10,interference,interference,0.9511743346170342,0.9999204568904432,0.95125
source,NO_PER_RAW,2,PhyGuard,235,nonphysical_goodput,ABSTAIN,0.0562403113603935,0.0886255727281316,0.6345833333333333
source,NO_PER_RAW,2,PhyGuard,941,mobility,mobility,0.9922323566264823,0.9963839564450032,0.9958333333333332
source,NO_PER_RAW,2,PhyGuard,1043,nonphysical_goodput,ABSTAIN,0.0236472695810095,0.0535756458303162,0.4413809523809525
source,NO_PER_RAW,2,PhyGuard,252,nonphysical_goodput,ABSTAIN,0.0154474546412805,0.0359800962141628,0.4293333333333332
source,NO_PER_RAW,2,PhyGuard,1065,nonphysical_goodput,ABSTAIN,0.0309151743482661,0.0764123773798545,0.4045833333333333
source,NO_PER_RAW,2,PhyGuard,571,interference,interference,0.8924475870392294,0.9999412739935346,0.8924999999999998
source,NO_PER_RAW,2,PhyGuard,166,adaptation_mismatch,adaptation_mismatch,0.8898332736353735,0.999999932911077,0.8898333333333334
source,NO_PER_RAW,2,PhyGuard,163,adaptation_mismatch,adaptation_mismatch,0.970821407680043,0.9999877160652806,0.9708333333333332
source,NO_PER_RAW,2,PhyGuard,483,normal,ABSTAIN,0.0734231589201706,0.1563581024032029,0.4695833333333333
source,NO_PER_RAW,2,PhyGuard,1042,nonphysical_goodput,ABSTAIN,0.0642352106646824,0.1200845190802601,0.5349166666666666
source,NO_PER_RAW,2,PhyGuard,1070,nonphysical_goodput,ABSTAIN,0.2334031906872813,0.6924198487632572,0.3370833333333333
source,NO_PER_RAW,2,PhyGuard,347,blockage,blockage,0.6566523564759534,0.8134016286669874,0.8072916666666667
source,NO_PER_RAW,2,PhyGuard,968,adaptation_mismatch,adaptation_mismatch,0.680328217694468,0.9999924806876064,0.6803333333333331
source,NO_PER_RAW,2,PhyGuard,648,mobility,mobility,0.6178373297026679,0.7259422262246172,0.8510833333333333
source,NO_PER_RAW,2,PhyGuard,616,blockage,blockage,0.9021847580844656,0.9886956252980444,0.9125
source,NO_PER_RAW,2,PhyGuard,35,interference,interference,0.9594166467721744,0.9999999792639708,0.9594166666666666
source,NO_PER_RAW,2,PhyGuard,921,mobility,mobility,0.8352472548028709,0.8501244323693342,0.9825
source,NO_PER_RAW,2,PhyGuard,336,blockage,blockage,0.922878665251184,0.9383616321821904,0.9835
source,NO_PER_RAW,2,PhyGuard,437,adaptation_mismatch,adaptation_mismatch,0.893330876248963,0.9999972495324212,0.8933333333333334
source,NO_PER_RAW,2,PhyGuard,1003,normal,ABSTAIN,0.0865429933419565,0.1968750559437873,0.4395833333333332
source,NO_PER_RAW,2,PhyGuard,804,nonphysical_goodput,ABSTAIN,0.1968526510264421,0.2920301412186063,0.6740833333333331
source,NO_PER_RAW,2,PhyGuard,997,normal,ABSTAIN,0.0015756648616362,0.0030953191856278,0.5090476190476191
source,NO_PER_RAW,2,PhyGuard,189,normal,ABSTAIN,0.0327155031885394,0.0629043483836681,0.5200833333333333
source,NO_PER_RAW,2,PhyGuard,563,interference,interference,0.863531664004198,0.9906673009608388,0.8716666666666668
source,NO_PER_RAW,2,PhyGuard,681,adaptation_mismatch,ABSTAIN,0.0672372530124361,0.2032360292567339,0.3308333333333333
source,NO_PER_RAW,2,PhyGuard,1010,normal,ABSTAIN,0.0062936221455537,0.0121615886870603,0.5175000000000001
source,NO_PER_RAW,2,PhyGuard,501,nonphysical_goodput,ABSTAIN,0.0363166623101257,0.0708733042318277,0.5124166666666666
source,NO_PER_RAW,2,PhyGuard,861,blockage,ABSTAIN,0.2256088203640789,0.2537306320870616,0.8891666666666667
source,NO_PER_RAW,2,PhyGuard,660,mobility,mobility,0.6276177487341127,0.7387359475045959,0.849583333333333
source,NO_PER_RAW,2,PhyGuard,850,interference,interference,0.4976509489688666,0.9287420509527836,0.5358333333333334
source,NO_PER_RAW,2,PhyGuard,62,blockage,blockage,0.6720166454734338,0.8502055609574279,0.7904166666666668
source,NO_PER_RAW,2,PhyGuard,224,normal,ABSTAIN,0.035149480084541,0.0689769028641852,0.5095833333333334
source,NO_PER_RAW,2,PhyGuard,699,adaptation_mismatch,interference,0.4504795863893382,0.975415921449307,0.4618333333333333
source,NO_PER_RAW,2,PhyGuard,478,normal,ABSTAIN,0.0164968309888209,0.0327209870852647,0.5041666666666667
source,NO_PER_RAW,2,PhyGuard,823,interference,ABSTAIN,0.1171182861410509,0.3380850213357256,0.3464166666666667
source,NO_PER_RAW,2,PhyGuard,231,nonphysical_goodput,ABSTAIN,0.0114569566518648,0.0287321796911971,0.39875
source,NO_PER_RAW,2,PhyGuard,198,normal,ABSTAIN,0.0384954627584111,0.0663238410769467,0.5804166666666666
source,NO_PER_RAW,2,PhyGuard,426,adaptation_mismatch,adaptation_mismatch,0.8752221728417371,0.999017033587068,0.8760833333333333
source,NO_PER_RAW,2,PhyGuard,539,nonphysical_goodput,ABSTAIN,0.0145158870569067,0.0293497295169134,0.4945833333333331
source,NO_PER_RAW,2,PhyGuard,548,interference,interference,0.5957111969418278,0.9627655708150752,0.61875
source,NO_PER_RAW,2,PhyGuard,94,mobility,mobility,0.9964322545303198,0.999645400460371,0.9967857142857144
source,NO_PER_RAW,2,PhyGuard,717,adaptation_mismatch,adaptation_mismatch,0.8460481386516588,0.9999584028188618,0.8460833333333335
source,NO_PER_RAW,2,PhyGuard,124,mobility,mobility,0.9998750882884586,0.9998750882884586,1.0
source,NO_PER_RAW,2,PhyGuard,456,normal,ABSTAIN,0.1515023443073997,0.289587150635361,0.5231666666666667
source,NO_PER_RAW,2,PhyGuard,915,mobility,mobility,0.982536118696374,0.9974985976612936,0.985
source,NO_PER_RAW,2,PhyGuard,442,adaptation_mismatch,adaptation_mismatch,0.8930466342687782,0.9999988972829448,0.8930476190476189
source,NO_PER_RAW,2,PhyGuard,327,blockage,ABSTAIN,0.0766674484330613,0.1116313026993552,0.6867916666666667
source,NO_PER_RAW,2,PhyGuard,643,mobility,ABSTAIN,0.0644977126796341,0.1460325570104923,0.4416666666666667
source,NO_PER_RAW,2,PhyGuard,719,adaptation_mismatch,adaptation_mismatch,0.8490839496468057,0.9881550024984296,0.859261904761905
source,NO_PER_RAW,2,PhyGuard,68,blockage,blockage,0.6628606709392098,0.6681221327344938,0.992125
source,NO_PER_RAW,2,PhyGuard,299,interference,interference,0.8945424960483959,0.998797980487894,0.8956190476190478
source,NO_PER_RAW,2,PhyGuard,791,nonphysical_goodput,ABSTAIN,0.0529865389507748,0.110580603027704,0.4791666666666666
source,NO_PER_RAW,2,PhyGuard,836,interference,interference,0.9349807742481896,0.9999794376985982,0.9350000000000002
source,NO_PER_RAW,2,PhyGuard,260,nonphysical_goodput,ABSTAIN,0.0047580489160152,0.0109464315552499,0.4346666666666666
source,NO_PER_RAW,2,PhyGuard,910,mobility,mobility,0.9615438361650486,0.9803335627850962,0.9808333333333332
source,NO_PER_RAW,2,PhyGuard,65,blockage,blockage,0.9554389941065178,0.9818255559219194,0.973125
source,NO_PER_RAW,2,PhyGuard,141,adaptation_mismatch,adaptation_mismatch,0.7850815230597163,0.9999976941637404,0.7850833333333332
source,NO_PER_RAW,2,PhyGuard,862,blockage,blockage,0.8660030810577846,0.9776140143643852,0.8858333333333333
source,NO_PER_RAW,2,PhyGuard,325,blockage,blockage,0.7161847648785099,0.9681443256215072,0.7397499999999999
source,NO_PER_RAW,2,PhyGuard,134,mobility,mobility,0.9996863152285032,0.9996863152285032,1.0
source,NO_PER_RAW,2,PhyGuard,1052,nonphysical_goodput,ABSTAIN,0.1102625133627585,0.3558768586210603,0.3098333333333332
source,NO_PER_RAW,2,PhyGuard,612,blockage,blockage,0.5943582043253065,0.7476203827991277,0.795
source,NO_PER_RAW,2,PhyGuard,125,mobility,mobility,0.978919310289539,0.978919310289539,1.0
source,NO_PER_RAW,2,PhyGuard,117,mobility,mobility,0.9993727811421526,0.9993727811421526,1.0
source,NO_PER_RAW,2,PhyGuard,559,interference,interference,0.7639805227774288,0.9361550365903346,0.8160833333333332
source,NO_PER_RAW,2,PhyGuard,20,interference,interference,0.7013081150084324,0.9974244295944652,0.7031190476190478
source,NO_PER_RAW,2,PhyGuard,81,blockage,blockage,0.9777281267379566,0.9836711398746996,0.9939583333333334
source,NO_PER_RAW,2,PhyGuard,801,nonphysical_goodput,ABSTAIN,0.0331488244586987,0.0892897628517136,0.3712500000000001
source,NO_PER_RAW,2,PhyGuard,391,mobility,mobility,0.9615304941342652,0.9832437945983112,0.9779166666666664
source,NO_PER_RAW,2,PhyGuard,599,blockage,ABSTAIN,0.0720888730257792,0.1150507349792993,0.6265833333333333
source,NO_PER_RAW,2,PhyGuard,30,interference,interference,0.9533333151013884,0.9999999808755824,0.9533333333333333
source,NO_PER_RAW,2,PhyGuard,525,nonphysical_goodput,ABSTAIN,0.0077628642309395,0.016575510813394,0.4683333333333334
source,NO_PER_RAW,2,PhyGuard,396,mobility,mobility,0.4098488713497307,0.452455055767872,0.9058333333333332
source,NO_PER_RAW,2,PhyGuard,898,blockage,blockage,0.7655994773788957,0.9107051673817156,0.8406666666666667
source,NO_PER_RAW,2,PhyGuard,1022,normal,ABSTAIN,0.0534121138369456,0.0858025925091495,0.6225
source,NO_PER_RAW,2,PhyGuard,150,adaptation_mismatch,adaptation_mismatch,0.9574981830980692,0.9999981024522916,0.9575
source,NO_PER_RAW,2,PhyGuard,185,normal,ABSTAIN,0.0555500682665065,0.0744472659367968,0.7461666666666668
source,NO_PER_RAW,2,PhyGuard,225,nonphysical_goodput,ABSTAIN,0.0079095957191269,0.0275835944869293,0.28675
source,NO_PER_RAW,2,PhyGuard,723,normal,ABSTAIN,0.0805139545180883,0.1396195743088236,0.5766666666666667
source,NO_PER_RAW,2,PhyGuard,12,interference,interference,0.5066310154865751,0.9987797249612124,0.5072500000000001
source,NO_PER_RAW,2,PhyGuard,324,blockage,blockage,0.7848450591270625,0.936848772458445,0.8377500000000002
source,NO_PER_RAW,2,PhyGuard,509,nonphysical_goodput,ABSTAIN,0.2614231277880541,0.6607851571262032,0.395625
source,NO_PER_RAW,2,PhyGuard,387,mobility,mobility,0.8060268808467386,0.9246962304169086,0.8716666666666666
source,NO_PER_RAW,2,PhyGuard,614,blockage,blockage,0.3674274633766657,0.7213299894511229,0.509375
source,NO_PER_RAW,2,PhyGuard,598,blockage,blockage,0.3467695880929579,0.4728676201267609,0.7333333333333332
source,NO_PER_RAW,2,PhyGuard,374,mobility,mobility,0.9907830920165464,0.99910900035282,0.9916666666666668
source,NO_PER_RAW,2,PhyGuard,413,adaptation_mismatch,adaptation_mismatch,0.5479342248664654,0.9942856038707972,0.5510833333333335
source,NO_PER_RAW,2,PhyGuard,967,adaptation_mismatch,adaptation_mismatch,0.6016658520198337,0.9999986460163438,0.6016666666666668
source,NO_PER_RAW,2,PhyGuard,219,normal,ABSTAIN,0.0218649793225922,0.0651875159928215,0.3354166666666667
source,NO_PER_RAW,2,PhyGuard,773,nonphysical_goodput,ABSTAIN,0.051610867509158,0.1011647190640145,0.5101666666666665
source,NO_PER_RAW,2,PhyGuard,844,interference,adaptation_mismatch,0.5020161842235774,0.9995107720971912,0.5022619047619049
source,NO_PER_RAW,2,PhyGuard,433,adaptation_mismatch,adaptation_mismatch,0.7714349131995513,0.9450963714542742,0.81625
source,NO_PER_RAW,2,PhyGuard,739,normal,ABSTAIN,0.0107677970487711,0.0200331107884114,0.5374999999999999
source,NO_PER_RAW,2,PhyGuard,16,interference,interference,0.9219999999804546,0.999999999978801,0.922
source,NO_PER_RAW,2,PhyGuard,707,adaptation_mismatch,adaptation_mismatch,0.8396956159308282,0.9996376380128909,0.84
source,NO_PER_RAW,2,PhyGuard,759,normal,ABSTAIN,0.0336367795417777,0.0726888806953597,0.46275
source,NO_PER_RAW,2,PhyGuard,582,interference,interference,0.920676571011016,0.999920250894397,0.92075
source,NO_PER_RAW,2,PhyGuard,976,adaptation_mismatch,adaptation_mismatch,0.879333024285727,0.999999648543283,0.8793333333333334
source,NO_PER_RAW,2,PhyGuard,345,blockage,blockage,0.9662684282306544,0.9868273309589662,0.9791666666666669
source,NO_PER_RAW,2,PhyGuard,1013,normal,ABSTAIN,0.0432873531210678,0.1219648362180827,0.3549166666666666
source,NO_PER_RAW,2,PhyGuard,200,normal,ABSTAIN,0.0206150304182739,0.0575303174463458,0.3583333333333332
source,NO_PER_RAW,2,PhyGuard,145,adaptation_mismatch,adaptation_mismatch,0.669666543465666,0.99999981602638,0.6696666666666669
source,NO_PER_RAW,2,PhyGuard,502,nonphysical_goodput,ABSTAIN,0.0163483560999573,0.050243740392083,0.3253809523809524
source,NO_PER_RAW,2,PhyGuard,782,nonphysical_goodput,ABSTAIN,0.0571145284034974,0.1922508669963447,0.2970833333333334
source,NO_PER_RAW,2,PhyGuard,493,normal,ABSTAIN,0.0786476956747837,0.1648510651698524,0.4770833333333333
source,NO_PER_RAW,2,PhyGuard,335,blockage,blockage,0.7375152296180638,0.921270260283846,0.8005416666666666
source,NO_PER_RAW,2,PhyGuard,659,mobility,mobility,0.8386815953485228,0.8601862516395107,0.975
source,NO_PER_RAW,2,PhyGuard,994,normal,ABSTAIN,0.0349991317078123,0.0697425407661488,0.5018333333333334
source,NO_PER_RAW,2,PhyGuard,424,adaptation_mismatch,adaptation_mismatch,0.9274989471309796,0.9999988648312448,0.9275
source,NO_PER_RAW,2,PhyGuard,751,normal,ABSTAIN,0.0241901299924224,0.0422227723504101,0.5729166666666666
source,NO_PER_RAW,2,PhyGuard,486,normal,ABSTAIN,0.0277209461827228,0.0547574245584648,0.5062499999999999
source,NO_PER_RAW,2,PhyGuard,250,nonphysical_goodput,ABSTAIN,0.0145737055569405,0.0228607145991224,0.6375
source,NO_PER_RAW,2,PhyGuard,634,mobility,ABSTAIN,0.0569197984096177,0.1458858566671108,0.3901666666666666
source,NO_PER_RAW,2,PhyGuard,871,blockage,blockage,0.942280297736226,0.9562252492883478,0.9854166666666668
source,NO_PER_RAW,2,PhyGuard,763,normal,ABSTAIN,0.0640404357470527,0.1217498778461079,0.5260000000000001
source,NO_PER_RAW,2,PhyGuard,1041,nonphysical_goodput,ABSTAIN,0.0366127247030336,0.093858726006495,0.3900833333333334
source,NO_PER_RAW,2,PhyGuard,649,mobility,mobility,0.4411909178428927,0.51702060684714,0.8533333333333332
source,NO_PER_RAW,2,PhyGuard,312,interference,interference,0.9209977640403456,0.9999975722479322,0.921
source,NO_PER_RAW,2,PhyGuard,453,normal,ABSTAIN,0.030864015653269,0.0891379513451812,0.34625
source,NO_PER_RAW,2,PhyGuard,700,adaptation_mismatch,adaptation_mismatch,0.6121671940152336,0.9024577798750372,0.6783333333333335
source,NO_PER_RAW,2,PhyGuard,173,adaptation_mismatch,adaptation_mismatch,0.9616666588413038,0.9999999918627076,0.9616666666666668
source,NO_PER_RAW,2,PhyGuard,401,mobility,mobility,0.9786020475242292,0.9985735178818668,0.98
source,NO_PER_RAW,2,PhyGuard,827,interference,ABSTAIN,0.0874239090591586,0.2152856369197421,0.4060833333333334
source,NO_PER_RAW,2,PhyGuard,642,mobility,ABSTAIN,0.1547478016815542,0.2393932731956492,0.6464166666666668
source,NO_PER_RAW,2,PhyGuard,894,blockage,blockage,0.5255653111650072,0.644601771665994,0.8153333333333335
source,NO_PER_RAW,2,PhyGuard,583,interference,interference,0.7968141361391682,0.9929148113883716,0.8024999999999999
source,NO_PER_RAW,2,PhyGuard,1031,normal,ABSTAIN,0.1434767667949316,0.2352215861735514,0.6099642857142857
source,NO_PER_RAW,2,PhyGuard,1050,nonphysical_goodput,ABSTAIN,0.0206198902702172,0.0517113235616733,0.39875
source,NO_PER_RAW,2,PhyGuard,115,mobility,mobility,0.9672950070178482,0.9689098567791468,0.9983333333333334
source,NO_PER_RAW,2,PhyGuard,830,interference,interference,0.521453813929587,0.7838463944826558,0.6652500000000002
source,NO_PER_RAW,2,PhyGuard,350,blockage,blockage,0.980919227929097,0.9975449775550138,0.9833333333333334
source,NO_PER_RAW,2,PhyGuard,552,interference,ABSTAIN,0.0929379311062858,0.2204061607263694,0.4216666666666667
source,NO_PER_RAW,2,PhyGuard,205,normal,ABSTAIN,0.0348277579328508,0.0708361178295271,0.4916666666666666
source,NO_PER_RAW,2,PhyGuard,726,normal,ABSTAIN,0.0212107249107818,0.0500548080490426,0.42375
source,NO_PER_RAW,2,PhyGuard,301,interference,ABSTAIN,0.3572721458981205,0.9131556444680392,0.3912500000000001
source,NO_PER_RAW,2,PhyGuard,958,adaptation_mismatch,ABSTAIN,0.4239237364004453,0.9786619539833288,0.4331666666666667
source,NO_PER_RAW,2,PhyGuard,684,adaptation_mismatch,ABSTAIN,0.0548480660110425,0.1428025151079433,0.3840833333333333
source,NO_PER_RAW,2,PhyGuard,527,nonphysical_goodput,ABSTAIN,0.014210047268093,0.0409413126571707,0.3470833333333334
source,NO_PER_RAW,2,PhyGuard,769,nonphysical_goodput,ABSTAIN,0.0260831732752005,0.0632319352126072,0.4125
source,NO_PER_RAW,2,PhyGuard,407,adaptation_mismatch,adaptation_mismatch,0.6019987783136036,0.9999979706206036,0.6020000000000002
source,NO_PER_RAW,2,PhyGuard,933,mobility,mobility,0.782043113775932,0.80692324723226,0.9691666666666668
source,NO_PER_RAW,2,PhyGuard,143,adaptation_mismatch,adaptation_mismatch,0.6814994504883196,0.9999991936732492,0.6815000000000003
source,NO_PER_RAW,2,PhyGuard,954,adaptation_mismatch,ABSTAIN,0.4188293791173112,0.9997916350522644,0.4189166666666667
source,NO_PER_RAW,2,PhyGuard,460,normal,ABSTAIN,0.0065396143659447,0.0218290326540576,0.2995833333333333
source,NO_PER_RAW,2,PhyGuard,388,mobility,mobility,0.5367800775262548,0.5444937388262939,0.9858333333333332
source,NO_PER_RAW,2,PhyGuard,1014,normal,ABSTAIN,0.0590836369033638,0.1222721236728889,0.4832142857142857
source,NO_PER_RAW,2,PhyGuard,542,interference,interference,0.2024525711815667,0.4464224281842706,0.4535
source,NO_PER_RAW,2,PhyGuard,340,blockage,blockage,0.5155260879825555,0.8272683947299634,0.6231666666666666
source,NO_PER_RAW,2,PhyGuard,440,adaptation_mismatch,adaptation_mismatch,0.6180566583445114,0.9998220409994792,0.6181666666666666
source,NO_PER_RAW,2,PhyGuard,50,blockage,ABSTAIN,0.3673529150052153,0.3736425648468031,0.9831666666666669
source,NO_PER_RAW,2,PhyGuard,692,adaptation_mismatch,adaptation_mismatch,0.7723930475763249,0.9149769566550742,0.8441666666666664
source,NO_PER_RAW,2,PhyGuard,83,blockage,blockage,0.9822062484508292,0.998853811983894,0.9833333333333334
source,NO_PER_RAW,2,PhyGuard,104,mobility,mobility,0.9922483378888388,0.9989077227068848,0.9933333333333332
source,NO_PER_RAW,2,PhyGuard,216,normal,ABSTAIN,0.112100295088254,0.165614471044512,0.676875
source,NO_PER_RAW,2,PhyGuard,107,mobility,mobility,0.9237886860342652,0.992876330713048,0.9304166666666666
source,NO_PER_RAW,2,PhyGuard,677,adaptation_mismatch,adaptation_mismatch,0.367552353736999,0.5896561824657739,0.6233333333333333
source,NO_PER_RAW,2,PhyGuard,824,interference,ABSTAIN,0.0263256678373646,0.0903885590982476,0.2912499999999999
source,NO_PER_RAW,2,PhyGuard,39,interference,interference,0.9916666633231,0.9999999966283362,0.9916666666666668
source,NO_PER_RAW,2,PhyGuard,621,blockage,blockage,0.7818706338571179,0.948392561031579,0.8244166666666669
source,NO_PER_RAW,2,PhyGuard,846,interference,adaptation_mismatch,0.7660416640666128,0.9999999966058584,0.7660416666666667
source,NO_PER_RAW,2,PhyGuard,284,interference,interference,0.4527538911201511,0.9981713565022624,0.4535833333333333
source,NO_PER_RAW,2,PhyGuard,913,mobility,mobility,0.921077557460763,0.9677362705028654,0.9517857142857143
source,NO_PER_RAW,2,PhyGuard,86,blockage,blockage,0.9773500169255676,0.9828787096674472,0.994375
source,NO_PER_RAW,2,PhyGuard,969,adaptation_mismatch,adaptation_mismatch,0.6408193141133143,0.9999781234538062,0.6408333333333335
source,NO_PER_RAW,2,PhyGuard,51,blockage,blockage,0.7011830804994512,0.7366013276716636,0.9519166666666669
source,NO_PER_RAW,2,PhyGuard,283,interference,blockage,0.5698455301780418,0.9631192059347186,0.5916666666666667
source,NO_PER_RAW,2,PhyGuard,1021,normal,ABSTAIN,0.0784065602126492,0.1725026468795844,0.4545238095238094
source,NO_PER_RAW,2,PhyGuard,932,mobility,mobility,0.9653780286172732,0.9653780286172732,1.0
source,NO_PER_RAW,2,PhyGuard,785,nonphysical_goodput,ABSTAIN,0.2773046764804982,0.7005591826875744,0.3958333333333333
source,NO_PER_RAW,2,PhyGuard,673,mobility,mobility,0.816019656403287,0.8242622791952395,0.99
source,NO_PER_RAW,2,PhyGuard,304,interference,interference,0.8460553155333914,0.999769944500315,0.8462499999999998
source,NO_PER_RAW,2,PhyGuard,606,blockage,blockage,0.5729954355233741,0.8042041200328056,0.7125
source,NO_PER_RAW,2,PhyGuard,1075,nonphysical_goodput,ABSTAIN,0.0203586389209987,0.0555740825868937,0.3663333333333334
source,NO_PER_RAW,2,PhyGuard,920,mobility,mobility,0.989144254025738,0.989144254025738,1.0
source,NO_PER_RAW,2,PhyGuard,883,blockage,blockage,0.5482184901287754,0.9885231978279948,0.5545833333333333
source,NO_PER_RAW,2,PhyGuard,742,normal,ABSTAIN,0.0744082911422486,0.1171784112476355,0.635
source,NO_PER_RAW,2,PhyGuard,273,interference,ABSTAIN,0.1360303431740387,0.2321997323027689,0.5858333333333332
source,NO_PER_RAW,2,PhyGuard,516,nonphysical_goodput,blockage,0.3911190021393004,0.7841985005299257,0.49875
source,NO_PER_RAW,2,PhyGuard,567,interference,interference,0.6375708729567483,0.9593542915963608,0.6645833333333335
source,NO_PER_RAW,2,PhyGuard,416,adaptation_mismatch,adaptation_mismatch,0.4219299743579229,0.7517683284773682,0.56125
source,NO_PER_RAW,2,PhyGuard,192,normal,ABSTAIN,0.0328230538265021,0.0913443056396165,0.3593333333333332
source,NO_PER_RAW,3,PhyGuard,179,adaptation_mismatch,adaptation_mismatch,0.9237499980432596,0.9999999978817424,0.92375
source,NO_PER_RAW,3,PhyGuard,38,interference,interference,0.9949999955804832,0.9999999955582746,0.995
source,NO_PER_RAW,3,PhyGuard,600,blockage,blockage,0.4887924729346704,0.6933226566449223,0.7050000000000002
source,NO_PER_RAW,3,PhyGuard,395,mobility,mobility,0.5475991374937084,0.5856675267312389,0.935
source,NO_PER_RAW,3,PhyGuard,621,blockage,blockage,0.8181568582386294,0.9377155968351052,0.8725000000000002
source,NO_PER_RAW,3,PhyGuard,541,interference,ABSTAIN,0.1426522052529441,0.2792539091411629,0.5108333333333335
source,NO_PER_RAW,3,PhyGuard,380,mobility,mobility,0.995995289296004,0.9976580527171994,0.9983333333333332
source,NO_PER_RAW,3,PhyGuard,409,adaptation_mismatch,interference,0.3275303452339324,0.598867003322747,0.5469166666666667
source,NO_PER_RAW,3,PhyGuard,891,blockage,blockage,0.995978107671449,0.995978107671449,1.0
source,NO_PER_RAW,3,PhyGuard,355,blockage,blockage,0.859922242631452,0.9107737786034796,0.9441666666666666
source,NO_PER_RAW,3,PhyGuard,459,normal,ABSTAIN,0.0331254482594904,0.0860960318635228,0.38475
source,NO_PER_RAW,3,PhyGuard,959,adaptation_mismatch,adaptation_mismatch,0.3497558848092018,0.6326606297423006,0.5528333333333333
source,NO_PER_RAW,3,PhyGuard,701,adaptation_mismatch,adaptation_mismatch,0.3635520538898192,0.9892572894961064,0.3675000000000001
source,NO_PER_RAW,3,PhyGuard,9,interference,blockage,0.6191004467890573,0.9938736269523328,0.6229166666666667
source,NO_PER_RAW,3,PhyGuard,881,blockage,ABSTAIN,0.3586667911508635,0.4007450180456575,0.8949999999999999
source,NO_PER_RAW,3,PhyGuard,672,mobility,mobility,0.7473912185827237,0.8741417761201448,0.855
source,NO_PER_RAW,3,PhyGuard,292,interference,interference,0.7918364329597632,0.9995831259748746,0.7921666666666667
source,NO_PER_RAW,3,PhyGuard,804,nonphysical_goodput,ABSTAIN,0.1594326221471094,0.3362966190482182,0.4740833333333332
source,NO_PER_RAW,3,PhyGuard,77,blockage,blockage,0.9883970461799754,0.9883970461799754,1.0
source,NO_PER_RAW,3,PhyGuard,566,interference,interference,0.9045861327659356,0.9933229861997828,0.9106666666666668
source,NO_PER_RAW,3,PhyGuard,375,mobility,mobility,0.9890673551270712,0.9982176838961188,0.9908333333333336
source,NO_PER_RAW,3,PhyGuard,831,interference,interference,0.7190309371974554,0.9999768000759316,0.7190476190476189
source,NO_PER_RAW,3,PhyGuard,56,blockage,blockage,0.5757165403934265,0.8348038907828037,0.6896428571428572
source,NO_PER_RAW,3,PhyGuard,748,normal,ABSTAIN,0.1458520754601618,0.3189766549156081,0.45725
source,NO_PER_RAW,3,PhyGuard,281,interference,blockage,0.5068029721136142,0.976185500058326,0.5191666666666667
source,NO_PER_RAW,3,PhyGuard,647,mobility,ABSTAIN,0.2396484685177946,0.2754580097905685,0.8700000000000001
source,NO_PER_RAW,3,PhyGuard,754,normal,ABSTAIN,0.0127731224882489,0.0351553829951806,0.3633333333333333
source,NO_PER_RAW,3,PhyGuard,791,nonphysical_goodput,ABSTAIN,0.0714283362505917,0.1276455748335219,0.5595833333333334
source,NO_PER_RAW,3,PhyGuard,715,adaptation_mismatch,adaptation_mismatch,0.8197647890695846,0.9946589958377164,0.8241666666666666
source,NO_PER_RAW,3,PhyGuard,359,blockage,blockage,0.8541146910808122,0.957885634856986,0.8916666666666664
source,NO_PER_RAW,3,PhyGuard,992,normal,ABSTAIN,0.1631751876526913,0.3499735928207857,0.4662499999999999
source,NO_PER_RAW,3,PhyGuard,482,normal,ABSTAIN,0.0181559024295594,0.0499703736593378,0.3633333333333333
source,NO_PER_RAW,3,PhyGuard,112,mobility,mobility,0.9991092115403312,0.9991092115403312,1.0
source,NO_PER_RAW,3,PhyGuard,25,interference,interference,0.98499947098589,0.9999994629298375,0.985
source,NO_PER_RAW,3,PhyGuard,841,interference,interference,0.9797022927994954,0.99999991002075,0.9797023809523808
source,NO_PER_RAW,3,PhyGuard,1014,normal,ABSTAIN,0.0481663122622882,0.1202404300285956,0.4005833333333333
source,NO_PER_RAW,3,PhyGuard,982,adaptation_mismatch,adaptation_mismatch,0.6885946316682461,0.9997744198450036,0.6887499999999999
source,NO_PER_RAW,3,PhyGuard,814,interference,interference,0.2246001088615968,0.551165911316802,0.4075
source,NO_PER_RAW,3,PhyGuard,933,mobility,mobility,0.6332417338505674,0.6601998962820858,0.9591666666666668
source,NO_PER_RAW,3,PhyGuard,385,mobility,mobility,0.7977204959948694,0.9961130022828756,0.8008333333333333
source,NO_PER_RAW,3,PhyGuard,769,nonphysical_goodput,ABSTAIN,0.0333460739685526,0.0690514042489442,0.4829166666666667
source,NO_PER_RAW,3,PhyGuard,246,nonphysical_goodput,ABSTAIN,0.0178439513714077,0.0464585412143399,0.3840833333333334
source,NO_PER_RAW,3,PhyGuard,834,interference,ABSTAIN,0.1841293980346677,0.2359121051052757,0.7805
source,NO_PER_RAW,3,PhyGuard,369,mobility,mobility,0.7372047290517443,0.7528899360528452,0.9791666666666669
source,NO_PER_RAW,3,PhyGuard,46,blockage,blockage,0.9714642512140436,0.9879297469973324,0.9833333333333332
source,NO_PER_RAW,3,PhyGuard,99,mobility,mobility,0.9873113692357124,0.9998089815045188,0.9875
source,NO_PER_RAW,3,PhyGuard,1060,nonphysical_goodput,ABSTAIN,0.0314999320135856,0.0892560057055555,0.3529166666666667
source,NO_PER_RAW,3,PhyGuard,256,nonphysical_goodput,ABSTAIN,0.0155818157843159,0.0421130156332864,0.37
source,NO_PER_RAW,3,PhyGuard,819,interference,ABSTAIN,0.0997427557920975,0.2109575860241765,0.4728095238095238
source,NO_PER_RAW,3,PhyGuard,587,blockage,ABSTAIN,0.1647957239840157,0.2101603330093114,0.7841428571428569
source,NO_PER_RAW,3,PhyGuard,243,nonphysical_goodput,ABSTAIN,0.0062467014072127,0.0194955570576209,0.3204166666666667
source,NO_PER_RAW,3,PhyGuard,951,adaptation_mismatch,adaptation_mismatch,0.458597390196831,0.9976738002831712,0.4596666666666666
source,NO_PER_RAW,3,PhyGuard,199,normal,ABSTAIN,0.0654310197109934,0.0935874822184214,0.6991428571428571
source,NO_PER_RAW,3,PhyGuard,129,mobility,mobility,0.9999026822454226,0.9999026822454226,1.0
source,NO_PER_RAW,3,PhyGuard,781,nonphysical_goodput,ABSTAIN,0.1487398800481399,0.3356296653963292,0.4431666666666666
source,NO_PER_RAW,3,PhyGuard,328,blockage,ABSTAIN,0.0409305583126991,0.1054458350692121,0.3881666666666667
source,NO_PER_RAW,3,PhyGuard,911,mobility,mobility,0.9244916101724469,0.9506340464498166,0.9725
source,NO_PER_RAW,3,PhyGuard,453,normal,ABSTAIN,0.0381871371302555,0.1005428635575936,0.3798095238095239
source,NO_PER_RAW,3,PhyGuard,723,normal,ABSTAIN,0.0946099019593641,0.1532557807117129,0.6173333333333333
source,NO_PER_RAW,3,PhyGuard,914,mobility,mobility,0.944528317763322,0.9468955566549594,0.9975
source,NO_PER_RAW,3,PhyGuard,81,blockage,blockage,0.9913152276493382,0.9929701779459148,0.9983333333333334
source,NO_PER_RAW,3,PhyGuard,642,mobility,ABSTAIN,0.1529708125028267,0.2458020554410713,0.6223333333333333
source,NO_PER_RAW,3,PhyGuard,546,interference,interference,0.6118567507842123,0.9597752953477838,0.6375000000000002
source,NO_PER_RAW,3,PhyGuard,196,normal,ABSTAIN,0.0118714182368042,0.0269958345350863,0.4397499999999998
source,NO_PER_RAW,3,PhyGuard,745,normal,ABSTAIN,0.2115551132996815,0.4604028581059445,0.4594999999999999
source,NO_PER_RAW,3,PhyGuard,368,mobility,mobility,0.6610780618364579,0.9745622533215595,0.6783333333333332
source,NO_PER_RAW,3,PhyGuard,513,nonphysical_goodput,ABSTAIN,0.050246893836487,0.1174450187062417,0.4278333333333331
source,NO_PER_RAW,3,PhyGuard,727,normal,ABSTAIN,0.0353910077790903,0.0508308908855876,0.6962500000000003
source,NO_PER_RAW,3,PhyGuard,404,mobility,mobility,0.9730509558326196,0.998000980341148,0.975
source,NO_PER_RAW,3,PhyGuard,152,adaptation_mismatch,adaptation_mismatch,0.8452877437911409,0.9998475037450656,0.8454166666666666
source,NO_PER_RAW,3,PhyGuard,329,blockage,blockage,0.2915514586086894,0.7334627889526778,0.3975
source,NO_PER_RAW,3,PhyGuard,391,mobility,mobility,0.9746250936381536,0.9869621201399024,0.9875000000000002
source,NO_PER_RAW,3,PhyGuard,517,nonphysical_goodput,ABSTAIN,0.0126412759281814,0.0372715752182253,0.3391666666666668
source,NO_PER_RAW,3,PhyGuard,154,adaptation_mismatch,adaptation_mismatch,0.8840105303132424,0.998881955156206,0.885
source,NO_PER_RAW,3,PhyGuard,952,adaptation_mismatch,adaptation_mismatch,0.8157930913979303,0.9999506738279024,0.8158333333333333
source,NO_PER_RAW,3,PhyGuard,435,adaptation_mismatch,adaptation_mismatch,0.4279358812240253,0.99985018977576,0.428
source,NO_PER_RAW,3,PhyGuard,570,interference,interference,0.8404433324672228,0.9985465336244232,0.8416666666666666
source,NO_PER_RAW,3,PhyGuard,1011,normal,mobility,0.3176902169171385,0.5956691567196347,0.5333333333333333
source,NO_PER_RAW,3,PhyGuard,253,nonphysical_goodput,ABSTAIN,0.0512861187335782,0.0861624027204658,0.5952261904761904
source,NO_PER_RAW,3,PhyGuard,180,normal,ABSTAIN,0.0212076274450901,0.0548473123579918,0.3866666666666666
source,NO_PER_RAW,3,PhyGuard,212,normal,ABSTAIN,0.0629398077300372,0.1117770745538622,0.5630833333333334
source,NO_PER_RAW,3,PhyGuard,211,normal,ABSTAIN,0.0583832770804109,0.104074429666706,0.5609761904761904
source,NO_PER_RAW,3,PhyGuard,753,normal,ABSTAIN,0.0543408211479646,0.1050910320347423,0.5170833333333333
source,NO_PER_RAW,3,PhyGuard,593,blockage,ABSTAIN,0.3099795439254512,0.4207867112110196,0.7366666666666668
source,NO_PER_RAW,3,PhyGuard,977,adaptation_mismatch,adaptation_mismatch,0.8566660656328868,0.999999298404148,0.8566666666666666
source,NO_PER_RAW,3,PhyGuard,1020,normal,ABSTAIN,0.2019863879111289,0.6593679692419878,0.3063333333333334
source,NO_PER_RAW,3,PhyGuard,489,normal,ABSTAIN,0.0566752336163885,0.1365668279912977,0.415
source,NO_PER_RAW,3,PhyGuard,295,interference,interference,0.8768107300281429,0.9982664858005422,0.8783333333333333
source,NO_PER_RAW,3,PhyGuard,561,interference,interference,0.7803128272845776,0.9713437684040388,0.8033333333333332
source,NO_PER_RAW,3,PhyGuard,23,interference,interference,0.9858331587976372,0.9999998229561832,0.9858333333333332
source,NO_PER_RAW,3,PhyGuard,989,adaptation_mismatch,adaptation_mismatch,0.7846666121725178,0.9999999305512124,0.7846666666666664
source,NO_PER_RAW,3,PhyGuard,83,blockage,blockage,0.9840728483980472,0.999058729338119,0.985
source,NO_PER_RAW,3,PhyGuard,966,adaptation_mismatch,adaptation_mismatch,0.59341125034961,0.9999908726576772,0.5934166666666667
source,NO_PER_RAW,3,PhyGuard,702,adaptation_mismatch,adaptation_mismatch,0.8019901548449134,0.9271562483756224,0.865
source,NO_PER_RAW,3,PhyGuard,508,nonphysical_goodput,ABSTAIN,0.1440369839584398,0.3349697301359066,0.43
source,NO_PER_RAW,3,PhyGuard,612,blockage,blockage,0.6059735115143551,0.7598413937484076,0.7975
source,NO_PER_RAW,3,PhyGuard,934,mobility,mobility,0.830246577888275,0.8701274178741747,0.9541666666666668
source,NO_PER_RAW,3,PhyGuard,504,nonphysical_goodput,blockage,0.7818382904346383,0.8587697469304952,0.9104166666666664
source,NO_PER_RAW,3,PhyGuard,796,nonphysical_goodput,ABSTAIN,0.1326015506325084,0.2873273036457386,0.4615000000000001
source,NO_PER_RAW,3,PhyGuard,1033,normal,ABSTAIN,0.0340819112107134,0.0854004874772522,0.3990833333333334
source,NO_PER_RAW,3,PhyGuard,176,adaptation_mismatch,adaptation_mismatch,0.9433315420096028,0.9999981010702502,0.9433333333333332
source,NO_PER_RAW,3,PhyGuard,823,interference,ABSTAIN,0.1360763184495811,0.3295016070846012,0.4129761904761905
source,NO_PER_RAW,3,PhyGuard,333,blockage,blockage,0.6824186721985578,0.9154862008253428,0.7454166666666668
source,NO_PER_RAW,3,PhyGuard,177,adaptation_mismatch,adaptation_mismatch,0.9167850246232848,0.9999992477386822,0.9167857142857144
source,NO_PER_RAW,3,PhyGuard,537,nonphysical_goodput,ABSTAIN,0.0071220990798595,0.0197379189280171,0.3608333333333333
source,NO_PER_RAW,3,PhyGuard,1017,normal,ABSTAIN,0.0259511217755499,0.0654504962813365,0.3964999999999999
source,NO_PER_RAW,3,PhyGuard,3,interference,interference,0.9539406979148694,0.9996758689178616,0.95425
source,NO_PER_RAW,3,PhyGuard,643,mobility,ABSTAIN,0.0801594216207598,0.1552724874009877,0.5162499999999999
source,NO_PER_RAW,3,PhyGuard,138,adaptation_mismatch,adaptation_mismatch,0.7186079342281404,0.9990577039914564,0.7192857142857142
source,NO_PER_RAW,3,PhyGuard,59,blockage,blockage,0.9844200896276902,0.9901962343279364,0.9941666666666668
source,NO_PER_RAW,3,PhyGuard,477,normal,ABSTAIN,0.0486206104977937,0.0741827496469834,0.6554166666666668
source,NO_PER_RAW,3,PhyGuard,772,nonphysical_goodput,ABSTAIN,0.0407973683043267,0.0807202670489564,0.5054166666666666
source,NO_PER_RAW,3,PhyGuard,699,adaptation_mismatch,interference,0.5299088649657998,0.9760408871204294,0.5429166666666667
source,NO_PER_RAW,3,PhyGuard,114,mobility,mobility,0.9996785185306144,0.9996785185306144,1.0
source,NO_PER_RAW,3,PhyGuard,862,blockage,blockage,0.8817377866030501,0.9810712507405286,0.89875
source,NO_PER_RAW,3,PhyGuard,547,interference,interference,0.6061947948903241,0.9647662518148392,0.6283333333333334
source,NO_PER_RAW,3,PhyGuard,125,mobility,mobility,0.986959600617734,0.9881948441729502,0.99875
source,NO_PER_RAW,3,PhyGuard,788,nonphysical_goodput,ABSTAIN,0.0640873284646891,0.1954378504641093,0.3279166666666666
source,NO_PER_RAW,3,PhyGuard,235,nonphysical_goodput,ABSTAIN,0.0805572498933132,0.12488343620999,0.6450595238095238
source,NO_PER_RAW,3,PhyGuard,1024,normal,ABSTAIN,0.0242803168138453,0.0659194121642858,0.3683333333333335
source,NO_PER_RAW,3,PhyGuard,258,nonphysical_goodput,ABSTAIN,0.0629953360807465,0.1008501663957063,0.624642857142857
source,NO_PER_RAW,3,PhyGuard,284,interference,interference,0.4712987851699186,0.998161917055952,0.4721666666666665
source,NO_PER_RAW,3,PhyGuard,185,normal,ABSTAIN,0.066884144042934,0.098834868495144,0.6767261904761902
source,NO_PER_RAW,3,PhyGuard,1072,nonphysical_goodput,ABSTAIN,0.0452743565292514,0.1167366305008632,0.3878333333333333
source,NO_PER_RAW,3,PhyGuard,436,adaptation_mismatch,adaptation_mismatch,0.882073872203952,0.9999892741093456,0.8820833333333333
source,NO_PER_RAW,3,PhyGuard,710,adaptation_mismatch,adaptation_mismatch,0.9072755647066424,0.99155799421491,0.9149999999999998
source,NO_PER_RAW,3,PhyGuard,494,normal,blockage,0.5673470276578904,0.691886619094988,0.8200000000000002
source,NO_PER_RAW,3,PhyGuard,681,adaptation_mismatch,ABSTAIN,0.0642336684677244,0.2055477390967181,0.3125
source,NO_PER_RAW,3,PhyGuard,922,mobility,mobility,0.6171659256983401,0.6708325279329783,0.92
source,NO_PER_RAW,3,PhyGuard,509,nonphysical_goodput,ABSTAIN,0.2285663544680757,0.6935009490813925,0.3295833333333334
source,NO_PER_RAW,3,PhyGuard,63,blockage,blockage,0.972351548619474,0.987994799613352,0.9841666666666667
source,NO_PER_RAW,3,PhyGuard,910,mobility,mobility,0.9161073176642772,0.9660182611574104,0.9483333333333333
source,NO_PER_RAW,3,PhyGuard,315,blockage,ABSTAIN,0.0747554434990806,0.0912115223171294,0.8195833333333331
source,NO_PER_RAW,3,PhyGuard,654,mobility,mobility,0.3853132238742255,0.6494043099003801,0.5933333333333334
source,NO_PER_RAW,3,PhyGuard,40,interference,interference,0.9383329395280152,0.9999995803140482,0.9383333333333332
source,NO_PER_RAW,3,PhyGuard,563,interference,interference,0.8040721599719264,0.987803636329148,0.814
source,NO_PER_RAW,3,PhyGuard,122,mobility,mobility,0.9961019311800045,0.999851373831874,0.99625
source,NO_PER_RAW,3,PhyGuard,60,blockage,blockage,0.9920118924386334,0.9920118924386334,1.0
source,NO_PER_RAW,3,PhyGuard,825,interference,adaptation_mismatch,0.2734488055034993,0.7137880566281524,0.3830952380952381
source,NO_PER_RAW,3,PhyGuard,733,normal,ABSTAIN,0.0469606836700781,0.1235807465002056,0.3799999999999999
source,NO_PER_RAW,3,PhyGuard,456,normal,ABSTAIN,0.1212993138029128,0.3607414536889601,0.33625
source,NO_PER_RAW,3,PhyGuard,662,mobility,ABSTAIN,0.1986295780660478,0.6790754805676849,0.2925
source,NO_PER_RAW,3,PhyGuard,145,adaptation_mismatch,adaptation_mismatch,0.7937497490379611,0.9999996838273526,0.79375
source,NO_PER_RAW,3,PhyGuard,428,adaptation_mismatch,adaptation_mismatch,0.8426633880151485,0.999996109195192,0.8426666666666667
source,NO_PER_RAW,3,PhyGuard,71,blockage,blockage,0.9860216658693894,0.990147279534115,0.9958333333333332
source,NO_PER_RAW,3,PhyGuard,364,mobility,blockage,0.4516784564405813,0.9295389259624384,0.4859166666666665
source,NO_PER_RAW,3,PhyGuard,96,mobility,mobility,0.9996178254555148,0.9996178254555148,1.0
source,NO_PER_RAW,3,PhyGuard,896,blockage,blockage,0.574023603102112,0.8853834495148255,0.6483333333333334
source,NO_PER_RAW,3,PhyGuard,273,interference,ABSTAIN,0.1330726729524492,0.2256106351270684,0.5898333333333334
source,NO_PER_RAW,3,PhyGuard,532,nonphysical_goodput,ABSTAIN,0.0924205685137618,0.1381989809551579,0.6687499999999998
source,NO_PER_RAW,3,PhyGuard,519,nonphysical_goodput,blockage,0.3263772279665828,0.7597530039959253,0.4295833333333332
source,NO_PER_RAW,3,PhyGuard,421,adaptation_mismatch,adaptation_mismatch,0.567704617781782,0.9993333450757492,0.5680833333333335
source,NO_PER_RAW,3,PhyGuard,301,interference,interference,0.4529466550064473,0.8892723856618341,0.5093452380952381
source,NO_PER_RAW,3,PhyGuard,342,blockage,blockage,0.5711610262952629,0.6533777231213685,0.8741666666666665
source,NO_PER_RAW,3,PhyGuard,27,interference,interference,0.9770819941623804,0.99999862941992,0.9770833333333334
source,NO_PER_RAW,3,PhyGuard,153,adaptation_mismatch,adaptation_mismatch,0.952494669063918,0.999994403216712,0.9525
source,NO_PER_RAW,3,PhyGuard,572,interference,interference,0.8684491029193362,0.999078634362193,0.8692499999999999
source,NO_PER_RAW,3,PhyGuard,418,adaptation_mismatch,blockage,0.509201135489099,0.9745476277303332,0.5225
source,NO_PER_RAW,3,PhyGuard,632,mobility,ABSTAIN,0.1411408845402491,0.3851923162344757,0.3664166666666666
source,NO_PER_RAW,3,PhyGuard,471,normal,ABSTAIN,0.0093541659124179,0.0212192799525549,0.4408333333333331
source,NO_PER_RAW,3,PhyGuard,110,mobility,mobility,0.990239072600467,0.9985604093450088,0.9916666666666668
source,NO_PER_RAW,3,PhyGuard,915,mobility,mobility,0.98202990708895,0.9969846772476648,0.985
source,NO_PER_RAW,3,PhyGuard,775,nonphysical_goodput,ABSTAIN,0.0295819582143382,0.0821721061509395,0.36
source,NO_PER_RAW,3,PhyGuard,1035,nonphysical_goodput,ABSTAIN,0.0164141372179886,0.0424503548741085,0.3866666666666667
source,NO_PER_RAW,3,PhyGuard,873,blockage,blockage,0.9065877357895096,0.9092396848703812,0.9970833333333334
source,NO_PER_RAW,3,PhyGuard,939,mobility,mobility,0.9916126238364548,0.9932680706208228,0.9983333333333332
source,NO_PER_RAW,3,PhyGuard,871,blockage,blockage,0.9400474990800608,0.950342880283128,0.9891666666666667
source,NO_PER_RAW,3,PhyGuard,337,blockage,blockage,0.7177973785175498,0.9337201671773004,0.7687500000000002
source,NO_PER_RAW,3,PhyGuard,628,blockage,blockage,0.8344109249272441,0.9086144373073438,0.9183333333333332
source,NO_PER_RAW,3,PhyGuard,228,nonphysical_goodput,ABSTAIN,0.0324531022739968,0.0605845095345305,0.5356666666666667
source,NO_PER_RAW,3,PhyGuard,919,mobility,mobility,0.9724569936224567,0.9748942291954452,0.9975
source,NO_PER_RAW,3,PhyGuard,717,adaptation_mismatch,adaptation_mismatch,0.8341100713690253,0.9999321534893412,0.8341666666666666
source,NO_PER_RAW,3,PhyGuard,1071,nonphysical_goodput,ABSTAIN,0.0302460072662382,0.0696645080988214,0.4341666666666665
source,NO_PER_RAW,3,PhyGuard,1053,nonphysical_goodput,blockage,0.3005858521126252,0.5578456890429173,0.5388333333333332
source,NO_PER_RAW,3,PhyGuard,995,normal,blockage,0.2605906561559065,0.5861458057864815,0.4445833333333333
source,NO_PER_RAW,3,PhyGuard,217,normal,ABSTAIN,0.0436832749699559,0.0704947955405421,0.6196666666666667
source,NO_PER_RAW,3,PhyGuard,739,normal,ABSTAIN,0.008640162451009,0.0200235514507741,0.4315
source,NO_PER_RAW,3,PhyGuard,675,adaptation_mismatch,adaptation_mismatch,0.3026541234752064,0.575570440840329,0.5258333333333335
source,NO_PER_RAW,3,PhyGuard,898,blockage,blockage,0.7969287146067999,0.9213048723778036,0.865
source,NO_PER_RAW,3,PhyGuard,760,normal,ABSTAIN,0.0416306003904111,0.0782652678497467,0.5319166666666666
source,NO_PER_RAW,3,PhyGuard,304,interference,interference,0.8107587523366024,0.999702530624664,0.811
source,NO_PER_RAW,3,PhyGuard,187,normal,ABSTAIN,0.0078176348234573,0.0214181775985132,0.365
source,NO_PER_RAW,3,PhyGuard,805,nonphysical_goodput,ABSTAIN,0.0722498536510146,0.1019398287845003,0.7087499999999999
source,NO_PER_RAW,3,PhyGuard,1038,nonphysical_goodput,blockage,0.300044021079381,0.682435226109282,0.4396666666666667
source,NO_PER_RAW,3,PhyGuard,148,adaptation_mismatch,adaptation_mismatch,0.5492887920869606,0.9994640644493594,0.5495833333333334
source,NO_PER_RAW,3,PhyGuard,6,interference,interference,0.8557139080147889,0.9998604572714184,0.8558333333333333
source,NO_PER_RAW,3,PhyGuard,850,interference,interference,0.4379849579701254,0.8949122246963233,0.4894166666666665
source,NO_PER_RAW,3,PhyGuard,314,interference,interference,0.8666230696846187,0.9999496957899444,0.8666666666666667
source,NO_PER_RAW,3,PhyGuard,624,blockage,blockage,0.8610308881385088,0.9444580125833736,0.9116666666666666
source,NO_PER_RAW,3,PhyGuard,257,nonphysical_goodput,ABSTAIN,0.0260319115138985,0.0957055570363918,0.2720000000000001
source,NO_PER_RAW,3,PhyGuard,590,blockage,blockage,0.3490653429666409,0.6586138546540397,0.5299999999999998
source,NO_PER_RAW,3,PhyGuard,474,normal,ABSTAIN,0.057112463503278,0.0821691690378582,0.695059523809524
source,NO_PER_RAW,3,PhyGuard,607,blockage,blockage,0.5578815937078588,0.7309290451462285,0.7632499999999999
source,NO_PER_RAW,3,PhyGuard,406,adaptation_mismatch,ABSTAIN,0.3110280989199719,0.9444173044128704,0.3293333333333332
source,NO_PER_RAW,3,PhyGuard,91,mobility,mobility,0.9994039873300744,0.9994039873300744,1.0
source,NO_PER_RAW,3,PhyGuard,1047,nonphysical_goodput,ABSTAIN,0.0128544999055205,0.0315641495531505,0.40725
source,NO_PER_RAW,3,PhyGuard,962,adaptation_mismatch,adaptation_mismatch,0.7737356111096073,0.9999814036957768,0.77375
source,NO_PER_RAW,3,PhyGuard,1074,nonphysical_goodput,ABSTAIN,0.0544847539683235,0.1327547304811945,0.4104166666666667
source,NO_PER_RAW,3,PhyGuard,689,adaptation_mismatch,ABSTAIN,0.0931075820599914,0.166934257391289,0.55775
source,NO_PER_RAW,3,PhyGuard,1058,nonphysical_goodput,ABSTAIN,0.0353017538509369,0.0798080343276644,0.4423333333333333
source,NO_PER_RAW,3,PhyGuard,238,nonphysical_goodput,ABSTAIN,0.0067597768625061,0.0181993992452088,0.3714285714285714
source,NO_PER_RAW,3,PhyGuard,972,adaptation_mismatch,adaptation_mismatch,0.6691588543128919,0.9999883252496512,0.6691666666666669
source,NO_PER_RAW,3,PhyGuard,426,adaptation_mismatch,adaptation_mismatch,0.8509315684494629,0.999136870977843,0.8516666666666667
source,NO_PER_RAW,3,PhyGuard,847,interference,adaptation_mismatch,0.7518286770267287,0.9999938067302974,0.7518333333333335
source,NO_PER_RAW,3,PhyGuard,997,normal,ABSTAIN,0.0013177272125132,0.0031374457440791,0.4199999999999999
source,NO_PER_RAW,3,PhyGuard,584,interference,interference,0.8874678418584937,0.9999637654743592,0.8875
source,NO_PER_RAW,3,PhyGuard,651,mobility,mobility,0.5819612693029776,0.911688672537302,0.6383333333333333
source,NO_PER_RAW,3,PhyGuard,286,interference,interference,0.7632776944512033,0.9829719181599528,0.7765
source,NO_PER_RAW,3,PhyGuard,661,mobility,mobility,0.8458413712820009,0.9802121154402714,0.8629166666666667
source,NO_PER_RAW,3,PhyGuard,41,interference,interference,0.9809523434895614,0.9999999618097472,0.9809523809523808
source,NO_PER_RAW,3,PhyGuard,869,blockage,blockage,0.7965621912249216,0.9640692178213874,0.8262500000000002
source,NO_PER_RAW,3,PhyGuard,534,nonphysical_goodput,ABSTAIN,0.0066995124588436,0.0212401980201118,0.3154166666666667
source,NO_PER_RAW,3,PhyGuard,437,adaptation_mismatch,adaptation_mismatch,0.862996424791455,0.999995857232277,0.8629999999999999
source,NO_PER_RAW,3,PhyGuard,205,normal,ABSTAIN,0.0320226571177431,0.0735428477113524,0.4354285714285714
source,NO_PER_RAW,3,PhyGuard,350,blockage,blockage,0.9866654500345684,0.9983124283654992,0.9883333333333334
source,NO_PER_RAW,3,PhyGuard,859,blockage,ABSTAIN,0.1906046399024998,0.2376122666559316,0.8021666666666666
source,NO_PER_RAW,4,PhyGuard,475,normal,ABSTAIN,0.0161038622042705,0.0385721250401689,0.4174999999999999
source,NO_PER_RAW,4,PhyGuard,83,blockage,blockage,0.9865259729636028,0.9998574050306784,0.9866666666666668
source,NO_PER_RAW,4,PhyGuard,367,mobility,mobility,0.8886607273968861,0.9828505740795056,0.9041666666666666
source,NO_PER_RAW,4,PhyGuard,849,interference,ABSTAIN,0.4895791528494593,0.9999914611393216,0.4895833333333332
source,NO_PER_RAW,4,PhyGuard,225,nonphysical_goodput,ABSTAIN,0.0150795409286763,0.0351173118383368,0.4294047619047619
source,NO_PER_RAW,4,PhyGuard,446,adaptation_mismatch,adaptation_mismatch,0.7807450729191494,0.9998869663852504,0.7808333333333332
source,NO_PER_RAW,4,PhyGuard,1005,normal,ABSTAIN,0.0140372823707931,0.0360921860773377,0.3889285714285713
source,NO_PER_RAW,4,PhyGuard,192,normal,ABSTAIN,0.0276841343925505,0.0708659847318069,0.3906547619047619
source,NO_PER_RAW,4,PhyGuard,945,adaptation_mismatch,ABSTAIN,0.3977011155500246,0.9548919167129362,0.4164880952380951
source,NO_PER_RAW,4,PhyGuard,980,adaptation_mismatch,adaptation_mismatch,0.8116661055915446,0.9999993087370164,0.8116666666666664
source,NO_PER_RAW,4,PhyGuard,904,mobility,mobility,0.7201823885488441,0.8191648021408652,0.8791666666666668
source,NO_PER_RAW,4,PhyGuard,119,mobility,mobility,0.9934615653387138,0.9934615653387138,1.0
source,NO_PER_RAW,4,PhyGuard,288,interference,interference,0.8891242320675905,0.9999522759897924,0.8891666666666667
source,NO_PER_RAW,4,PhyGuard,958,adaptation_mismatch,ABSTAIN,0.3488747402232843,0.9569135731838656,0.3645833333333333
source,NO_PER_RAW,4,PhyGuard,472,normal,ABSTAIN,0.0337255427824617,0.1064736946565484,0.3167499999999999
source,NO_PER_RAW,4,PhyGuard,502,nonphysical_goodput,ABSTAIN,0.0143850414463848,0.0354093327911012,0.4062499999999999
source,NO_PER_RAW,4,PhyGuard,494,normal,blockage,0.6024105717127791,0.6699654180308943,0.8991666666666667
source,NO_PER_RAW,4,PhyGuard,358,blockage,blockage,0.993348347678621,0.998340047918212,0.995
source,NO_PER_RAW,4,PhyGuard,793,nonphysical_goodput,ABSTAIN,0.0297666677727847,0.0924430676173438,0.3219999999999999
source,NO_PER_RAW,4,PhyGuard,152,adaptation_mismatch,adaptation_mismatch,0.8295575610558167,0.999968933467584,0.8295833333333335
source,NO_PER_RAW,4,PhyGuard,905,mobility,ABSTAIN,0.2761691632702905,0.2914714124224702,0.9475
source,NO_PER_RAW,4,PhyGuard,580,interference,interference,0.844054848402352,0.9998675400620158,0.844166666666667
source,NO_PER_RAW,4,PhyGuard,407,adaptation_mismatch,adaptation_mismatch,0.5570808289634281,0.9999955044968044,0.5570833333333333
source,NO_PER_RAW,4,PhyGuard,514,nonphysical_goodput,ABSTAIN,0.1071130195215953,0.250312801218918,0.4279166666666666
source,NO_PER_RAW,4,PhyGuard,1041,nonphysical_goodput,ABSTAIN,0.0435650744230204,0.0740183303303744,0.5885714285714286
source,NO_PER_RAW,4,PhyGuard,693,adaptation_mismatch,adaptation_mismatch,0.6645975296339246,0.9068876911083804,0.7328333333333332
source,NO_PER_RAW,4,PhyGuard,457,normal,ABSTAIN,0.1329097303634802,0.235065108970046,0.5654166666666667
source,NO_PER_RAW,4,PhyGuard,779,nonphysical_goodput,ABSTAIN,0.0834818770841558,0.1715381035975804,0.4866666666666667
source,NO_PER_RAW,4,PhyGuard,175,adaptation_mismatch,interference,0.9406239745856798,0.9999989098585302,0.9406249999999998
source,NO_PER_RAW,4,PhyGuard,948,adaptation_mismatch,adaptation_mismatch,0.6031307699183334,0.9996642595331492,0.6033333333333334
source,NO_PER_RAW,4,PhyGuard,164,adaptation_mismatch,adaptation_mismatch,0.8583238239022134,0.9999889210511224,0.8583333333333334
source,NO_PER_RAW,4,PhyGuard,809,nonphysical_goodput,ABSTAIN,0.0467339014387768,0.0904527124621487,0.5166666666666666
source,NO_PER_RAW,4,PhyGuard,638,mobility,ABSTAIN,0.0511747422259724,0.1275118161776723,0.4013333333333332
source,NO_PER_RAW,4,PhyGuard,346,blockage,blockage,0.4394446130224017,0.7278585722938331,0.60375
source,NO_PER_RAW,4,PhyGuard,713,adaptation_mismatch,adaptation_mismatch,0.8616322332928964,0.9998219035309204,0.861785714285714
source,NO_PER_RAW,4,PhyGuard,719,adaptation_mismatch,adaptation_mismatch,0.8862724558472987,0.996745030006334,0.8891666666666667
source,NO_PER_RAW,4,PhyGuard,629,blockage,blockage,0.8231722848794781,0.8753271970362195,0.9404166666666668
source,NO_PER_RAW,4,PhyGuard,742,normal,ABSTAIN,0.0823180646483692,0.1501697743661343,0.5481666666666666
source,NO_PER_RAW,4,PhyGuard,154,adaptation_mismatch,adaptation_mismatch,0.8493475596487291,0.9997224831569148,0.8495833333333335
source,NO_PER_RAW,4,PhyGuard,110,mobility,mobility,0.9850544932199972,0.9966824551972993,0.9883333333333332
source,NO_PER_RAW,4,PhyGuard,51,blockage,blockage,0.8014162767520305,0.8802741712608116,0.9104166666666664
source,NO_PER_RAW,4,PhyGuard,501,nonphysical_goodput,ABSTAIN,0.0470652035450668,0.1056232192836125,0.445595238095238
source,NO_PER_RAW,4,PhyGuard,555,interference,interference,0.7208753370657267,0.9983270680656344,0.7220833333333333
source,NO_PER_RAW,4,PhyGuard,1047,nonphysical_goodput,ABSTAIN,0.0072361739467563,0.0174716473563534,0.4141666666666667
source,NO_PER_RAW,4,PhyGuard,216,normal,ABSTAIN,0.1281343849516718,0.1838150172648011,0.6970833333333333
source,NO_PER_RAW,4,PhyGuard,979,adaptation_mismatch,adaptation_mismatch,0.7579165773173591,0.9999998821119636,0.7579166666666666
source,NO_PER_RAW,4,PhyGuard,509,nonphysical_goodput,ABSTAIN,0.282077199366502,0.7908706524294449,0.3566666666666666
source,NO_PER_RAW,4,PhyGuard,1066,nonphysical_goodput,ABSTAIN,0.0452802490845426,0.1114590746696434,0.40625
source,NO_PER_RAW,4,PhyGuard,230,nonphysical_goodput,ABSTAIN,0.008162612649458,0.0209617689561135,0.389404761904762
source,NO_PER_RAW,4,PhyGuard,125,mobility,mobility,0.9649239834674156,0.9649239834674156,1.0
source,NO_PER_RAW,4,PhyGuard,798,nonphysical_goodput,ABSTAIN,0.0555970188572288,0.1528440380954743,0.3637500000000001
source,NO_PER_RAW,4,PhyGuard,370,mobility,mobility,0.9878736169293104,0.997012901863055,0.9908333333333332
source,NO_PER_RAW,4,PhyGuard,221,normal,ABSTAIN,0.0445055732892309,0.0865185872783013,0.5144047619047619
source,NO_PER_RAW,4,PhyGuard,534,nonphysical_goodput,ABSTAIN,0.0117192119121582,0.0305718571621519,0.3833333333333333
source,NO_PER_RAW,4,PhyGuard,240,nonphysical_goodput,ABSTAIN,0.0400532148036899,0.071566196790393,0.5596666666666666
source,NO_PER_RAW,4,PhyGuard,1030,normal,ABSTAIN,0.3833263432232158,0.784968620934913,0.4883333333333333
source,NO_PER_RAW,4,PhyGuard,409,adaptation_mismatch,ABSTAIN,0.2952116451453905,0.4742355745307478,0.6224999999999999
source,NO_PER_RAW,4,PhyGuard,493,normal,ABSTAIN,0.0690530192906044,0.1198317037580988,0.57625
source,NO_PER_RAW,4,PhyGuard,961,adaptation_mismatch,interference,0.7358296688359509,0.999995019935607,0.7358333333333335
source,NO_PER_RAW,4,PhyGuard,704,adaptation_mismatch,adaptation_mismatch,0.7758666418806365,0.9549127900069372,0.8125
source,NO_PER_RAW,4,PhyGuard,16,interference,interference,0.8837499999279278,0.9999999999184476,0.8837499999999998
source,NO_PER_RAW,4,PhyGuard,283,interference,blockage,0.4901033192821781,0.9740377329225136,0.5031666666666667
source,NO_PER_RAW,4,PhyGuard,932,mobility,mobility,0.9570789270544924,0.9618883688989874,0.995
source,NO_PER_RAW,4,PhyGuard,596,blockage,ABSTAIN,0.2887773514313537,0.411022205809067,0.7025833333333334
source,NO_PER_RAW,4,PhyGuard,818,interference,ABSTAIN,0.2718616433720475,0.7046090108994754,0.3858333333333333
source,NO_PER_RAW,4,PhyGuard,614,blockage,blockage,0.5062111747378496,0.798230498929592,0.6341666666666667
source,NO_PER_RAW,4,PhyGuard,890,blockage,blockage,0.7825603820751982,0.9984821461884508,0.78375
source,NO_PER_RAW,4,PhyGuard,883,blockage,ABSTAIN,0.4846571527142634,0.9975790450379348,0.4858333333333333
source,NO_PER_RAW,4,PhyGuard,186,normal,blockage,0.4824845268000804,0.9514896173543084,0.5070833333333332
source,NO_PER_RAW,4,PhyGuard,98,mobility,mobility,0.9895916670764878,0.99706968974961,0.9925
source,NO_PER_RAW,4,PhyGuard,584,interference,interference,0.8524952433336316,0.9999944203327056,0.8525
source,NO_PER_RAW,4,PhyGuard,89,blockage,blockage,0.9882721627795998,0.991577420849097,0.9966666666666666
source,NO_PER_RAW,4,PhyGuard,648,mobility,mobility,0.4835642494798041,0.62261491349331,0.7766666666666667
source,NO_PER_RAW,4,PhyGuard,41,interference,interference,0.9831249996651183,0.9999999996593704,0.983125
source,NO_PER_RAW,4,PhyGuard,543,interference,ABSTAIN,0.2461711552636798,0.5356398663942266,0.4595833333333331
source,NO_PER_RAW,4,PhyGuard,911,mobility,mobility,0.905268257023188,0.9268958263036056,0.9766666666666666
source,NO_PER_RAW,4,PhyGuard,775,nonphysical_goodput,ABSTAIN,0.0428698187241444,0.1141130263595441,0.3756785714285715
source,NO_PER_RAW,4,PhyGuard,814,interference,ABSTAIN,0.2047208855690109,0.5583296879154844,0.3666666666666667
source,NO_PER_RAW,4,PhyGuard,674,mobility,ABSTAIN,0.2184728117647454,0.2644149007742759,0.82625
source,NO_PER_RAW,4,PhyGuard,1022,normal,ABSTAIN,0.0411433931723119,0.0651776525501972,0.6312500000000001
source,NO_PER_RAW,4,PhyGuard,671,mobility,ABSTAIN,0.3173590070907284,0.3743544760728143,0.8477500000000002
source,NO_PER_RAW,4,PhyGuard,929,mobility,mobility,0.9963834727802384,0.9980468842539952,0.9983333333333332
source,NO_PER_RAW,4,PhyGuard,778,nonphysical_goodput,ABSTAIN,0.0633647982177227,0.0832742940108063,0.7609166666666667
source,NO_PER_RAW,4,PhyGuard,792,nonphysical_goodput,ABSTAIN,0.0794890030479225,0.1700905914006901,0.4673333333333332
source,NO_PER_RAW,4,PhyGuard,867,blockage,ABSTAIN,0.0064867319223102,0.0121152969755211,0.5354166666666668
source,NO_PER_RAW,4,PhyGuard,1015,normal,ABSTAIN,0.2110825155246699,0.520655742301344,0.4054166666666666
source,NO_PER_RAW,4,PhyGuard,387,mobility,mobility,0.8609796576645788,0.957087159979152,0.8995833333333334
source,NO_PER_RAW,4,PhyGuard,971,adaptation_mismatch,adaptation_mismatch,0.8828903893170547,0.9999702380183724,0.8829166666666667
source,NO_PER_RAW,4,PhyGuard,277,interference,ABSTAIN,0.2744385407111596,0.7822476219795522,0.3508333333333333
source,NO_PER_RAW,4,PhyGuard,206,normal,ABSTAIN,0.0316104921577071,0.0419012362513398,0.7544047619047618
source,NO_PER_RAW,4,PhyGuard,600,blockage,blockage,0.5372370806012083,0.6832179914385863,0.7863333333333332
source,NO_PER_RAW,4,PhyGuard,313,interference,ABSTAIN,0.4429122381207763,0.9999900014015646,0.4429166666666666
source,NO_PER_RAW,4,PhyGuard,1049,nonphysical_goodput,ABSTAIN,0.0257226136232634,0.0573967205300605,0.4481547619047618
source,NO_PER_RAW,4,PhyGuard,173,adaptation_mismatch,adaptation_mismatch,0.988333322443976,0.9999999889821004,0.9883333333333332
source,NO_PER_RAW,4,PhyGuard,437,adaptation_mismatch,adaptation_mismatch,0.8483326664904841,0.9999992139377024,0.8483333333333333
source,NO_PER_RAW,4,PhyGuard,998,normal,ABSTAIN,0.0159663339302649,0.0276672934531667,0.5770833333333334
source,NO_PER_RAW,4,PhyGuard,137,adaptation_mismatch,adaptation_mismatch,0.8339918957850714,0.999990282715913,0.834
source,NO_PER_RAW,4,PhyGuard,762,normal,ABSTAIN,0.0786479460179511,0.1874429696554942,0.4195833333333333
source,NO_PER_RAW,4,PhyGuard,79,blockage,blockage,0.9683879070875464,0.997053186190524,0.97125
source,NO_PER_RAW,4,PhyGuard,687,adaptation_mismatch,adaptation_mismatch,0.3767839704225046,0.6363698304109859,0.5920833333333334
source,NO_PER_RAW,4,PhyGuard,451,normal,blockage,0.4308853966154883,0.5129588054946288,0.8400000000000002
source,NO_PER_RAW,4,PhyGuard,748,normal,ABSTAIN,0.1181723915147696,0.266203998156042,0.4439166666666667
source,NO_PER_RAW,4,PhyGuard,702,adaptation_mismatch,adaptation_mismatch,0.8279844009826162,0.9503407758767474,0.87125
source,NO_PER_RAW,4,PhyGuard,431,adaptation_mismatch,adaptation_mismatch,0.6912148174996313,0.9695590660427328,0.7129166666666664
source,NO_PER_RAW,4,PhyGuard,129,mobility,mobility,0.9931647334744816,0.9998302685984716,0.9933333333333332
source,NO_PER_RAW,4,PhyGuard,885,blockage,blockage,0.846477985866309,0.9963448583026684,0.8495833333333335
source,NO_PER_RAW,4,PhyGuard,25,interference,interference,0.9904582846504504,0.9999999508481264,0.9904583333333332
source,NO_PER_RAW,4,PhyGuard,856,blockage,blockage,0.734038264735147,0.8171112408925568,0.8983333333333334
source,NO_PER_RAW,4,PhyGuard,831,interference,interference,0.6781242803359065,0.999998938744194,0.6781250000000001
source,NO_PER_RAW,4,PhyGuard,1075,nonphysical_goodput,ABSTAIN,0.0174180153533538,0.0390684456523823,0.4458333333333332
source,NO_PER_RAW,4,PhyGuard,244,nonphysical_goodput,ABSTAIN,0.0206131778488686,0.0517562976925711,0.3982738095238095
source,NO_PER_RAW,4,PhyGuard,434,adaptation_mismatch,adaptation_mismatch,0.7739124174267275,0.9985966676473904,0.7749999999999999
source,NO_PER_RAW,4,PhyGuard,989,adaptation_mismatch,adaptation_mismatch,0.7446666662821136,0.9999999994835904,0.7446666666666667
source,NO_PER_RAW,4,PhyGuard,340,blockage,blockage,0.6007135559671292,0.8872077134283751,0.6770833333333335
source,NO_PER_RAW,4,PhyGuard,723,normal,ABSTAIN,0.1047631895781064,0.1539287725128728,0.6805952380952379
source,NO_PER_RAW,4,PhyGuard,588,blockage,ABSTAIN,0.1010685345073425,0.2093909704924595,0.4826785714285714
source,NO_PER_RAW,4,PhyGuard,338,blockage,blockage,0.6364626028234857,0.956487317956397,0.6654166666666665
source,NO_PER_RAW,4,PhyGuard,73,blockage,blockage,0.7479782883838323,0.7490706831300636,0.9985416666666668
source,NO_PER_RAW,4,PhyGuard,624,blockage,blockage,0.8965400415286693,0.9558845400572218,0.9379166666666668
source,NO_PER_RAW,4,PhyGuard,598,blockage,blockage,0.3784920112097888,0.6011785750519478,0.6295833333333334
source,NO_PER_RAW,4,PhyGuard,530,nonphysical_goodput,ABSTAIN,0.0293611313537583,0.052098331933158,0.5635714285714285
source,NO_PER_RAW,4,PhyGuard,942,mobility,mobility,0.9941814812977814,0.9975065029743628,0.9966666666666666
source,NO_PER_RAW,4,PhyGuard,38,interference,interference,0.9964583331041902,0.9999999997700424,0.9964583333333332
source,NO_PER_RAW,4,PhyGuard,294,interference,interference,0.7437835939547452,0.9552015333322929,0.7786666666666666
source,NO_PER_RAW,4,PhyGuard,721,normal,ABSTAIN,0.0295098396793043,0.0887990876969932,0.3323214285714285
source,NO_PER_RAW,4,PhyGuard,994,normal,ABSTAIN,0.0354153756941519,0.0654325647928904,0.5412499999999999
source,NO_PER_RAW,4,PhyGuard,1064,nonphysical_goodput,ABSTAIN,0.1368315423576103,0.2033409917388637,0.6729166666666666
source,NO_PER_RAW,4,PhyGuard,549,interference,ABSTAIN,0.2153804911466158,0.4099232186771436,0.5254166666666666
source,NO_PER_RAW,4,PhyGuard,391,mobility,mobility,0.95892987531099,0.986046144278653,0.9725
source,NO_PER_RAW,4,PhyGuard,72,blockage,blockage,0.9914923481885634,0.9931475941788612,0.9983333333333334
source,NO_PER_RAW,4,PhyGuard,727,normal,ABSTAIN,0.0315720581127094,0.0499492020240624,0.6320833333333333
source,NO_PER_RAW,4,PhyGuard,32,interference,interference,0.962374999950874,0.9999999999489532,0.962375
source,NO_PER_RAW,4,PhyGuard,655,mobility,mobility,0.5726824571248537,0.6025593586583292,0.9504166666666666
source,NO_PER_RAW,4,PhyGuard,763,normal,ABSTAIN,0.0600618212433273,0.1259157678057177,0.477
source,NO_PER_RAW,4,PhyGuard,177,adaptation_mismatch,adaptation_mismatch,0.9043333162499092,0.9999999811093728,0.9043333333333332
source,NO_PER_RAW,4,PhyGuard,990,normal,ABSTAIN,0.0257530070513124,0.0748271391321426,0.3441666666666667
source,NO_PER_RAW,4,PhyGuard,268,nonphysical_goodput,ABSTAIN,0.0160929811770098,0.0275048917324983,0.5850952380952382
source,NO_PER_RAW,4,PhyGuard,13,interference,interference,0.8597900849782695,0.9997559127654296,0.86
source,NO_PER_RAW,4,PhyGuard,393,mobility,mobility,0.9760141141195346,0.9976294181801036,0.9783333333333332
source,NO_PER_RAW,4,PhyGuard,681,adaptation_mismatch,ABSTAIN,0.0734711700921815,0.2455860838735873,0.2991666666666667
source,NO_PER_RAW,4,PhyGuard,824,interference,ABSTAIN,0.0368956253118959,0.1004450664786667,0.3673214285714285
source,NO_PER_RAW,4,PhyGuard,899,blockage,blockage,0.8992626784325053,0.9991807538138946,0.9000000000000001
source,NO_PER_RAW,4,PhyGuard,209,normal,ABSTAIN,0.0274755013717859,0.0718447925298847,0.3824285714285713
source,NO_PER_RAW,4,PhyGuard,843,interference,interference,0.8864583212183432,0.9999999863332664,0.886458333333333
source,NO_PER_RAW,4,PhyGuard,632,mobility,ABSTAIN,0.1470464809805229,0.3967081321416984,0.3706666666666667
source,NO_PER_RAW,4,PhyGuard,222,normal,ABSTAIN,0.1073555233700035,0.1348969927162348,0.7958333333333334
source,NO_PER_RAW,4,PhyGuard,49,blockage,ABSTAIN,0.0673067960345462,0.0772531374858493,0.8712500000000002
source,NO_PER_RAW,4,PhyGuard,468,normal,ABSTAIN,0.159524836326987,0.2655059689214762,0.6008333333333333
source,NO_PER_RAW,4,PhyGuard,297,interference,interference,0.8613666142507537,0.9938845549047156,0.8666666666666667
source,NO_PER_RAW,4,PhyGuard,302,interference,interference,0.7626666496448425,0.9999999776811748,0.7626666666666666
source,NO_PER_RAW,4,PhyGuard,1013,normal,ABSTAIN,0.076241522494973,0.1999777639212408,0.3812499999999999
source,NO_PER_RAW,4,PhyGuard,941,mobility,mobility,0.9939938022868112,0.9956532243273568,0.9983333333333332
source,NO_PER_RAW,4,PhyGuard,272,interference,interference,0.9565142623840536,0.9998406923875124,0.9566666666666666
source,NO_PER_RAW,4,PhyGuard,408,adaptation_mismatch,adaptation_mismatch,0.6428620522629044,0.9871202338010048,0.65125
source,NO_PER_RAW,4,PhyGuard,182,normal,ABSTAIN,0.0922080004898974,0.1902503448897471,0.4846666666666667
source,NO_PER_RAW,4,PhyGuard,332,blockage,blockage,0.6472298176723545,0.7228252966094233,0.8954166666666669
source,NO_PER_RAW,4,PhyGuard,862,blockage,blockage,0.8719570207140258,0.9960480008156408,0.8754166666666668
source,NO_PER_RAW,4,PhyGuard,12,interference,interference,0.5495541399153002,0.9991893453005458,0.55
source,NO_PER_RAW,4,PhyGuard,643,mobility,ABSTAIN,0.0600153327095459,0.1159129942886475,0.5177619047619048
source,NO_PER_RAW,4,PhyGuard,781,nonphysical_goodput,ABSTAIN,0.1793305953510414,0.3941331765956954,0.455
source,NO_PER_RAW,4,PhyGuard,442,adaptation_mismatch,adaptation_mismatch,0.788083319135163,0.9999999819839226,0.7880833333333334
source,NO_PER_RAW,4,PhyGuard,353,blockage,blockage,0.6491802592810382,0.9786637074588516,0.6633333333333333
source,NO_PER_RAW,4,PhyGuard,1051,nonphysical_goodput,ABSTAIN,0.0217340436985633,0.0343491941802317,0.6327380952380952
source,NO_PER_RAW,4,PhyGuard,382,mobility,mobility,0.9919946949483828,0.9986523774648148,0.9933333333333332
source,NO_PER_RAW,4,PhyGuard,749,normal,ABSTAIN,0.1470841870896092,0.2849088369774513,0.51625
source,NO_PER_RAW,4,PhyGuard,321,blockage,blockage,0.4366395078916762,0.5964341598975658,0.7320833333333333
source,NO_PER_RAW,4,PhyGuard,66,blockage,blockage,0.9153079564670186,0.991084635921879,0.9235416666666666
source,NO_PER_RAW,4,PhyGuard,200,normal,ABSTAIN,0.0226853030045858,0.040918304753816,0.5544047619047618
source,NO_PER_RAW,4,PhyGuard,609,blockage,blockage,0.6811000621877566,0.7560777748615245,0.9008333333333334
source,NO_PER_RAW,4,PhyGuard,854,interference,interference,0.878327662788568,0.999993543971804,0.8783333333333334
source,NO_PER_RAW,4,PhyGuard,455,normal,ABSTAIN,0.0475784377111305,0.1118177149497779,0.4255
source,NO_PER_RAW,4,PhyGuard,111,mobility,mobility,0.9968833909868214,0.9985476370485692,0.9983333333333332
source,NO_PER_RAW,4,PhyGuard,675,adaptation_mismatch,adaptation_mismatch,0.3593025615832493,0.644585250261473,0.5574166666666666
source,NO_PER_RAW,4,PhyGuard,647,mobility,ABSTAIN,0.2087091292318949,0.2285553523254918,0.9131666666666668
source,NO_PER_RAW,4,PhyGuard,554,interference,interference,0.4785317769096964,0.7770475403134449,0.6158333333333332
source,NO_PER_RAW,4,PhyGuard,718,adaptation_mismatch,adaptation_mismatch,0.816474734363145,0.9986004322438002,0.8176190476190474
source,NO_PER_RAW,4,PhyGuard,378,mobility,mobility,0.9723213540121172,0.996401045956055,0.9758333333333332
source,NO_PER_RAW,4,PhyGuard,142,adaptation_mismatch,adaptation_mismatch,0.699001753905356,0.9997641295428216,0.6991666666666666
source,NO_PER_RAW,4,PhyGuard,235,nonphysical_goodput,ABSTAIN,0.0473391223146238,0.0681056789084626,0.6950833333333333
source,NO_PER_RAW,4,PhyGuard,972,adaptation_mismatch,adaptation_mismatch,0.7858333081536849,0.9999999679580296,0.7858333333333334
source,NO_PER_RAW,4,PhyGuard,829,interference,ABSTAIN,0.3333797730828933,0.8774526379120486,0.3799404761904763
source,NO_PER_RAW,4,PhyGuard,915,mobility,mobility,0.98005606022052,0.9966671798852746,0.9833333333333332
source,NO_PER_RAW,4,PhyGuard,525,nonphysical_goodput,ABSTAIN,0.0134750588506785,0.0336876471266964,0.4000000000000001
source,NO_PER_RAW,4,PhyGuard,482,normal,ABSTAIN,0.0134190190141963,0.034534240110064,0.3885714285714286
source,NO_PER_RAW,4,PhyGuard,1026,normal,ABSTAIN,0.0241513982842842,0.0680321078430541,0.3549999999999999
source,NO_PER_RAW,4,PhyGuard,432,adaptation_mismatch,adaptation_mismatch,0.8341436577556088,0.9999724168898408,0.8341666666666667
source,NO_PER_RAW,4,PhyGuard,835,interference,interference,0.7562310165923392,0.9955866373130084,0.7595833333333333
source,NO_PER_RAW,4,PhyGuard,881,blockage,blockage,0.5502942856659756,0.7337257142213008,0.75
source,NO_PER_RAW,4,PhyGuard,797,nonphysical_goodput,ABSTAIN,0.0266379475239254,0.0537597326416255,0.4955000000000001
source,NO_PER_RAW,4,PhyGuard,404,mobility,mobility,0.9513628178633264,0.997933025730762,0.9533333333333333
source,NO_PER_RAW,4,PhyGuard,567,interference,interference,0.5000158411153465,0.9607990541848132,0.5204166666666665
source,NO_PER_RAW,4,PhyGuard,1060,nonphysical_goodput,ABSTAIN,0.0192765756735529,0.0569450450704569,0.3385119047619048
source,NO_PER_RAW,4,PhyGuard,623,blockage,blockage,0.8182249984083666,0.937346060229155,0.8729166666666667
source,NO_PER_RAW,4,PhyGuard,242,nonphysical_goodput,ABSTAIN,0.0183620987292843,0.0341923363613363,0.5370238095238095
source,NO_PER_RAW,4,PhyGuard,47,blockage,blockage,0.7560339076075655,0.838872574321848,0.90125
source,NO_PER_RAW,4,PhyGuard,93,mobility,mobility,0.912515399847488,0.9240662276936584,0.9875
source,NO_PER_RAW,4,PhyGuard,369,mobility,mobility,0.7366524340425412,0.7440933677197387,0.99
source,NO_PER_RAW,4,PhyGuard,101,mobility,mobility,0.9911407206517692,0.9911407206517692,1.0
source,NO_PER_RAW,4,PhyGuard,123,mobility,mobility,0.9992222830780636,0.9992222830780636,1.0
source,NO_PER_RAW,4,PhyGuard,310,interference,interference,0.965541665779188,0.9999999990808488,0.9655416666666666
source,NO_PER_RAW,4,PhyGuard,557,interference,interference,0.3700967732567493,0.6535925355527582,0.56625
source,NO_PER_RAW,4,PhyGuard,521,nonphysical_goodput,ABSTAIN,0.0061573665070182,0.0188011191053993,0.3275000000000002
source,NO_PER_RAW,4,PhyGuard,884,blockage,blockage,0.9755657387423244,0.9837637701603272,0.9916666666666666
source,NO_PER_RAW,4,PhyGuard,323,blockage,ABSTAIN,0.2686797476200481,0.7229051505472149,0.3716666666666666
source,NO_PER_RAW,4,PhyGuard,515,nonphysical_goodput,ABSTAIN,0.0321097961511449,0.0883755857370961,0.3633333333333333
source,NO_PER_RAW,4,PhyGuard,17,interference,interference,0.9931249864932428,0.9999999863997412,0.993125
source,NO_PER_RAW,4,PhyGuard,147,adaptation_mismatch,adaptation_mismatch,0.7228595193685916,0.9993449576524304,0.7233333333333336
source,NO_PER_RAW,4,PhyGuard,10,interference,interference,0.9761898910526676,0.9999384287351268,0.97625
source,NO_PER_RAW,4,PhyGuard,318,blockage,ABSTAIN,0.1187892066786677,0.2739784009063176,0.4335714285714286
source,NO_PER_RAW,4,PhyGuard,261,nonphysical_goodput,ABSTAIN,0.011330620524863,0.0231828552938375,0.4887500000000002
source,NO_PER_RAW,4,PhyGuard,1065,nonphysical_goodput,ABSTAIN,0.0387798454221377,0.0840755456306508,0.46125
source,NO_PER_RAW,4,PhyGuard,923,mobility,mobility,0.8772665300765741,0.8951699286495653,0.98
source,NO_PER_RAW,4,PhyGuard,264,nonphysical_goodput,ABSTAIN,0.0265826561559107,0.0771443467644327,0.3445833333333333
source,NO_PER_RAW,4,PhyGuard,581,interference,interference,0.8899804800749807,0.9999780674999782,0.89
source,NO_PER_RAW,4,PhyGuard,755,normal,ABSTAIN,0.0349539011003244,0.0757124211559374,0.4616666666666667
source,NO_PER_RAW,4,PhyGuard,661,mobility,mobility,0.8752034115275633,0.9742524061531316,0.8983333333333334
source,NO_PER_SCORE,0,PhyGuard,795,nonphysical_goodput,ABSTAIN,0.0230232218026535,0.0582214430646299,0.3954423076923077
source,NO_PER_SCORE,0,PhyGuard,98,mobility,mobility,0.9897810337615108,0.9980985214401792,0.9916666666666668
source,NO_PER_SCORE,0,PhyGuard,547,interference,interference,0.5773656356767914,0.9414849338390404,0.61325
source,NO_PER_SCORE,0,PhyGuard,902,mobility,mobility,0.9701635220931628,0.990805299158975,0.9791666666666664
source,NO_PER_SCORE,0,PhyGuard,968,adaptation_mismatch,adaptation_mismatch,0.6158609285392561,0.9999997035502786,0.615861111111111
source,NO_PER_SCORE,0,PhyGuard,125,mobility,mobility,0.965466015537259,0.9678857298619136,0.9975
source,NO_PER_SCORE,0,PhyGuard,63,blockage,blockage,0.9692254260758488,0.9880813110959296,0.9809166666666668
source,NO_PER_SCORE,0,PhyGuard,519,nonphysical_goodput,ABSTAIN,0.3045769537216014,0.8086113815617738,0.3766666666666666
source,NO_PER_SCORE,0,PhyGuard,712,adaptation_mismatch,adaptation_mismatch,0.7358357657204455,0.9910246002968962,0.7425
source,NO_PER_SCORE,0,PhyGuard,981,adaptation_mismatch,ABSTAIN,0.4714043025488033,0.9997970361586496,0.4715
source,NO_PER_SCORE,0,PhyGuard,600,blockage,blockage,0.5417538278361917,0.6971631028455012,0.7770833333333336
source,NO_PER_SCORE,0,PhyGuard,32,interference,interference,0.949774509788924,0.9999999999842092,0.9497745098039216
source,NO_PER_SCORE,0,PhyGuard,149,adaptation_mismatch,ABSTAIN,0.5290004645290142,0.999843372869455,0.5290833333333333
source,NO_PER_SCORE,0,PhyGuard,784,nonphysical_goodput,ABSTAIN,0.0538947811506799,0.0729679478880611,0.7386089743589743
source,NO_PER_SCORE,0,PhyGuard,48,blockage,blockage,0.9752676210239346,0.9881130912096602,0.987
source,NO_PER_SCORE,0,PhyGuard,131,mobility,mobility,0.9940755232463824,0.999908321790158,0.9941666666666668
source,NO_PER_SCORE,0,PhyGuard,107,mobility,mobility,0.925291519725428,0.9949371179843312,0.9299999999999998
source,NO_PER_SCORE,0,PhyGuard,614,blockage,blockage,0.4892059367380226,0.7185399315613552,0.6808333333333333
source,NO_PER_SCORE,0,PhyGuard,128,mobility,ABSTAIN,0.2075996755982996,0.2684120460671887,0.773436507936508
source,NO_PER_SCORE,0,PhyGuard,214,normal,ABSTAIN,0.0202586854141883,0.0616859236158995,0.3284166666666667
source,NO_PER_SCORE,0,PhyGuard,550,interference,interference,0.5124464454626501,0.8226565010771639,0.6229166666666667
source,NO_PER_SCORE,0,PhyGuard,79,blockage,blockage,0.9879582182569552,0.9983577784491336,0.9895833333333336
source,NO_PER_SCORE,0,PhyGuard,659,mobility,mobility,0.7333261341563367,0.7625575051885651,0.9616666666666666
source,NO_PER_SCORE,0,PhyGuard,644,mobility,ABSTAIN,0.0838793796345441,0.1049333057176334,0.7993589743589742
source,NO_PER_SCORE,0,PhyGuard,527,nonphysical_goodput,ABSTAIN,0.0176259685079409,0.0453438503832254,0.3887179487179487
source,NO_PER_SCORE,0,PhyGuard,743,normal,ABSTAIN,0.0402172265489033,0.135032657690778,0.2978333333333333
source,NO_PER_SCORE,0,PhyGuard,813,interference,ABSTAIN,0.4994017432691725,0.9412807726539376,0.5305555555555557
source,NO_PER_SCORE,0,PhyGuard,302,interference,interference,0.7634411699820931,0.9999999915009892,0.7634411764705881
source,NO_PER_SCORE,0,PhyGuard,136,adaptation_mismatch,adaptation_mismatch,0.7149934013998811,0.9932763159062946,0.7198333333333333
source,NO_PER_SCORE,0,PhyGuard,436,adaptation_mismatch,adaptation_mismatch,0.8083322515042398,0.9999986616547296,0.8083333333333335
source,NO_PER_SCORE,0,PhyGuard,73,blockage,blockage,0.7505857046655833,0.7658837631363984,0.9800256132756132
source,NO_PER_SCORE,0,PhyGuard,239,nonphysical_goodput,mobility,0.4020648479385577,0.6534710967402042,0.6152756410256409
source,NO_PER_SCORE,0,PhyGuard,374,mobility,mobility,0.9751404124435212,0.9992899188148808,0.9758333333333332
source,NO_PER_SCORE,0,PhyGuard,767,nonphysical_goodput,ABSTAIN,0.0398706221555398,0.09714669357695,0.4104166666666666
source,NO_PER_SCORE,0,PhyGuard,931,mobility,mobility,0.6089340779875995,0.7891154358370618,0.7716666666666668
source,NO_PER_SCORE,0,PhyGuard,884,blockage,blockage,0.979872843530703,0.988938109534772,0.9908333333333332
source,NO_PER_SCORE,0,PhyGuard,386,mobility,mobility,0.9922571886019932,0.997243405630144,0.995
source,NO_PER_SCORE,0,PhyGuard,1004,normal,ABSTAIN,0.0076315641080679,0.0228244632066449,0.3343589743589744
source,NO_PER_SCORE,0,PhyGuard,699,adaptation_mismatch,ABSTAIN,0.4741284994158192,0.981971348462173,0.4828333333333333
source,NO_PER_SCORE,0,PhyGuard,385,mobility,mobility,0.8606377820608346,0.9978409067371996,0.8625
source,NO_PER_SCORE,0,PhyGuard,938,mobility,mobility,0.961600053241178,0.961600053241178,1.0
source,NO_PER_SCORE,0,PhyGuard,267,nonphysical_goodput,ABSTAIN,0.182779943705007,0.2870889168141473,0.6366666666666666
source,NO_PER_SCORE,0,PhyGuard,778,nonphysical_goodput,ABSTAIN,0.0449856872384713,0.0599588801483346,0.750275641025641
source,NO_PER_SCORE,0,PhyGuard,1061,nonphysical_goodput,ABSTAIN,0.0200816624723081,0.0456694172499865,0.4397179487179488
source,NO_PER_SCORE,0,PhyGuard,660,mobility,mobility,0.5681608744255245,0.7005682791930018,0.811
source,NO_PER_SCORE,0,PhyGuard,403,mobility,mobility,0.5300483443701763,0.5557518682780356,0.95375
source,NO_PER_SCORE,0,PhyGuard,551,interference,ABSTAIN,0.2123099325591993,0.4754305632512682,0.4465634920634922
source,NO_PER_SCORE,0,PhyGuard,425,adaptation_mismatch,adaptation_mismatch,0.684397994518737,0.9999727181571708,0.6844166666666667
source,NO_PER_SCORE,0,PhyGuard,462,normal,ABSTAIN,0.0471869465146796,0.0665777023134809,0.7087499999999999
source,NO_PER_SCORE,0,PhyGuard,309,interference,ABSTAIN,0.5465829374826255,0.9999992757724514,0.5465833333333332
source,NO_PER_SCORE,0,PhyGuard,954,adaptation_mismatch,ABSTAIN,0.4691785425050289,0.9998604028876846,0.4692440476190477
source,NO_PER_SCORE,0,PhyGuard,833,interference,interference,0.9621078265779596,0.9999999827885248,0.962107843137255
source,NO_PER_SCORE,0,PhyGuard,175,adaptation_mismatch,interference,0.9411063855565892,0.99999845120761,0.941107843137255
source,NO_PER_SCORE,0,PhyGuard,229,nonphysical_goodput,ABSTAIN,0.0216052703730285,0.0502448148209966,0.43
source,NO_PER_SCORE,0,PhyGuard,407,adaptation_mismatch,adaptation_mismatch,0.6175828765860831,0.999999260428147,0.6175833333333334
source,NO_PER_SCORE,0,PhyGuard,450,normal,ABSTAIN,0.0899332930468919,0.2222862032055003,0.4045833333333332
source,NO_PER_SCORE,0,PhyGuard,686,adaptation_mismatch,ABSTAIN,0.210479577071541,0.5761302292104227,0.3653333333333333
source,NO_PER_SCORE,0,PhyGuard,69,blockage,blockage,0.9883991286221216,0.9921195770360066,0.99625
source,NO_PER_SCORE,0,PhyGuard,317,blockage,ABSTAIN,0.3453730010320222,0.8466753855739052,0.4079166666666667
source,NO_PER_SCORE,0,PhyGuard,331,blockage,ABSTAIN,0.1125759029191871,0.1925288600993225,0.584722222222222
source,NO_PER_SCORE,0,PhyGuard,203,normal,ABSTAIN,0.014820198782261,0.0386613881276375,0.3833333333333333
source,NO_PER_SCORE,0,PhyGuard,162,adaptation_mismatch,adaptation_mismatch,0.9275833006566828,0.9999999647722748,0.9275833333333336
source,NO_PER_SCORE,0,PhyGuard,1044,nonphysical_goodput,blockage,0.443842379405562,0.6015935865436833,0.7377777777777779
source,NO_PER_SCORE,0,PhyGuard,202,normal,ABSTAIN,0.0862830411633613,0.1782613023982144,0.4840256410256409
source,NO_PER_SCORE,0,PhyGuard,665,mobility,ABSTAIN,0.1259741754308133,0.1369618522298977,0.9197756410256412
source,NO_PER_SCORE,0,PhyGuard,218,normal,mobility,0.4629358194974631,0.8142743019687028,0.5685256410256411
source,NO_PER_SCORE,0,PhyGuard,291,interference,ABSTAIN,0.5144736218912775,0.9765763968498984,0.526813492063492
source,NO_PER_SCORE,0,PhyGuard,1018,normal,ABSTAIN,0.2354304455413829,0.5393595545048864,0.4365
source,NO_PER_SCORE,0,PhyGuard,264,nonphysical_goodput,ABSTAIN,0.0231337037724593,0.0705295846721322,0.3279999999999999
source,NO_PER_SCORE,0,PhyGuard,694,adaptation_mismatch,adaptation_mismatch,0.8413285648560419,0.9875640038942254,0.8519230769230768
source,NO_PER_SCORE,0,PhyGuard,353,blockage,blockage,0.6087136760825614,0.915703160710886,0.66475
source,NO_PER_SCORE,0,PhyGuard,1031,normal,ABSTAIN,0.071112046573647,0.1322331444551288,0.5377777777777775
source,NO_PER_SCORE,0,PhyGuard,118,mobility,mobility,0.6689217928347414,0.7336392557529479,0.9117857142857144
source,NO_PER_SCORE,0,PhyGuard,101,mobility,mobility,0.9890560084809576,0.9940261391768416,0.995
source,NO_PER_SCORE,0,PhyGuard,188,normal,ABSTAIN,0.0497489647665386,0.1396135587461328,0.3563333333333333
source,NO_PER_SCORE,0,PhyGuard,1011,normal,mobility,0.2854318260315882,0.4470933184152276,0.6384166666666665
source,NO_PER_SCORE,0,PhyGuard,186,normal,ABSTAIN,0.3391374905396757,0.8155610994942101,0.4158333333333333
source,NO_PER_SCORE,0,PhyGuard,38,interference,interference,0.9801666664982726,0.9999999998281984,0.9801666666666666
source,NO_PER_SCORE,0,PhyGuard,703,adaptation_mismatch,adaptation_mismatch,0.4936949700420358,0.5889005606863251,0.8383333333333333
source,NO_PER_SCORE,0,PhyGuard,1009,normal,ABSTAIN,0.0797310089168038,0.1289049372061499,0.6185256410256411
source,NO_PER_SCORE,0,PhyGuard,942,mobility,mobility,0.9916626863381588,0.9987370739452712,0.9929166666666666
source,NO_PER_SCORE,0,PhyGuard,764,normal,ABSTAIN,0.0451133602056338,0.142014775043968,0.3176666666666667
source,NO_PER_SCORE,0,PhyGuard,925,mobility,mobility,0.9293653422508386,0.9352104072964412,0.99375
source,NO_PER_SCORE,0,PhyGuard,723,normal,ABSTAIN,0.104153789488177,0.1552410227124735,0.6709166666666667
source,NO_PER_SCORE,0,PhyGuard,419,adaptation_mismatch,ABSTAIN,0.5195837418494154,0.9562890954283716,0.5433333333333334
source,NO_PER_SCORE,0,PhyGuard,894,blockage,blockage,0.7499912974599907,0.8424239222639521,0.8902777777777777
source,NO_PER_SCORE,0,PhyGuard,906,mobility,mobility,0.583929723288167,0.6839586802789657,0.85375
source,NO_PER_SCORE,0,PhyGuard,333,blockage,blockage,0.6905912209399371,0.9012609734942082,0.7662500000000001
source,NO_PER_SCORE,0,PhyGuard,429,adaptation_mismatch,adaptation_mismatch,0.7149615822060663,0.9997132354314608,0.7151666666666666
source,NO_PER_SCORE,0,PhyGuard,948,adaptation_mismatch,adaptation_mismatch,0.6371994959095096,0.998875761059976,0.6379166666666666
source,NO_PER_SCORE,0,PhyGuard,844,interference,interference,0.5533107455239716,0.9998086050726788,0.5534166666666667
source,NO_PER_SCORE,0,PhyGuard,431,adaptation_mismatch,adaptation_mismatch,0.6337983669347643,0.9791092013337048,0.6473214285714286
source,NO_PER_SCORE,0,PhyGuard,1033,normal,ABSTAIN,0.0253387113446614,0.0569836087211276,0.4446666666666666
source,NO_PER_SCORE,0,PhyGuard,992,normal,ABSTAIN,0.1399326123613508,0.3244814199683498,0.4312500000000001
source,NO_PER_SCORE,0,PhyGuard,280,interference,ABSTAIN,0.1626416168551485,0.4976286084298271,0.3268333333333333
source,NO_PER_SCORE,0,PhyGuard,587,blockage,ABSTAIN,0.1286142440950375,0.1677577096891794,0.7666666666666667
source,NO_PER_SCORE,0,PhyGuard,482,normal,ABSTAIN,0.0116279318893477,0.0386666864969995,0.3007222222222221
source,NO_PER_SCORE,0,PhyGuard,619,blockage,blockage,0.9057497660087744,0.9734883288943388,0.9304166666666668
source,NO_PER_SCORE,0,PhyGuard,351,blockage,blockage,0.7629189758083469,0.969709533915916,0.78675
source,NO_PER_SCORE,0,PhyGuard,33,interference,interference,0.9596078425237548,0.999999999360676,0.959607843137255
source,NO_PER_SCORE,0,PhyGuard,401,mobility,mobility,0.9819653456528932,0.9990321447931088,0.9829166666666668
source,NO_PER_SCORE,0,PhyGuard,532,nonphysical_goodput,ABSTAIN,0.0469478765388114,0.0938644649226487,0.5001666666666668
source,NO_PER_SCORE,0,PhyGuard,293,interference,interference,0.6626192153396121,0.9939288230094184,0.6666666666666665
source,NO_PER_SCORE,0,PhyGuard,14,interference,interference,0.9398967034173942,0.999801475135957,0.9400833333333332
source,NO_PER_SCORE,0,PhyGuard,790,nonphysical_goodput,ABSTAIN,0.0646252879324221,0.0880522723040993,0.7339423076923077
source,NO_PER_SCORE,0,PhyGuard,1042,nonphysical_goodput,ABSTAIN,0.0413413408747052,0.1099991331477745,0.3758333333333333
source,NO_PER_SCORE,0,PhyGuard,382,mobility,mobility,0.992809481488348,0.99947263237082,0.9933333333333334
source,NO_PER_SCORE,0,PhyGuard,635,mobility,ABSTAIN,0.0378945764562837,0.0570321546619998,0.6644423076923076
source,NO_PER_SCORE,0,PhyGuard,598,blockage,blockage,0.4005114341536103,0.6253919596412912,0.6404166666666667
source,NO_PER_SCORE,0,PhyGuard,972,adaptation_mismatch,adaptation_mismatch,0.6571526830486614,0.9999998558491732,0.6571527777777777
source,NO_PER_SCORE,0,PhyGuard,595,blockage,ABSTAIN,0.1473331287972487,0.2522107768283859,0.5841666666666667
source,NO_PER_SCORE,0,PhyGuard,632,mobility,ABSTAIN,0.1334107014961053,0.3448790215323705,0.3868333333333333
source,NO_PER_SCORE,0,PhyGuard,666,mobility,mobility,0.8744672734569442,0.9500776171555754,0.9204166666666668
source,NO_PER_SCORE,0,PhyGuard,786,nonphysical_goodput,ABSTAIN,0.0603565918132364,0.188761819587917,0.3197500000000001
source,NO_PER_SCORE,0,PhyGuard,143,adaptation_mismatch,adaptation_mismatch,0.6144443003205431,0.999999765440305,0.6144444444444446
source,NO_PER_SCORE,0,PhyGuard,584,interference,interference,0.8324925384825211,0.9999910372162416,0.8324999999999999
source,NO_PER_SCORE,0,PhyGuard,913,mobility,mobility,0.8022253368886765,0.8680526639011829,0.9241666666666668
source,NO_PER_SCORE,0,PhyGuard,241,nonphysical_goodput,ABSTAIN,0.0187183802084908,0.0489903080702051,0.3820833333333333
source,NO_PER_SCORE,0,PhyGuard,922,mobility,mobility,0.5447638229578675,0.7089103195733675,0.768452380952381
source,NO_PER_SCORE,0,PhyGuard,251,nonphysical_goodput,ABSTAIN,0.0127596867901089,0.0395795306635581,0.3223809523809524
source,NO_PER_SCORE,0,PhyGuard,1055,nonphysical_goodput,ABSTAIN,0.0681959946558778,0.1519405747995793,0.4488333333333333
source,NO_PER_SCORE,0,PhyGuard,197,normal,ABSTAIN,0.046593047348445,0.0715898294726428,0.6508333333333333
source,NO_PER_SCORE,0,PhyGuard,172,adaptation_mismatch,adaptation_mismatch,0.8780905696743497,0.999913345615126,0.8781666666666667
source,NO_PER_SCORE,0,PhyGuard,888,blockage,blockage,0.3677276429511812,0.4957011587749016,0.7418333333333333
source,NO_PER_SCORE,0,PhyGuard,155,adaptation_mismatch,adaptation_mismatch,0.7364986395138333,0.9999981527682734,0.7364999999999999
source,NO_PER_SCORE,0,PhyGuard,89,blockage,blockage,0.990284827721962,0.9946880807663648,0.9955732323232322
source,NO_PER_SCORE,0,PhyGuard,169,adaptation_mismatch,adaptation_mismatch,0.9699999971866372,0.999999997099626,0.97
source,NO_PER_SCORE,0,PhyGuard,508,nonphysical_goodput,ABSTAIN,0.0801231762336185,0.1716005916122474,0.4669166666666667
source,NO_PER_SCORE,0,PhyGuard,287,interference,interference,0.483374157696395,0.8454937720517217,0.5717063492063492
source,NO_PER_SCORE,0,PhyGuard,350,blockage,blockage,0.9872736172283522,0.9997707516236476,0.9875
source,NO_PER_SCORE,0,PhyGuard,965,adaptation_mismatch,ABSTAIN,0.4912136078243747,0.9999259192353684,0.49125
source,NO_PER_SCORE,0,PhyGuard,717,adaptation_mismatch,adaptation_mismatch,0.7841545535760934,0.9999845529131904,0.7841666666666666
source,NO_PER_SCORE,0,PhyGuard,487,normal,ABSTAIN,0.1736331501824068,0.37918067373774,0.4579166666666666
source,NO_PER_SCORE,0,PhyGuard,581,interference,interference,0.9037983305945044,0.9999612730162322,0.9038333333333332
source,NO_PER_SCORE,0,PhyGuard,442,adaptation_mismatch,adaptation_mismatch,0.915416563697144,0.9999998875162248,0.9154166666666664
source,NO_PER_SCORE,0,PhyGuard,1043,nonphysical_goodput,ABSTAIN,0.0056620495414785,0.0150120624166466,0.3771666666666668
source,NO_PER_SCORE,0,PhyGuard,820,interference,ABSTAIN,0.1328306359182165,0.3074190223758146,0.4320833333333334
source,NO_PER_SCORE,0,PhyGuard,1073,nonphysical_goodput,ABSTAIN,0.4207639427411002,0.9738027604422764,0.4320833333333332
source,NO_PER_SCORE,0,PhyGuard,1034,normal,ABSTAIN,0.0537038079007067,0.1805170013469134,0.2975000000000001
source,NO_PER_SCORE,0,PhyGuard,475,normal,ABSTAIN,0.0143929984529971,0.0326291218035482,0.4411089743589743
source,NO_PER_SCORE,0,PhyGuard,273,interference,ABSTAIN,0.0941508257760287,0.1679432032473013,0.5606111111111112
source,NO_PER_SCORE,0,PhyGuard,25,interference,interference,0.9866666362445272,0.9999999691667506,0.9866666666666668
source,NO_PER_SCORE,0,PhyGuard,441,adaptation_mismatch,adaptation_mismatch,0.8374911430668337,0.9999894245574132,0.8375000000000001
source,NO_PER_SCORE,0,PhyGuard,11,interference,interference,0.954561771174916,0.9999774119684846,0.9545833333333336
source,NO_PER_SCORE,0,PhyGuard,1054,nonphysical_goodput,ABSTAIN,0.0459325636008685,0.1195641568786165,0.3841666666666665
source,NO_PER_SCORE,0,PhyGuard,733,normal,ABSTAIN,0.044999430318455,0.1456685092585541,0.3089166666666668
source,NO_PER_SCORE,0,PhyGuard,748,normal,ABSTAIN,0.1188018449078848,0.274792239571052,0.4323333333333333
source,NO_PER_SCORE,0,PhyGuard,773,nonphysical_goodput,ABSTAIN,0.0640754963172279,0.112293180087486,0.5706089743589743
source,NO_PER_SCORE,0,PhyGuard,571,interference,interference,0.8104786755696307,0.9999736897836284,0.8105
source,NO_PER_SCORE,0,PhyGuard,45,blockage,ABSTAIN,0.0374339586241233,0.0850503319954837,0.4401388888888888
source,NO_PER_SCORE,0,PhyGuard,864,blockage,blockage,0.5685920279169612,0.8312411372593139,0.6840277777777777
source,NO_PER_SCORE,0,PhyGuard,751,normal,ABSTAIN,0.0161438285198374,0.0267270582957787,0.6040256410256409
source,NO_PER_SCORE,0,PhyGuard,753,normal,ABSTAIN,0.0675488711920652,0.1413819906076796,0.477775641025641
source,NO_PER_SCORE,0,PhyGuard,17,interference,interference,0.9843333260604752,0.9999999926113868,0.9843333333333334
source,NO_PER_SCORE,0,PhyGuard,82,blockage,blockage,0.9834830234482436,0.9943959087075483,0.9890256132756132
source,NO_PER_SCORE,0,PhyGuard,222,normal,ABSTAIN,0.0776162488936406,0.106566932119415,0.7283333333333334
source,NO_PER_SCORE,0,PhyGuard,415,adaptation_mismatch,ABSTAIN,0.1328729238610396,0.2765077030866584,0.4805396825396824
source,NO_PER_SCORE,0,PhyGuard,464,normal,ABSTAIN,0.0427352885385506,0.0940681662741304,0.4543012820512821
source,NO_PER_SCORE,0,PhyGuard,282,interference,ABSTAIN,0.2769639503862611,0.6723785969320519,0.4119166666666667
source,NO_PER_SCORE,0,PhyGuard,562,interference,interference,0.8320401036216585,0.9970522511943184,0.8344999999999999
source,NO_PER_SCORE,0,PhyGuard,746,normal,ABSTAIN,0.0097734067467332,0.0233162785210336,0.4191666666666666
source,NO_PER_SCORE,0,PhyGuard,802,nonphysical_goodput,ABSTAIN,0.060588770617936,0.1307201092080604,0.4635
source,NO_PER_SCORE,0,PhyGuard,338,blockage,blockage,0.6293606036362912,0.9099189450163244,0.6916666666666669
source,NO_PER_SCORE,0,PhyGuard,500,nonphysical_goodput,ABSTAIN,0.006189547284097,0.0201924514932027,0.3065277777777779
source,NO_PER_SCORE,0,PhyGuard,985,adaptation_mismatch,ABSTAIN,0.4957921106748286,0.9999768844873184,0.4958035714285715
source,NO_PER_SCORE,0,PhyGuard,1067,nonphysical_goodput,ABSTAIN,0.0054590849251053,0.0114426234238016,0.4770833333333332
source,NO_PER_SCORE,0,PhyGuard,814,interference,ABSTAIN,0.2129239057524098,0.524874048691232,0.4056666666666667
source,NO_PER_SCORE,0,PhyGuard,103,mobility,mobility,0.7146167299535617,0.7205354137090288,0.9917857142857142
source,NO_PER_SCORE,0,PhyGuard,476,normal,ABSTAIN,0.0112971277293873,0.0348856234566774,0.3238333333333334
source,NO_PER_SCORE,0,PhyGuard,20,interference,interference,0.75690442525579,0.9993236993144988,0.7574166666666667
source,NO_PER_SCORE,0,PhyGuard,874,blockage,blockage,0.2226845081206384,0.3663076213087953,0.6079166666666667
source,NO_PER_SCORE,0,PhyGuard,706,adaptation_mismatch,adaptation_mismatch,0.8080474617439725,0.9960523411327856,0.81125
source,NO_PER_SCORE,0,PhyGuard,835,interference,interference,0.8119643475375933,0.9983168207429428,0.8133333333333332
source,NO_PER_SCORE,0,PhyGuard,804,nonphysical_goodput,ABSTAIN,0.1160679784763747,0.2468656046998399,0.4701666666666667
source,NO_PER_SCORE,0,PhyGuard,946,adaptation_mismatch,ABSTAIN,0.5246077890407589,0.9999998968820296,0.524607843137255
source,NO_PER_SCORE,0,PhyGuard,856,blockage,blockage,0.597436435564553,0.7071415972488543,0.8448611111111113
source,NO_PER_SCORE,0,PhyGuard,518,nonphysical_goodput,ABSTAIN,0.022827881509329,0.0596157950189223,0.3829166666666667
source,NO_PER_SCORE,0,PhyGuard,6,interference,interference,0.9589721514387446,0.9999709608328932,0.959
source,NO_PER_SCORE,0,PhyGuard,609,blockage,blockage,0.7153848936271503,0.7723453642398385,0.92625
source,NO_PER_SCORE,0,PhyGuard,256,nonphysical_goodput,ABSTAIN,0.0052860923189484,0.0167812454569791,0.315
source,NO_PER_SCORE,0,PhyGuard,243,nonphysical_goodput,ABSTAIN,0.003643047129767,0.0122064602672688,0.298452380952381
source,NO_PER_SCORE,0,PhyGuard,620,blockage,blockage,0.8183734345711328,0.8484217032270923,0.9645833333333332
source,NO_PER_SCORE,0,PhyGuard,999,normal,ABSTAIN,0.0264448364651781,0.0638250276713872,0.4143333333333333
source,NO_PER_SCORE,0,PhyGuard,526,nonphysical_goodput,ABSTAIN,0.0238087223345489,0.0500358437853919,0.4758333333333332
source,NO_PER_SCORE,0,PhyGuard,320,blockage,ABSTAIN,0.0871371868933103,0.1107676104575978,0.7866666666666666
source,NO_PER_SCORE,0,PhyGuard,300,interference,interference,0.8808332935277292,0.9999999548091536,0.8808333333333331
source,NO_PER_SCORE,0,PhyGuard,391,mobility,mobility,0.9578522463462072,0.990028161598147,0.9675
source,NO_PER_SCORE,0,PhyGuard,651,mobility,mobility,0.6157109215559962,0.8606326218604489,0.7154166666666667
source,NO_PER_SCORE,0,PhyGuard,857,blockage,blockage,0.9229451587633892,0.977955135113525,0.94375
source,NO_PER_SCORE,0,PhyGuard,727,normal,ABSTAIN,0.0290471323724664,0.042699062880853,0.680275641025641
source,NO_PER_SCORE,0,PhyGuard,845,interference,adaptation_mismatch,0.5874986834011279,0.9999977589806432,0.5874999999999999
source,NO_PER_SCORE,0,PhyGuard,360,mobility,mobility,0.3980508176981945,0.6041425365732828,0.6588690476190477
source,NO_PER_SCORE,0,PhyGuard,489,normal,ABSTAIN,0.0436318886850931,0.0846947046621025,0.5151666666666667
source,NO_PER_SCORE,0,PhyGuard,840,interference,interference,0.9669411754348256,0.9999999989288256,0.9669411764705882
source,NO_PER_SCORE,0,PhyGuard,154,adaptation_mismatch,adaptation_mismatch,0.8400466580473247,0.9997579982711392,0.84025
source,NO_PER_SCORE,0,PhyGuard,681,adaptation_mismatch,ABSTAIN,0.0805462386694783,0.199104700803763,0.4045421245421245
source,NO_PER_SCORE,0,PhyGuard,234,nonphysical_goodput,ABSTAIN,0.1202875872101435,0.2147255247142967,0.5601923076923075
source,NO_PER_SCORE,0,PhyGuard,119,mobility,mobility,0.9891876837957184,0.9941584761766016,0.995
source,NO_PER_SCORE,0,PhyGuard,322,blockage,blockage,0.770205636004208,0.9358513195676892,0.8229999999999998
source,NO_PER_SCORE,0,PhyGuard,683,adaptation_mismatch,ABSTAIN,0.339428524419196,0.8845042981607714,0.38375
source,NO_PER_SCORE,0,PhyGuard,366,mobility,mobility,0.3415558685982533,0.3899781563443426,0.8758333333333332
source,NO_PER_SCORE,0,PhyGuard,618,blockage,blockage,0.8324718378555902,0.9711901666602258,0.8571666666666666
source,NO_PER_SCORE,0,PhyGuard,184,normal,ABSTAIN,0.0185198320411624,0.0512659710482005,0.3612500000000001
source,NO_PER_SCORE,0,PhyGuard,57,blockage,ABSTAIN,0.2110967006359539,0.295068189590151,0.7154166666666667
source,NO_PER_SCORE,0,PhyGuard,899,blockage,blockage,0.8916248253703152,0.9987396531731336,0.8927500000000002
source,NO_PER_SCORE,0,PhyGuard,837,interference,interference,0.7072281520632566,0.9990274072700502,0.7079166666666669
source,NO_PER_SCORE,0,PhyGuard,872,blockage,blockage,0.9206619723493652,0.9990905831246502,0.9215
source,NO_PER_SCORE,0,PhyGuard,976,adaptation_mismatch,adaptation_mismatch,0.8956666445659193,0.9999999753248076,0.8956666666666666
source,NO_PER_SCORE,0,PhyGuard,556,interference,interference,0.8505596848936158,0.9886396957306656,0.8603333333333333
source,NO_PER_SCORE,0,PhyGuard,523,nonphysical_goodput,ABSTAIN,0.014530460675096,0.0274664582361741,0.529025641025641
source,NO_PER_SCORE,0,PhyGuard,564,interference,interference,0.7202390506657298,0.9614938934240468,0.7490833333333333
source,NO_PER_SCORE,0,PhyGuard,497,nonphysical_goodput,ABSTAIN,0.0638888646405093,0.0920367797942512,0.6941666666666666
source,NO_PER_SCORE,0,PhyGuard,646,mobility,mobility,0.5841560091817207,0.6361045472033257,0.9183333333333332
source,NO_PER_SCORE,0,PhyGuard,1066,nonphysical_goodput,ABSTAIN,0.1130789066842745,0.2535255740549989,0.446025641025641
source,NO_PER_SCORE,0,PhyGuard,920,mobility,mobility,0.9815583841644996,0.9881460243266776,0.9933333333333334
source,NO_PER_SCORE,0,PhyGuard,471,normal,ABSTAIN,0.0213778309999848,0.0479985842832129,0.4453846153846154
source,NO_PER_SCORE,1,PhyGuard,536,nonphysical_goodput,ABSTAIN,0.0401998128736197,0.1364039327522496,0.2947115384615385
source,NO_PER_SCORE,1,PhyGuard,794,nonphysical_goodput,ABSTAIN,0.0541372152715815,0.1110653022404881,0.4874358974358974
source,NO_PER_SCORE,1,PhyGuard,966,adaptation_mismatch,ABSTAIN,0.4962258638794228,0.9999993418389156,0.4962261904761905
source,NO_PER_SCORE,1,PhyGuard,91,mobility,mobility,0.999422174726868,0.999422174726868,1.0
source,NO_PER_SCORE,1,PhyGuard,563,interference,interference,0.8436311445227012,0.9900805608090382,0.8520833333333332
source,NO_PER_SCORE,1,PhyGuard,49,blockage,ABSTAIN,0.0683391353146092,0.0867247910083874,0.7879999999999999
source,NO_PER_SCORE,1,PhyGuard,881,blockage,blockage,0.29622923257799,0.3563659940787849,0.83125
source,NO_PER_SCORE,1,PhyGuard,40,interference,interference,0.9254166199618667,0.999999949531058,0.9254166666666668
source,NO_PER_SCORE,1,PhyGuard,19,interference,interference,0.8556851648470911,0.9925782482518216,0.8620833333333333
source,NO_PER_SCORE,1,PhyGuard,747,normal,ABSTAIN,0.100320254293412,0.2408056573283932,0.4166025641025641
source,NO_PER_SCORE,1,PhyGuard,485,normal,ABSTAIN,0.2879218427440752,0.6225337140412436,0.4625000000000001
source,NO_PER_SCORE,1,PhyGuard,1048,nonphysical_goodput,ABSTAIN,0.0206476743682447,0.0400601604557698,0.5154166666666666
source,NO_PER_SCORE,1,PhyGuard,244,nonphysical_goodput,ABSTAIN,0.0288219099226719,0.0716585855117831,0.4022115384615385
source,NO_PER_SCORE,1,PhyGuard,902,mobility,mobility,0.9447667359561972,0.9869162856560928,0.9572916666666668
source,NO_PER_SCORE,1,PhyGuard,887,blockage,blockage,0.44918663769411,0.5190408909320481,0.8654166666666667
source,NO_PER_SCORE,1,PhyGuard,60,blockage,blockage,0.9841479820387052,0.9851331151538592,0.999
source,NO_PER_SCORE,1,PhyGuard,134,mobility,mobility,0.991886490940742,0.9993818548521328,0.9925
source,NO_PER_SCORE,1,PhyGuard,337,blockage,blockage,0.7355655130217903,0.9252396390211196,0.7950000000000002
source,NO_PER_SCORE,1,PhyGuard,48,blockage,blockage,0.9704120219887576,0.9752884643103092,0.995
source,NO_PER_SCORE,1,PhyGuard,681,adaptation_mismatch,ABSTAIN,0.0613966973081708,0.1924042744088922,0.3191025641025641
source,NO_PER_SCORE,1,PhyGuard,159,adaptation_mismatch,adaptation_mismatch,0.835187425512158,0.9999820936331554,0.8352023809523808
source,NO_PER_SCORE,1,PhyGuard,631,mobility,ABSTAIN,0.0415782284987809,0.0589298236660265,0.7055549450549451
source,NO_PER_SCORE,1,PhyGuard,628,blockage,blockage,0.8519997816661669,0.8664404559316952,0.9833333333333332
source,NO_PER_SCORE,1,PhyGuard,163,adaptation_mismatch,adaptation_mismatch,0.9492809744977104,0.9999950069953306,0.9492857142857144
source,NO_PER_SCORE,1,PhyGuard,721,normal,ABSTAIN,0.0353603321877667,0.0767579742752606,0.4606730769230768
source,NO_PER_SCORE,1,PhyGuard,1043,nonphysical_goodput,ABSTAIN,0.0096329052299313,0.0211072858468893,0.456378205128205
source,NO_PER_SCORE,1,PhyGuard,543,interference,ABSTAIN,0.2035776681627443,0.5405912852296819,0.3765833333333332
source,NO_PER_SCORE,1,PhyGuard,12,interference,interference,0.5329807066919813,0.9996512160524814,0.5331666666666666
source,NO_PER_SCORE,1,PhyGuard,5,interference,interference,0.9264891345984786,0.9999882726373216,0.9265000000000002
source,NO_PER_SCORE,1,PhyGuard,42,interference,interference,0.9409999995452004,0.9999999995166848,0.941
source,NO_PER_SCORE,1,PhyGuard,936,mobility,mobility,0.7254239850221731,0.8037938892212444,0.9025
source,NO_PER_SCORE,1,PhyGuard,465,normal,ABSTAIN,0.0107525331345907,0.0332849522570921,0.3230448717948718
source,NO_PER_SCORE,1,PhyGuard,236,nonphysical_goodput,ABSTAIN,0.0133679447786598,0.0399517105151716,0.334602564102564
source,NO_PER_SCORE,1,PhyGuard,573,interference,interference,0.912956996668,0.9986767511409298,0.9141666666666666
source,NO_PER_SCORE,1,PhyGuard,508,nonphysical_goodput,ABSTAIN,0.1067723197742855,0.2078293328939865,0.51375
source,NO_PER_SCORE,1,PhyGuard,586,blockage,ABSTAIN,0.1210568279593826,0.2590998836382353,0.467220695970696
source,NO_PER_SCORE,1,PhyGuard,741,normal,ABSTAIN,0.0552216891394189,0.1288162019551305,0.4286858974358975
source,NO_PER_SCORE,1,PhyGuard,961,adaptation_mismatch,interference,0.6487304448361672,0.9999698571655752,0.6487500000000002
source,NO_PER_SCORE,1,PhyGuard,854,interference,interference,0.8529052056569763,0.9999865625680228,0.8529166666666669
source,NO_PER_SCORE,1,PhyGuard,474,normal,ABSTAIN,0.0261788604595157,0.0391948004384515,0.6679166666666667
source,NO_PER_SCORE,1,PhyGuard,384,mobility,mobility,0.9800975928114518,0.998401622558355,0.9816666666666668
source,NO_PER_SCORE,1,PhyGuard,907,mobility,mobility,0.9246442258190334,0.9646364451057076,0.9585416666666666
source,NO_PER_SCORE,1,PhyGuard,853,interference,interference,0.6029102243203973,0.9999893146986548,0.6029166666666668
source,NO_PER_SCORE,1,PhyGuard,476,normal,ABSTAIN,0.013195501282985,0.0357421596399852,0.3691858974358976
source,NO_PER_SCORE,1,PhyGuard,174,adaptation_mismatch,adaptation_mismatch,0.951664905802801,0.99999814970522,0.9516666666666668
source,NO_PER_SCORE,1,PhyGuard,350,blockage,blockage,0.9956752815676948,0.9981707083385412,0.9975
source,NO_PER_SCORE,1,PhyGuard,713,adaptation_mismatch,adaptation_mismatch,0.8188193834755849,0.998306588946611,0.8202083333333334
source,NO_PER_SCORE,1,PhyGuard,997,normal,ABSTAIN,0.000472034788886,0.001056491062643,0.4467948717948717
source,NO_PER_SCORE,1,PhyGuard,770,nonphysical_goodput,ABSTAIN,0.0247162030304,0.055077889761337,0.44875
source,NO_PER_SCORE,1,PhyGuard,653,mobility,mobility,0.3641183346176876,0.4022877825580134,0.9051190476190476
source,NO_PER_SCORE,1,PhyGuard,326,blockage,blockage,0.6898972826344855,0.944525657913728,0.7304166666666666
source,NO_PER_SCORE,1,PhyGuard,363,mobility,mobility,0.797115898734999,0.9015448430556068,0.8841666666666668
source,NO_PER_SCORE,1,PhyGuard,195,normal,ABSTAIN,0.0987851098922965,0.2482957728703498,0.3978525641025641
source,NO_PER_SCORE,1,PhyGuard,824,interference,ABSTAIN,0.0275956609399328,0.0960813102696021,0.2872115384615384
source,NO_PER_SCORE,1,PhyGuard,947,adaptation_mismatch,ABSTAIN,0.3660419232820236,0.930220897794215,0.3935
source,NO_PER_SCORE,1,PhyGuard,565,interference,interference,0.6753723725964713,0.9374746641015218,0.7204166666666666
source,NO_PER_SCORE,1,PhyGuard,916,mobility,mobility,0.989943571226298,0.9965874878117094,0.9933333333333332
source,NO_PER_SCORE,1,PhyGuard,15,interference,interference,0.9004159669349794,0.9999992228801252,0.9004166666666665
source,NO_PER_SCORE,1,PhyGuard,604,blockage,blockage,0.6474592757668921,0.8084819260356614,0.8008333333333333
source,NO_PER_SCORE,1,PhyGuard,392,mobility,mobility,0.873982959676095,0.9978872993447327,0.8758333333333332
source,NO_PER_SCORE,1,PhyGuard,655,mobility,mobility,0.5990987447877839,0.6338870709431143,0.9451190476190476
source,NO_PER_SCORE,1,PhyGuard,864,blockage,blockage,0.4671530998613954,0.700729649792093,0.6666666666666669
source,NO_PER_SCORE,1,PhyGuard,987,adaptation_mismatch,adaptation_mismatch,0.9449999955983088,0.9999999953421256,0.945
source,NO_PER_SCORE,1,PhyGuard,135,adaptation_mismatch,adaptation_mismatch,0.6678296522003356,0.9999944879465972,0.6678333333333333
source,NO_PER_SCORE,1,PhyGuard,818,interference,ABSTAIN,0.2976340691329592,0.7631642798281004,0.39
source,NO_PER_SCORE,1,PhyGuard,85,blockage,blockage,0.9541700022702742,0.983089209860332,0.9705833333333336
source,NO_PER_SCORE,1,PhyGuard,230,nonphysical_goodput,ABSTAIN,0.0447316762192256,0.0885045531130598,0.5054166666666666
source,NO_PER_SCORE,1,PhyGuard,696,adaptation_mismatch,adaptation_mismatch,0.5465498624547068,0.7590970311870929,0.7199999999999999
source,NO_PER_SCORE,1,PhyGuard,554,interference,ABSTAIN,0.4035068229366148,0.816402272001244,0.4942499999999998
source,NO_PER_SCORE,1,PhyGuard,753,normal,ABSTAIN,0.0794633878008188,0.1333571329444545,0.5958690476190476
source,NO_PER_SCORE,1,PhyGuard,911,mobility,mobility,0.9312338299512268,0.9454150557880474,0.985
source,NO_PER_SCORE,1,PhyGuard,441,adaptation_mismatch,adaptation_mismatch,0.8728904385561588,0.9999699534772226,0.8729166666666666
source,NO_PER_SCORE,1,PhyGuard,361,mobility,mobility,0.9317881486150328,0.9678820846899282,0.9627083333333332
source,NO_PER_SCORE,1,PhyGuard,197,normal,ABSTAIN,0.0455748021181049,0.069315288392555,0.6575
source,NO_PER_SCORE,1,PhyGuard,892,blockage,blockage,0.2959108407543706,0.5016146474152348,0.5899166666666668
source,NO_PER_SCORE,1,PhyGuard,272,interference,interference,0.9097930743272978,0.9999557512298564,0.9098333333333336
source,NO_PER_SCORE,1,PhyGuard,432,adaptation_mismatch,adaptation_mismatch,0.861548157132242,0.999959172607303,0.8615833333333331
source,NO_PER_SCORE,1,PhyGuard,577,interference,interference,0.8644436625115812,0.9998384530254436,0.8645833333333331
source,NO_PER_SCORE,1,PhyGuard,518,nonphysical_goodput,ABSTAIN,0.0326142215295282,0.0867784164865496,0.3758333333333333
source,NO_PER_SCORE,1,PhyGuard,848,interference,adaptation_mismatch,0.5247617209919664,0.9999996498032028,0.5247619047619048
source,NO_PER_SCORE,1,PhyGuard,320,blockage,ABSTAIN,0.0684498143718363,0.0880383464589535,0.7775000000000002
source,NO_PER_SCORE,1,PhyGuard,399,mobility,mobility,0.6363300317254899,0.692918364855343,0.9183333333333332
source,NO_PER_SCORE,1,PhyGuard,103,mobility,mobility,0.7231706551093926,0.7302518855143805,0.9903030303030304
source,NO_PER_SCORE,1,PhyGuard,1009,normal,ABSTAIN,0.0826170126317331,0.1551493194962124,0.5325
source,NO_PER_SCORE,1,PhyGuard,719,adaptation_mismatch,adaptation_mismatch,0.8690838678839923,0.9792494286016812,0.8875000000000002
source,NO_PER_SCORE,1,PhyGuard,270,interference,interference,0.90182081689663,0.9997089887075808,0.9020833333333332
source,NO_PER_SCORE,1,PhyGuard,181,normal,ABSTAIN,0.0546647823560748,0.0799387507034972,0.6838333333333335
source,NO_PER_SCORE,1,PhyGuard,303,interference,interference,0.7911545746782324,0.9998793992773868,0.79125
source,NO_PER_SCORE,1,PhyGuard,1003,normal,ABSTAIN,0.116893508482204,0.2473936687454054,0.4725
source,NO_PER_SCORE,1,PhyGuard,827,interference,ABSTAIN,0.1093758503846382,0.23325221336692,0.4689166666666665
source,NO_PER_SCORE,1,PhyGuard,674,mobility,mobility,0.30626497956034,0.3411020575578229,0.8978690476190476
source,NO_PER_SCORE,1,PhyGuard,594,blockage,blockage,0.2944689656919635,0.5551653712967106,0.5304166666666666
source,NO_PER_SCORE,1,PhyGuard,792,nonphysical_goodput,ABSTAIN,0.0399296898102006,0.0943221019138597,0.4233333333333335
source,NO_PER_SCORE,1,PhyGuard,451,normal,ABSTAIN,0.1752699621471332,0.2258148535286234,0.7761666666666666
source,NO_PER_SCORE,1,PhyGuard,867,blockage,ABSTAIN,0.0061414365766448,0.0153104082388869,0.4011282051282051
source,NO_PER_SCORE,1,PhyGuard,1021,normal,ABSTAIN,0.0519684918636092,0.1122227645066241,0.4630833333333333
source,NO_PER_SCORE,1,PhyGuard,327,blockage,ABSTAIN,0.061869180085016,0.0943967146878821,0.6554166666666665
source,NO_PER_SCORE,1,PhyGuard,116,mobility,mobility,0.933030308571919,0.9488443815985618,0.9833333333333332
source,NO_PER_SCORE,1,PhyGuard,53,blockage,blockage,0.5581465690048435,0.6274834952274801,0.8894999999999998
source,NO_PER_SCORE,1,PhyGuard,762,normal,ABSTAIN,0.0883658303025314,0.2109292396363635,0.4189358974358974
source,NO_PER_SCORE,1,PhyGuard,364,mobility,blockage,0.5134252214671273,0.8977273288074504,0.5719166666666663
source,NO_PER_SCORE,1,PhyGuard,823,interference,ABSTAIN,0.1085078723587965,0.2803217369872031,0.3870833333333333
source,NO_PER_SCORE,1,PhyGuard,894,blockage,blockage,0.5122122299628588,0.6513242301106607,0.7864166666666667
source,NO_PER_SCORE,1,PhyGuard,603,blockage,blockage,0.4637880863441093,0.5392884724931504,0.86
source,NO_PER_SCORE,1,PhyGuard,89,blockage,blockage,0.9727988029741907,0.9850295870129344,0.9875833333333336
source,NO_PER_SCORE,1,PhyGuard,375,mobility,mobility,0.9906001488596284,0.998714705844616,0.991875
source,NO_PER_SCORE,1,PhyGuard,291,interference,ABSTAIN,0.4179594798834679,0.9701187153968308,0.4308333333333333
source,NO_PER_SCORE,1,PhyGuard,97,mobility,mobility,0.3094716680585533,0.4831720032139787,0.6404999999999998
source,NO_PER_SCORE,1,PhyGuard,282,interference,ABSTAIN,0.2473773847091795,0.6879556469316697,0.3595833333333333
source,NO_PER_SCORE,1,PhyGuard,343,blockage,blockage,0.9788952166238316,0.9788952166238316,1.0
source,NO_PER_SCORE,1,PhyGuard,114,mobility,mobility,0.994952367007117,0.9991153476222094,0.9958333333333336
source,NO_PER_SCORE,1,PhyGuard,480,normal,ABSTAIN,0.0089402801260562,0.0190472013338083,0.4693749999999999
source,NO_PER_SCORE,1,PhyGuard,861,blockage,ABSTAIN,0.1547520560139679,0.1953734531475661,0.7920833333333331
source,NO_PER_SCORE,1,PhyGuard,408,adaptation_mismatch,adaptation_mismatch,0.617231713900251,0.9915368897995998,0.6225000000000002
source,NO_PER_SCORE,1,PhyGuard,836,interference,interference,0.8999976398595516,0.999997377621724,0.9
source,NO_PER_SCORE,1,PhyGuard,346,blockage,blockage,0.4513897793931093,0.7034645912619886,0.6416666666666666
source,NO_PER_SCORE,1,PhyGuard,703,adaptation_mismatch,adaptation_mismatch,0.4582718124307123,0.6049792903375739,0.7575000000000002
source,NO_PER_SCORE,1,PhyGuard,664,mobility,mobility,0.4501950638879674,0.5546876520562846,0.8116190476190478
source,NO_PER_SCORE,1,PhyGuard,643,mobility,ABSTAIN,0.0816468159129816,0.1485291291107842,0.549702380952381
source,NO_PER_SCORE,1,PhyGuard,214,normal,ABSTAIN,0.0229285901946874,0.0710436846116559,0.3227393162393162
source,NO_PER_SCORE,1,PhyGuard,209,normal,ABSTAIN,0.0386853564095645,0.0748498096157872,0.5168397435897435
source,NO_PER_SCORE,1,PhyGuard,1063,nonphysical_goodput,ABSTAIN,0.0141368173599941,0.0279936977425626,0.5050000000000001
source,NO_PER_SCORE,1,PhyGuard,2,interference,interference,0.929013011556176,0.9999243105815868,0.9290833333333336
source,NO_PER_SCORE,1,PhyGuard,168,adaptation_mismatch,adaptation_mismatch,0.9458326513145006,0.9999992789228204,0.945833333333333
source,NO_PER_SCORE,1,PhyGuard,665,mobility,ABSTAIN,0.131629137225496,0.1468060906970851,0.8966190476190476
source,NO_PER_SCORE,1,PhyGuard,407,adaptation_mismatch,adaptation_mismatch,0.6187492809946722,0.9999988379711872,0.6187500000000001
source,NO_PER_SCORE,1,PhyGuard,990,normal,ABSTAIN,0.0254374266132487,0.0693590364369426,0.36675
source,NO_PER_SCORE,1,PhyGuard,41,interference,interference,0.9771527762116452,0.9999999983972492,0.9771527777777778
source,NO_PER_SCORE,1,PhyGuard,130,mobility,mobility,0.9932031114694668,0.9998689041638926,0.9933333333333334
source,NO_PER_SCORE,1,PhyGuard,751,normal,ABSTAIN,0.0197941151512501,0.0327165057647565,0.6050192307692306
source,NO_PER_SCORE,1,PhyGuard,217,normal,ABSTAIN,0.0260239787172929,0.045063166610031,0.5775
source,NO_PER_SCORE,1,PhyGuard,984,adaptation_mismatch,interference,0.746749997961957,0.9999999972707824,0.7467500000000001
source,NO_PER_SCORE,1,PhyGuard,194,normal,ABSTAIN,0.0112938278713515,0.0311300648090119,0.3627948717948718
source,NO_PER_SCORE,1,PhyGuard,153,adaptation_mismatch,adaptation_mismatch,0.9792820633595308,0.9999962718478068,0.9792857142857144
source,NO_PER_SCORE,1,PhyGuard,1071,nonphysical_goodput,ABSTAIN,0.0597540282797303,0.1223494316385387,0.4883882783882784
source,NO_PER_SCORE,1,PhyGuard,395,mobility,mobility,0.5698703539568187,0.650660727638613,0.8758333333333335
source,NO_PER_SCORE,1,PhyGuard,1010,normal,ABSTAIN,0.0031178415774245,0.0098545073084925,0.3163873626373626
source,NO_PER_SCORE,1,PhyGuard,110,mobility,mobility,0.9837254529999664,0.9991286869233684,0.9845833333333333
source,NO_PER_SCORE,1,PhyGuard,228,nonphysical_goodput,ABSTAIN,0.0204566038389523,0.0424861012467092,0.4814893162393161
source,NO_PER_SCORE,1,PhyGuard,915,mobility,mobility,0.9874086418016598,0.998222721282217,0.9891666666666667
source,NO_PER_SCORE,1,PhyGuard,167,adaptation_mismatch,adaptation_mismatch,0.7466021681837526,0.99991361810324,0.7466666666666667
source,NO_PER_SCORE,1,PhyGuard,532,nonphysical_goodput,ABSTAIN,0.0519586333521908,0.0841199581031141,0.617673076923077
source,NO_PER_SCORE,1,PhyGuard,629,blockage,blockage,0.7828184571167709,0.8080706654108603,0.96875
source,NO_PER_SCORE,1,PhyGuard,294,interference,interference,0.8137071726105062,0.9706248579846992,0.8383333333333334
source,NO_PER_SCORE,1,PhyGuard,334,blockage,blockage,0.7866297744828588,0.9822640264093966,0.8008333333333336
source,NO_PER_SCORE,1,PhyGuard,950,adaptation_mismatch,adaptation_mismatch,0.5581191547618071,0.9854958589084292,0.5663333333333332
source,NO_PER_SCORE,1,PhyGuard,141,adaptation_mismatch,adaptation_mismatch,0.737498584872548,0.9999980811831164,0.7374999999999998
source,NO_PER_SCORE,1,PhyGuard,1075,nonphysical_goodput,ABSTAIN,0.0204461851724752,0.0455605771755533,0.4487692307692307
source,NO_PER_SCORE,1,PhyGuard,1069,nonphysical_goodput,ABSTAIN,0.0101361793934279,0.0256847344733627,0.3946382783882784
source,NO_PER_SCORE,1,PhyGuard,808,nonphysical_goodput,ABSTAIN,0.0353349361361294,0.0751053522800817,0.4704716117216117
source,NO_PER_SCORE,1,PhyGuard,540,interference,adaptation_mismatch,0.5369768524234044,0.9704400947410924,0.5533333333333333
source,NO_PER_SCORE,1,PhyGuard,434,adaptation_mismatch,adaptation_mismatch,0.7591310764520475,0.9977626415580036,0.7608333333333331
source,NO_PER_SCORE,1,PhyGuard,787,nonphysical_goodput,mobility,0.3004218399357192,0.4235439806675075,0.7093049450549451
source,NO_PER_SCORE,1,PhyGuard,746,normal,ABSTAIN,0.0109980651391774,0.0298928157803238,0.3679166666666667
source,NO_PER_SCORE,1,PhyGuard,520,nonphysical_goodput,ABSTAIN,0.0370520600417937,0.0584494177075751,0.6339166666666667
source,NO_PER_SCORE,1,PhyGuard,25,interference,interference,0.9686110593816696,0.9999999465942102,0.9686111111111112
source,NO_PER_SCORE,1,PhyGuard,683,adaptation_mismatch,ABSTAIN,0.4004616167466688,0.8619801616071797,0.4645833333333332
source,NO_PER_SCORE,1,PhyGuard,129,mobility,mobility,0.9974159924024838,0.9999157818571266,0.9975
source,NO_PER_SCORE,1,PhyGuard,795,nonphysical_goodput,ABSTAIN,0.0198676680391293,0.0493292410330125,0.4027564102564102
source,NO_PER_SCORE,1,PhyGuard,461,normal,ABSTAIN,0.008845604568854,0.0250079615930197,0.3537115384615384
source,NO_PER_SCORE,1,PhyGuard,630,mobility,ABSTAIN,0.0690527985728569,0.091034340601723,0.7585357142857141
source,NO_PER_SCORE,1,PhyGuard,242,nonphysical_goodput,ABSTAIN,0.0649146905696519,0.160305176327855,0.4049444444444445
source,NO_PER_SCORE,1,PhyGuard,568,interference,interference,0.8229800292735259,0.9841315746170716,0.8362499999999998
source,NO_PER_SCORE,1,PhyGuard,185,normal,ABSTAIN,0.0374464799755822,0.0519188630510673,0.72125
source,NO_PER_SCORE,1,PhyGuard,601,blockage,blockage,0.6668210315821317,0.8692941204764346,0.7670833333333333
source,NO_PER_SCORE,1,PhyGuard,412,adaptation_mismatch,adaptation_mismatch,0.5910517905714731,0.9885186741265054,0.5979166666666667
source,NO_PER_SCORE,1,PhyGuard,943,mobility,mobility,0.9835066089408382,0.9926054926232176,0.9908333333333336
source,NO_PER_SCORE,1,PhyGuard,876,blockage,blockage,0.9778053602056588,0.9778053602056588,1.0
source,NO_PER_SCORE,1,PhyGuard,521,nonphysical_goodput,ABSTAIN,0.0065504576756866,0.0217188394773032,0.3016025641025641
source,NO_PER_SCORE,1,PhyGuard,1032,normal,ABSTAIN,0.0147479691436208,0.0393010452067791,0.3752564102564102
source,NO_PER_SCORE,1,PhyGuard,1044,nonphysical_goodput,blockage,0.3201332395314737,0.4567894024230303,0.7008333333333334
source,NO_PER_SCORE,1,PhyGuard,884,blockage,blockage,0.9654519461748644,0.9654519461748644,1.0
source,NO_PER_SCORE,1,PhyGuard,1050,nonphysical_goodput,ABSTAIN,0.0076626562680508,0.01947418853608,0.3934775641025642
source,NO_PER_SCORE,1,PhyGuard,593,blockage,blockage,0.2856392485215813,0.3880055621097208,0.7361730769230771
source,NO_PER_SCORE,1,PhyGuard,388,mobility,mobility,0.668216758101633,0.6716513388114642,0.9948863636363636
source,NO_PER_SCORE,1,PhyGuard,659,mobility,mobility,0.7864407650074697,0.8175110510859445,0.9619940476190476
source,NO_PER_SCORE,1,PhyGuard,579,interference,interference,0.858577387954796,0.99979899616279,0.8587500000000001
source,NO_PER_SCORE,1,PhyGuard,720,normal,ABSTAIN,0.0500564944672537,0.132769074843009,0.3770192307692309
source,NO_PER_SCORE,1,PhyGuard,981,adaptation_mismatch,ABSTAIN,0.4672441409166163,0.9996308951683716,0.4674166666666666
source,NO_PER_SCORE,1,PhyGuard,304,interference,interference,0.7928027593348402,0.9998563438799876,0.7929166666666667
source,NO_PER_SCORE,1,PhyGuard,531,nonphysical_goodput,ABSTAIN,0.1902857248594832,0.4627008507221475,0.41125
source,NO_PER_SCORE,1,PhyGuard,500,nonphysical_goodput,ABSTAIN,0.0076091071122433,0.0197530612468999,0.3852115384615385
source,NO_PER_SCORE,1,PhyGuard,930,mobility,mobility,0.923355397991734,0.9779580561254024,0.9441666666666666
source,NO_PER_SCORE,1,PhyGuard,355,blockage,blockage,0.7800978608545083,0.9035882558160326,0.8633333333333334
source,NO_PER_SCORE,1,PhyGuard,427,adaptation_mismatch,ABSTAIN,0.4528685320923178,0.9991583719631942,0.45325
source,NO_PER_SCORE,1,PhyGuard,1064,nonphysical_goodput,ABSTAIN,0.047797841903471,0.0714556002045163,0.6689166666666668
source,NO_PER_SCORE,1,PhyGuard,146,adaptation_mismatch,adaptation_mismatch,0.695211850856983,0.9992265193776256,0.69575
source,NO_PER_SCORE,1,PhyGuard,1005,normal,ABSTAIN,0.0252217758393686,0.0482970740261397,0.5222216117216115
source,NO_PER_SCORE,1,PhyGuard,268,nonphysical_goodput,ABSTAIN,0.0395220100921483,0.0623621461020091,0.63375
source,NO_PER_SCORE,1,PhyGuard,452,normal,ABSTAIN,0.0124534831766923,0.033684323806918,0.3697115384615383
source,NO_PER_SCORE,1,PhyGuard,248,nonphysical_goodput,ABSTAIN,0.0252863447842038,0.0504446377955421,0.5012692307692307
source,NO_PER_SCORE,1,PhyGuard,298,interference,interference,0.8058746425562464,0.9999995564526092,0.805875
source,NO_PER_SCORE,1,PhyGuard,773,nonphysical_goodput,ABSTAIN,0.0770016956003473,0.1146508513618331,0.6716190476190477
source,NO_PER_SCORE,1,PhyGuard,306,interference,interference,0.5061340995936761,0.9999356593882304,0.5061666666666668
source,NO_PER_SCORE,1,PhyGuard,491,normal,ABSTAIN,0.0270067632455321,0.0838452289902686,0.3221025641025641
source,NO_PER_SCORE,1,PhyGuard,74,blockage,blockage,0.5519253724141474,0.5806684612458152,0.9505
source,NO_PER_SCORE,1,PhyGuard,956,adaptation_mismatch,adaptation_mismatch,0.5811141904733343,0.9976209278512176,0.5825000000000001
source,NO_PER_SCORE,1,PhyGuard,1031,normal,ABSTAIN,0.0496076502895461,0.1017499171038721,0.4875448717948718
source,NO_PER_SCORE,1,PhyGuard,835,interference,interference,0.7849556402075554,0.9982479527862088,0.7863333333333331
source,NO_PER_SCORE,1,PhyGuard,768,nonphysical_goodput,ABSTAIN,0.1416497049329369,0.2518934621776935,0.5623397435897435
source,NO_PER_SCORE,1,PhyGuard,695,adaptation_mismatch,ABSTAIN,0.4026824961512357,0.8793794274458288,0.4579166666666667
source,NO_PER_SCORE,1,PhyGuard,627,blockage,blockage,0.8460332647936923,0.9225260497523224,0.9170833333333333
source,NO_PER_SCORE,1,PhyGuard,263,nonphysical_goodput,ABSTAIN,0.0989387559662823,0.1793451769781553,0.5516666666666665
source,NO_PER_SCORE,1,PhyGuard,507,nonphysical_goodput,ABSTAIN,0.040479930119389,0.0637723849106733,0.6347564102564103
source,NO_PER_SCORE,1,PhyGuard,439,adaptation_mismatch,adaptation_mismatch,0.8082190749202965,0.9993435238581716,0.8087500000000002
source,NO_PER_SCORE,1,PhyGuard,212,normal,ABSTAIN,0.0418213403699971,0.0818305194084784,0.5110726495726495
source,NO_PER_SCORE,1,PhyGuard,75,blockage,blockage,0.988465626519408,0.9950996240128268,0.9933333333333332
source,NO_PER_SCORE,1,PhyGuard,67,blockage,blockage,0.5533422646166469,0.5821591421532318,0.9505
source,NO_PER_SCORE,1,PhyGuard,734,normal,ABSTAIN,0.0335988540347124,0.0811295545185311,0.4141382783882785
source,NO_PER_SCORE,1,PhyGuard,711,adaptation_mismatch,adaptation_mismatch,0.6276495141265401,0.8824597738158736,0.71125
source,NO_PER_SCORE,1,PhyGuard,802,nonphysical_goodput,ABSTAIN,0.0442317314677401,0.1250933667325502,0.3535897435897436
source,NO_PER_SCORE,1,PhyGuard,685,adaptation_mismatch,adaptation_mismatch,0.4816594280011915,0.8498622461423758,0.5667500000000001
source,NO_PER_SCORE,1,PhyGuard,448,adaptation_mismatch,adaptation_mismatch,0.7980844810900404,0.9999492323759316,0.7981249999999999
source,NO_PER_SCORE,1,PhyGuard,965,adaptation_mismatch,ABSTAIN,0.4530979461442027,0.999848354860322,0.4531666666666668
source,NO_PER_SCORE,1,PhyGuard,265,nonphysical_goodput,ABSTAIN,0.0152964242610494,0.0324542524636123,0.4713226495726495
source,NO_PER_SCORE,1,PhyGuard,926,mobility,mobility,0.9402595584159028,0.99061586488067,0.9491666666666668
source,NO_PER_SCORE,2,PhyGuard,665,mobility,ABSTAIN,0.1960923314838686,0.2174776319599282,0.9016666666666666
source,NO_PER_SCORE,2,PhyGuard,380,mobility,mobility,0.9988987254387784,0.9988987254387784,1.0
source,NO_PER_SCORE,2,PhyGuard,160,adaptation_mismatch,adaptation_mismatch,0.976230762045698,0.999980294028884,0.97625
source,NO_PER_SCORE,2,PhyGuard,720,normal,ABSTAIN,0.0529523006148764,0.1134692156033066,0.4666666666666665
source,NO_PER_SCORE,2,PhyGuard,813,interference,adaptation_mismatch,0.561023187258314,0.8967589745914297,0.625612012987013
source,NO_PER_SCORE,2,PhyGuard,874,blockage,ABSTAIN,0.1898961763053753,0.3384204523152156,0.561125
source,NO_PER_SCORE,2,PhyGuard,515,nonphysical_goodput,ABSTAIN,0.0269243386886803,0.0967962529359791,0.2781547619047619
source,NO_PER_SCORE,2,PhyGuard,1063,nonphysical_goodput,ABSTAIN,0.0171321079244325,0.0499357044190408,0.3430833333333333
source,NO_PER_SCORE,2,PhyGuard,982,adaptation_mismatch,adaptation_mismatch,0.5792336892850041,0.9999307404578874,0.5792738095238095
source,NO_PER_SCORE,2,PhyGuard,103,mobility,mobility,0.6611459763194834,0.6640234111009208,0.9956666666666666
source,NO_PER_SCORE,2,PhyGuard,26,interference,interference,0.9833330348031905,0.9999996964100242,0.9833333333333332
source,NO_PER_SCORE,2,PhyGuard,286,interference,interference,0.7826097162704477,0.9762283363040926,0.8016666666666669
source,NO_PER_SCORE,2,PhyGuard,266,nonphysical_goodput,ABSTAIN,0.0665674332955378,0.1220114861075995,0.5455833333333332
source,NO_PER_SCORE,2,PhyGuard,285,interference,interference,0.9061942319491498,0.9994789322968564,0.9066666666666666
source,NO_PER_SCORE,2,PhyGuard,595,blockage,ABSTAIN,0.1423988146792622,0.2336801061403277,0.6093750000000001
source,NO_PER_SCORE,2,PhyGuard,519,nonphysical_goodput,ABSTAIN,0.2531255272815508,0.7593765818446527,0.3333333333333332
source,NO_PER_SCORE,2,PhyGuard,473,normal,ABSTAIN,0.0058231738017517,0.0179773824597429,0.3239166666666668
source,NO_PER_SCORE,2,PhyGuard,893,blockage,blockage,0.990086012766479,0.995895402615067,0.9941666666666664
source,NO_PER_SCORE,2,PhyGuard,984,adaptation_mismatch,interference,0.8773333256797925,0.999999991276359,0.8773333333333335
source,NO_PER_SCORE,2,PhyGuard,959,adaptation_mismatch,adaptation_mismatch,0.2937492810363438,0.543770362118955,0.5402083333333334
source,NO_PER_SCORE,2,PhyGuard,860,blockage,blockage,0.5428442684473556,0.6191551393753698,0.8767500000000001
source,NO_PER_SCORE,2,PhyGuard,259,nonphysical_goodput,ABSTAIN,0.0525989966351126,0.1151802846024363,0.4566666666666667
source,NO_PER_SCORE,2,PhyGuard,747,normal,ABSTAIN,0.0651546263895223,0.2117701832812211,0.3076666666666667
source,NO_PER_SCORE,2,PhyGuard,807,nonphysical_goodput,ABSTAIN,0.0440296596533208,0.1193485240207477,0.3689166666666667
source,NO_PER_SCORE,2,PhyGuard,767,nonphysical_goodput,ABSTAIN,0.0487054548418229,0.1028988482573724,0.4733333333333332
source,NO_PER_SCORE,2,PhyGuard,476,normal,ABSTAIN,0.0135204617442011,0.0448121364627878,0.3017142857142857
source,NO_PER_SCORE,2,PhyGuard,366,mobility,ABSTAIN,0.3712860937930632,0.4511374165164801,0.8230000000000001
source,NO_PER_SCORE,2,PhyGuard,370,mobility,mobility,0.9897160889740676,0.9973625350763196,0.9923333333333332
source,NO_PER_SCORE,2,PhyGuard,9,interference,blockage,0.53623072169599,0.9907265065976718,0.5412500000000001
source,NO_PER_SCORE,2,PhyGuard,911,mobility,mobility,0.9541254500562144,0.9670190372191362,0.9866666666666666
source,NO_PER_SCORE,2,PhyGuard,47,blockage,blockage,0.580192502847991,0.6628877496121006,0.8752499999999999
source,NO_PER_SCORE,2,PhyGuard,178,adaptation_mismatch,adaptation_mismatch,0.9808333281269932,0.9999999946919218,0.9808333333333332
source,NO_PER_SCORE,2,PhyGuard,246,nonphysical_goodput,ABSTAIN,0.018480705607772,0.0491959838711092,0.3756547619047618
source,NO_PER_SCORE,2,PhyGuard,626,blockage,blockage,0.6714499804027938,0.8089758800033661,0.83
source,NO_PER_SCORE,2,PhyGuard,10,interference,interference,0.9649542995958016,0.999952642068188,0.965
source,NO_PER_SCORE,2,PhyGuard,235,nonphysical_goodput,ABSTAIN,0.0529601818303105,0.0785045268230658,0.6746130952380953
source,NO_PER_SCORE,2,PhyGuard,941,mobility,mobility,0.9916725705534152,0.997491269626235,0.9941666666666664
source,NO_PER_SCORE,2,PhyGuard,1043,nonphysical_goodput,ABSTAIN,0.0222940637732237,0.041703626699717,0.5345833333333334
source,NO_PER_SCORE,2,PhyGuard,252,nonphysical_goodput,ABSTAIN,0.0555055583370623,0.134694984842214,0.4120833333333333
source,NO_PER_SCORE,2,PhyGuard,1065,nonphysical_goodput,ABSTAIN,0.0350364360860415,0.0725579830930189,0.482875
source,NO_PER_SCORE,2,PhyGuard,571,interference,interference,0.888196354220193,0.9999396050888748,0.8882499999999999
source,NO_PER_SCORE,2,PhyGuard,166,adaptation_mismatch,adaptation_mismatch,0.9051666183964148,0.9999999466725262,0.9051666666666666
source,NO_PER_SCORE,2,PhyGuard,163,adaptation_mismatch,adaptation_mismatch,0.967907126029833,0.9999901431216526,0.9679166666666668
source,NO_PER_SCORE,2,PhyGuard,483,normal,ABSTAIN,0.0823420306635733,0.1850382711540973,0.445
source,NO_PER_SCORE,2,PhyGuard,1042,nonphysical_goodput,ABSTAIN,0.0637247209102668,0.1263961406484632,0.5041666666666667
source,NO_PER_SCORE,2,PhyGuard,1070,nonphysical_goodput,interference,0.2425250154522247,0.665580936290737,0.3643809523809523
source,NO_PER_SCORE,2,PhyGuard,347,blockage,blockage,0.6054285317687432,0.8023348847294223,0.7545833333333334
source,NO_PER_SCORE,2,PhyGuard,968,adaptation_mismatch,adaptation_mismatch,0.5995598936611003,0.9999924940868083,0.599564393939394
source,NO_PER_SCORE,2,PhyGuard,648,mobility,mobility,0.6034276107672463,0.7114842868294724,0.848125
source,NO_PER_SCORE,2,PhyGuard,616,blockage,blockage,0.9020859521268618,0.9863354374052248,0.9145833333333332
source,NO_PER_SCORE,2,PhyGuard,35,interference,interference,0.9345833071943228,0.9999999720313753,0.9345833333333332
source,NO_PER_SCORE,2,PhyGuard,921,mobility,mobility,0.839872482682638,0.859937695579493,0.9766666666666666
source,NO_PER_SCORE,2,PhyGuard,336,blockage,blockage,0.909365183774306,0.9583674228347242,0.9488690476190478
source,NO_PER_SCORE,2,PhyGuard,437,adaptation_mismatch,adaptation_mismatch,0.8869378287409448,0.999998235281396,0.886939393939394
source,NO_PER_SCORE,2,PhyGuard,1003,normal,ABSTAIN,0.100230441680779,0.2249000187302446,0.4456666666666666
source,NO_PER_SCORE,2,PhyGuard,804,nonphysical_goodput,ABSTAIN,0.1624489536025439,0.2664917899153147,0.6095833333333333
source,NO_PER_SCORE,2,PhyGuard,997,normal,ABSTAIN,0.0009916044111053,0.0017286452326003,0.5736309523809524
source,NO_PER_SCORE,2,PhyGuard,189,normal,ABSTAIN,0.0269667265693131,0.0537274977306586,0.5019166666666667
source,NO_PER_SCORE,2,PhyGuard,563,interference,interference,0.8304945585898998,0.9891746603552156,0.8395833333333335
source,NO_PER_SCORE,2,PhyGuard,681,adaptation_mismatch,ABSTAIN,0.0750844103078616,0.2041261721101812,0.3678333333333334
source,NO_PER_SCORE,2,PhyGuard,1010,normal,ABSTAIN,0.0072581218869477,0.013759472771465,0.5275
source,NO_PER_SCORE,2,PhyGuard,501,nonphysical_goodput,ABSTAIN,0.057422519215916,0.1136329535935014,0.5053333333333332
source,NO_PER_SCORE,2,PhyGuard,861,blockage,ABSTAIN,0.1910633536646135,0.2166660597217315,0.8818333333333332
source,NO_PER_SCORE,2,PhyGuard,660,mobility,mobility,0.6161751244574148,0.7234932968188824,0.8516666666666667
source,NO_PER_SCORE,2,PhyGuard,850,interference,interference,0.5051321651716387,0.9180445676976496,0.5502261904761904
source,NO_PER_SCORE,2,PhyGuard,62,blockage,blockage,0.6652271720014725,0.8830449185860255,0.7533333333333333
source,NO_PER_SCORE,2,PhyGuard,224,normal,ABSTAIN,0.0288381826989123,0.058923581199889,0.4894166666666666
source,NO_PER_SCORE,2,PhyGuard,699,adaptation_mismatch,interference,0.4270843336785588,0.9741516829771348,0.4384166666666666
source,NO_PER_SCORE,2,PhyGuard,478,normal,ABSTAIN,0.0196700538881623,0.0372303859081936,0.5283333333333332
source,NO_PER_SCORE,2,PhyGuard,823,interference,ABSTAIN,0.1109276111745368,0.3391417411705584,0.3270833333333333
source,NO_PER_SCORE,2,PhyGuard,231,nonphysical_goodput,ABSTAIN,0.0102039281371186,0.0276092756810425,0.3695833333333334
source,NO_PER_SCORE,2,PhyGuard,198,normal,ABSTAIN,0.0299338797429193,0.0567691121161648,0.5272916666666666
source,NO_PER_SCORE,2,PhyGuard,426,adaptation_mismatch,adaptation_mismatch,0.8667311196244566,0.9991136825642152,0.8674999999999998
source,NO_PER_SCORE,2,PhyGuard,539,nonphysical_goodput,ABSTAIN,0.0162031478184988,0.0331239819117524,0.4891666666666667
source,NO_PER_SCORE,2,PhyGuard,548,interference,interference,0.5523783230458233,0.9612151793140776,0.5746666666666668
source,NO_PER_SCORE,2,PhyGuard,94,mobility,mobility,0.9937748364949708,0.99960587074096,0.9941666666666664
source,NO_PER_SCORE,2,PhyGuard,717,adaptation_mismatch,adaptation_mismatch,0.831409553500886,0.9999641099053936,0.8314393939393938
source,NO_PER_SCORE,2,PhyGuard,124,mobility,mobility,0.9987670271025086,0.9997667938964048,0.999
source,NO_PER_SCORE,2,PhyGuard,456,normal,ABSTAIN,0.1211881348082428,0.2705595567811934,0.4479166666666666
source,NO_PER_SCORE,2,PhyGuard,915,mobility,mobility,0.9899471598586465,0.9982660435549376,0.9916666666666666
source,NO_PER_SCORE,2,PhyGuard,442,adaptation_mismatch,adaptation_mismatch,0.8787490037164176,0.9999988662491236,0.8787500000000001
source,NO_PER_SCORE,2,PhyGuard,327,blockage,ABSTAIN,0.0804659372115696,0.1082501397465062,0.7433333333333333
source,NO_PER_SCORE,2,PhyGuard,643,mobility,ABSTAIN,0.0550395830829159,0.1464467842560957,0.3758333333333333
source,NO_PER_SCORE,2,PhyGuard,719,adaptation_mismatch,adaptation_mismatch,0.8580914357060166,0.9881102800568272,0.8684166666666668
source,NO_PER_SCORE,2,PhyGuard,68,blockage,blockage,0.5661274884219097,0.5759948283988858,0.9828690476190476
source,NO_PER_SCORE,2,PhyGuard,299,interference,interference,0.889436818742526,0.998725975488881,0.8905714285714282
source,NO_PER_SCORE,2,PhyGuard,791,nonphysical_goodput,ABSTAIN,0.0425422812238211,0.1112943916908335,0.38225
source,NO_PER_SCORE,2,PhyGuard,836,interference,interference,0.9314862444783916,0.9999852329343976,0.9315
source,NO_PER_SCORE,2,PhyGuard,260,nonphysical_goodput,ABSTAIN,0.0349435397772444,0.0737205480532583,0.474
source,NO_PER_SCORE,2,PhyGuard,910,mobility,mobility,0.9338010433303636,0.9820869868505138,0.9508333333333334
source,NO_PER_SCORE,2,PhyGuard,65,blockage,blockage,0.953573883970858,0.9722078681096258,0.9808333333333332
source,NO_PER_SCORE,2,PhyGuard,141,adaptation_mismatch,adaptation_mismatch,0.774997436971374,0.9999966928662888,0.7750000000000002
source,NO_PER_SCORE,2,PhyGuard,862,blockage,blockage,0.8954343653130296,0.9839938080362964,0.9099999999999998
source,NO_PER_SCORE,2,PhyGuard,325,blockage,blockage,0.7379802532703905,0.9678429551087092,0.7624999999999998
source,NO_PER_SCORE,2,PhyGuard,134,mobility,mobility,0.9984196289422,0.99941904799019,0.999
source,NO_PER_SCORE,2,PhyGuard,1052,nonphysical_goodput,ABSTAIN,0.1093502556542022,0.3176807593191185,0.3442142857142857
source,NO_PER_SCORE,2,PhyGuard,612,blockage,blockage,0.5610291977718183,0.7321751357544121,0.76625
source,NO_PER_SCORE,2,PhyGuard,125,mobility,mobility,0.9586642567698176,0.964450962545088,0.994
source,NO_PER_SCORE,2,PhyGuard,117,mobility,mobility,0.9993521711197292,0.9993521711197292,1.0
source,NO_PER_SCORE,2,PhyGuard,559,interference,interference,0.7982590857661426,0.9254283672296116,0.8625833333333333
source,NO_PER_SCORE,2,PhyGuard,20,interference,interference,0.7038760508163707,0.9976981584923752,0.7055000000000001
source,NO_PER_SCORE,2,PhyGuard,81,blockage,blockage,0.9670515952664852,0.9746515568106636,0.992202380952381
source,NO_PER_SCORE,2,PhyGuard,801,nonphysical_goodput,ABSTAIN,0.0327779516617817,0.0976745517609588,0.3355833333333333
source,NO_PER_SCORE,2,PhyGuard,391,mobility,mobility,0.9638903905810876,0.986918488649578,0.9766666666666668
source,NO_PER_SCORE,2,PhyGuard,599,blockage,ABSTAIN,0.0563238770741159,0.1034652162096273,0.544375
source,NO_PER_SCORE,2,PhyGuard,30,interference,interference,0.9208333136677698,0.999999978643732,0.9208333333333332
source,NO_PER_SCORE,2,PhyGuard,525,nonphysical_goodput,ABSTAIN,0.0124381453047075,0.0252465736902048,0.4926666666666666
source,NO_PER_SCORE,2,PhyGuard,396,mobility,mobility,0.4600881612014869,0.5118048196435653,0.8989523809523808
source,NO_PER_SCORE,2,PhyGuard,898,blockage,blockage,0.7784153752294772,0.9162768652463316,0.8495416666666666
source,NO_PER_SCORE,2,PhyGuard,1022,normal,ABSTAIN,0.0444389617764283,0.0692780177092744,0.6414583333333335
source,NO_PER_SCORE,2,PhyGuard,150,adaptation_mismatch,adaptation_mismatch,0.9295817808641532,0.9999983299300615,0.9295833333333332
source,NO_PER_SCORE,2,PhyGuard,185,normal,ABSTAIN,0.0491390035794447,0.0638445260884947,0.7696666666666665
source,NO_PER_SCORE,2,PhyGuard,225,nonphysical_goodput,ABSTAIN,0.0459206566408638,0.1405734386965219,0.3266666666666667
source,NO_PER_SCORE,2,PhyGuard,723,normal,ABSTAIN,0.0836051096589278,0.1506850880004708,0.5548333333333333
source,NO_PER_SCORE,2,PhyGuard,12,interference,interference,0.5340471904411135,0.9989970826645924,0.5345833333333334
source,NO_PER_SCORE,2,PhyGuard,324,blockage,blockage,0.7564003576044397,0.925732207165046,0.8170833333333333
source,NO_PER_SCORE,2,PhyGuard,509,nonphysical_goodput,adaptation_mismatch,0.2716275402072757,0.6913108128286978,0.3929166666666666
source,NO_PER_SCORE,2,PhyGuard,387,mobility,mobility,0.8225923972387741,0.9466484185671994,0.868952380952381
source,NO_PER_SCORE,2,PhyGuard,614,blockage,blockage,0.3440090570261502,0.7200608205675567,0.47775
source,NO_PER_SCORE,2,PhyGuard,598,blockage,blockage,0.3635003718427254,0.5134790420379876,0.7079166666666667
source,NO_PER_SCORE,2,PhyGuard,374,mobility,mobility,0.9582857277725254,0.9992551905865747,0.959
source,NO_PER_SCORE,2,PhyGuard,413,adaptation_mismatch,adaptation_mismatch,0.5549003390557543,0.9968269563875825,0.5566666666666668
source,NO_PER_SCORE,2,PhyGuard,967,adaptation_mismatch,adaptation_mismatch,0.6108136212496402,0.9999987349843732,0.6108143939393937
source,NO_PER_SCORE,2,PhyGuard,219,normal,ABSTAIN,0.0212123061257626,0.0548594123942136,0.3866666666666666
source,NO_PER_SCORE,2,PhyGuard,773,nonphysical_goodput,ABSTAIN,0.0549039639095983,0.1089544512841375,0.5039166666666667
source,NO_PER_SCORE,2,PhyGuard,844,interference,interference,0.4734821574593794,0.9995122660670316,0.4737132034632035
source,NO_PER_SCORE,2,PhyGuard,433,adaptation_mismatch,adaptation_mismatch,0.8103004235328654,0.9403873387228612,0.8616666666666666
source,NO_PER_SCORE,2,PhyGuard,739,normal,ABSTAIN,0.0112888692819541,0.0222990010507737,0.5062500000000001
source,NO_PER_SCORE,2,PhyGuard,16,interference,interference,0.934166666641152,0.9999999999726874,0.9341666666666666
source,NO_PER_SCORE,2,PhyGuard,707,adaptation_mismatch,adaptation_mismatch,0.8668609317664541,0.9996474323656978,0.8671666666666665
source,NO_PER_SCORE,2,PhyGuard,759,normal,ABSTAIN,0.0319293782688833,0.0679348473806027,0.4700000000000001
source,NO_PER_SCORE,2,PhyGuard,582,interference,interference,0.9382565096216338,0.9999181274830912,0.9383333333333332
source,NO_PER_SCORE,2,PhyGuard,976,adaptation_mismatch,adaptation_mismatch,0.8809997812396783,0.9999997516908946,0.8810000000000001
source,NO_PER_SCORE,2,PhyGuard,345,blockage,blockage,0.9736112346224848,0.9892747515215764,0.9841666666666667
source,NO_PER_SCORE,2,PhyGuard,1013,normal,ABSTAIN,0.0423981653475023,0.1184306294622969,0.358
source,NO_PER_SCORE,2,PhyGuard,200,normal,ABSTAIN,0.0164190495621833,0.0498987034451303,0.329047619047619
source,NO_PER_SCORE,2,PhyGuard,145,adaptation_mismatch,adaptation_mismatch,0.6703332265109144,0.999999840642836,0.6703333333333333
source,NO_PER_SCORE,2,PhyGuard,502,nonphysical_goodput,ABSTAIN,0.0153817677917066,0.0448012654127377,0.3433333333333332
source,NO_PER_SCORE,2,PhyGuard,782,nonphysical_goodput,ABSTAIN,0.0663410485656148,0.1775576893264822,0.3736309523809524
source,NO_PER_SCORE,2,PhyGuard,493,normal,ABSTAIN,0.0676707300859653,0.159632152748493,0.4239166666666666
source,NO_PER_SCORE,2,PhyGuard,335,blockage,blockage,0.7431725802075692,0.9231957518106448,0.805
source,NO_PER_SCORE,2,PhyGuard,659,mobility,mobility,0.8201071326078935,0.8499987555099949,0.9648333333333332
source,NO_PER_SCORE,2,PhyGuard,994,normal,ABSTAIN,0.0335565430793472,0.0685994066358035,0.4891666666666666
source,NO_PER_SCORE,2,PhyGuard,424,adaptation_mismatch,adaptation_mismatch,0.8974986854657072,0.9999985353378356,0.8974999999999997
source,NO_PER_SCORE,2,PhyGuard,751,normal,ABSTAIN,0.0213054412527709,0.0372581310162126,0.5718333333333333
source,NO_PER_SCORE,2,PhyGuard,486,normal,ABSTAIN,0.0253330963210859,0.060376793615299,0.4195833333333333
source,NO_PER_SCORE,2,PhyGuard,250,nonphysical_goodput,ABSTAIN,0.0444065123629992,0.0761526471391197,0.5831250000000001
source,NO_PER_SCORE,2,PhyGuard,634,mobility,ABSTAIN,0.0524762447774407,0.1358022293140585,0.3864166666666666
source,NO_PER_SCORE,2,PhyGuard,871,blockage,blockage,0.9517882128983806,0.9703873028700564,0.9808333333333334
source,NO_PER_SCORE,2,PhyGuard,763,normal,ABSTAIN,0.0528425142963462,0.1147295407194055,0.4605833333333333
source,NO_PER_SCORE,2,PhyGuard,1041,nonphysical_goodput,ABSTAIN,0.0364315865013836,0.0766577306709808,0.47525
source,NO_PER_SCORE,2,PhyGuard,649,mobility,mobility,0.4315648386628328,0.5082215960700681,0.8491666666666666
source,NO_PER_SCORE,2,PhyGuard,312,interference,interference,0.9187482710270272,0.9999981181246554,0.91875
source,NO_PER_SCORE,2,PhyGuard,453,normal,ABSTAIN,0.0298251510710593,0.0809732608264053,0.3683333333333333
source,NO_PER_SCORE,2,PhyGuard,700,adaptation_mismatch,adaptation_mismatch,0.5730030646475164,0.9095286740436764,0.6300000000000002
source,NO_PER_SCORE,2,PhyGuard,173,adaptation_mismatch,adaptation_mismatch,0.962499988863977,0.999999988430106,0.9625
source,NO_PER_SCORE,2,PhyGuard,401,mobility,mobility,0.9805882928292446,0.9989014867530508,0.9816666666666666
source,NO_PER_SCORE,2,PhyGuard,827,interference,ABSTAIN,0.0665680192936119,0.2002045693040959,0.3325000000000001
source,NO_PER_SCORE,2,PhyGuard,642,mobility,ABSTAIN,0.1279920023773792,0.2333491383361517,0.5485
source,NO_PER_SCORE,2,PhyGuard,894,blockage,blockage,0.6003471795295932,0.6913787096310093,0.8683333333333334
source,NO_PER_SCORE,2,PhyGuard,583,interference,interference,0.7980264319059924,0.9924085493079388,0.8041309523809527
source,NO_PER_SCORE,2,PhyGuard,1031,normal,ABSTAIN,0.1254096513269012,0.1838177373791151,0.6822499999999999
source,NO_PER_SCORE,2,PhyGuard,1050,nonphysical_goodput,ABSTAIN,0.0104592430890262,0.0291208624288434,0.3591666666666666
source,NO_PER_SCORE,2,PhyGuard,115,mobility,mobility,0.939802416263568,0.9492953699632,0.99
source,NO_PER_SCORE,2,PhyGuard,830,interference,interference,0.5049577682304761,0.7365629835094726,0.6855595238095237
source,NO_PER_SCORE,2,PhyGuard,350,blockage,blockage,0.9863114044997934,0.9983751036691288,0.9879166666666666
source,NO_PER_SCORE,2,PhyGuard,552,interference,ABSTAIN,0.0854010754212494,0.2227854141423899,0.3833333333333333
source,NO_PER_SCORE,2,PhyGuard,205,normal,ABSTAIN,0.0282064156090197,0.0606589582989671,0.4649999999999998
source,NO_PER_SCORE,2,PhyGuard,726,normal,ABSTAIN,0.02047134700456,0.0504013467490193,0.4061666666666666
source,NO_PER_SCORE,2,PhyGuard,301,interference,adaptation_mismatch,0.3428870205753919,0.9109241193058892,0.3764166666666668
source,NO_PER_SCORE,2,PhyGuard,958,adaptation_mismatch,interference,0.3999399563050195,0.9750669393864756,0.4101666666666667
source,NO_PER_SCORE,2,PhyGuard,684,adaptation_mismatch,ABSTAIN,0.0730653201186661,0.1595602987122827,0.4579166666666666
source,NO_PER_SCORE,2,PhyGuard,527,nonphysical_goodput,ABSTAIN,0.0177068575687715,0.0508330839294875,0.3483333333333333
source,NO_PER_SCORE,2,PhyGuard,769,nonphysical_goodput,ABSTAIN,0.0239594695963375,0.0552698260584488,0.4335
source,NO_PER_SCORE,2,PhyGuard,407,adaptation_mismatch,adaptation_mismatch,0.5434155079351769,0.9999978676923976,0.5434166666666664
source,NO_PER_SCORE,2,PhyGuard,933,mobility,mobility,0.8014059163950912,0.8293981023493828,0.96625
source,NO_PER_SCORE,2,PhyGuard,143,adaptation_mismatch,adaptation_mismatch,0.615124606919995,0.9999993609754037,0.6151249999999999
source,NO_PER_SCORE,2,PhyGuard,954,adaptation_mismatch,adaptation_mismatch,0.4221585366100589,0.9997270185572704,0.4222738095238096
source,NO_PER_SCORE,2,PhyGuard,460,normal,ABSTAIN,0.0051429415223146,0.017749582475633,0.28975
source,NO_PER_SCORE,2,PhyGuard,388,mobility,mobility,0.5985527089571477,0.6081822614297859,0.9841666666666667
source,NO_PER_SCORE,2,PhyGuard,1014,normal,ABSTAIN,0.0547571444700767,0.1029108431700737,0.5320833333333332
source,NO_PER_SCORE,2,PhyGuard,542,interference,ABSTAIN,0.1671920355922822,0.4337955518070024,0.3854166666666668
source,NO_PER_SCORE,2,PhyGuard,340,blockage,blockage,0.5381714689782452,0.8343743705089072,0.645
source,NO_PER_SCORE,2,PhyGuard,440,adaptation_mismatch,adaptation_mismatch,0.6167039745363619,0.9998578253646347,0.6167916666666666
source,NO_PER_SCORE,2,PhyGuard,50,blockage,ABSTAIN,0.3498893313578296,0.3604629100527091,0.9706666666666668
source,NO_PER_SCORE,2,PhyGuard,692,adaptation_mismatch,adaptation_mismatch,0.7901474661297567,0.9090862505807366,0.8691666666666665
source,NO_PER_SCORE,2,PhyGuard,83,blockage,blockage,0.9974980860879828,0.9991633583519028,0.9983333333333332
source,NO_PER_SCORE,2,PhyGuard,104,mobility,mobility,0.9964155546553104,0.9989128367471783,0.9975
source,NO_PER_SCORE,2,PhyGuard,216,normal,ABSTAIN,0.109703106262387,0.1625030582827606,0.6750833333333333
source,NO_PER_SCORE,2,PhyGuard,107,mobility,mobility,0.919738140989149,0.9943115037720528,0.925
source,NO_PER_SCORE,2,PhyGuard,677,adaptation_mismatch,adaptation_mismatch,0.3378778375770271,0.5676234146611123,0.5952500000000001
source,NO_PER_SCORE,2,PhyGuard,824,interference,ABSTAIN,0.0321405322807085,0.0870034710959852,0.3694166666666665
source,NO_PER_SCORE,2,PhyGuard,39,interference,interference,0.9779166598785388,0.9999999930585828,0.9779166666666664
source,NO_PER_SCORE,2,PhyGuard,621,blockage,blockage,0.7755650416434223,0.9400788383556634,0.825
source,NO_PER_SCORE,2,PhyGuard,846,interference,adaptation_mismatch,0.7260833320022532,0.9999999981667668,0.7260833333333333
source,NO_PER_SCORE,2,PhyGuard,284,interference,interference,0.5041604706144344,0.998078752129634,0.5051309523809523
source,NO_PER_SCORE,2,PhyGuard,913,mobility,mobility,0.9229437104036372,0.9622349717500996,0.9591666666666668
source,NO_PER_SCORE,2,PhyGuard,86,blockage,blockage,0.9725171959279908,0.977404217013056,0.995
source,NO_PER_SCORE,2,PhyGuard,969,adaptation_mismatch,adaptation_mismatch,0.5685448635611388,0.9999742151036592,0.5685595238095238
source,NO_PER_SCORE,2,PhyGuard,51,blockage,blockage,0.6997575779866597,0.7549304086882961,0.9269166666666666
source,NO_PER_SCORE,2,PhyGuard,283,interference,blockage,0.4798201533144293,0.9574063584591208,0.5011666666666666
source,NO_PER_SCORE,2,PhyGuard,1021,normal,ABSTAIN,0.0719078276871119,0.1663730709043369,0.4322083333333332
source,NO_PER_SCORE,2,PhyGuard,932,mobility,mobility,0.9499200301880056,0.9660203696827177,0.9833333333333334
source,NO_PER_SCORE,2,PhyGuard,785,nonphysical_goodput,blockage,0.3436657184298933,0.6927580415183469,0.4960833333333334
source,NO_PER_SCORE,2,PhyGuard,673,mobility,mobility,0.8061754135570256,0.8150046303862095,0.9891666666666667
source,NO_PER_SCORE,2,PhyGuard,304,interference,interference,0.8731664108124462,0.9998088673424956,0.8733333333333333
source,NO_PER_SCORE,2,PhyGuard,606,blockage,blockage,0.6208876666722307,0.8046060475234091,0.7716666666666666
source,NO_PER_SCORE,2,PhyGuard,1075,nonphysical_goodput,ABSTAIN,0.0210960862875881,0.0527182497815613,0.4001666666666665
source,NO_PER_SCORE,2,PhyGuard,920,mobility,mobility,0.9901469830415132,0.991799983013202,0.9983333333333332
source,NO_PER_SCORE,2,PhyGuard,883,blockage,blockage,0.536582546435057,0.9890922514931928,0.5425
source,NO_PER_SCORE,2,PhyGuard,742,normal,ABSTAIN,0.0670745222233087,0.109958233152965,0.6100000000000001
source,NO_PER_SCORE,2,PhyGuard,273,interference,ABSTAIN,0.0930723731024227,0.2043301275574592,0.4555000000000001
source,NO_PER_SCORE,2,PhyGuard,516,nonphysical_goodput,blockage,0.4406799574628551,0.8003873905788195,0.5505833333333334
source,NO_PER_SCORE,2,PhyGuard,567,interference,interference,0.6494795261926806,0.9539478964886372,0.6808333333333333
source,NO_PER_SCORE,2,PhyGuard,416,adaptation_mismatch,adaptation_mismatch,0.4530121080004806,0.7482650097736773,0.6054166666666668
source,NO_PER_SCORE,2,PhyGuard,192,normal,ABSTAIN,0.0257189561310316,0.076298510153864,0.3370833333333333
source,NO_PER_SCORE,3,PhyGuard,179,adaptation_mismatch,adaptation_mismatch,0.929166663021036,0.9999999960764512,0.9291666666666668
source,NO_PER_SCORE,3,PhyGuard,38,interference,interference,0.9920833217183423,0.9999999882923232,0.9920833333333332
source,NO_PER_SCORE,3,PhyGuard,600,blockage,blockage,0.4681561678674125,0.6609263546363469,0.7083333333333336
source,NO_PER_SCORE,3,PhyGuard,395,mobility,mobility,0.5763561136879224,0.6424777858109679,0.8970833333333332
source,NO_PER_SCORE,3,PhyGuard,621,blockage,blockage,0.8123049611152714,0.9257036593906224,0.8775000000000002
source,NO_PER_SCORE,3,PhyGuard,541,interference,ABSTAIN,0.1262337136319324,0.2402544906555415,0.5254166666666665
source,NO_PER_SCORE,3,PhyGuard,380,mobility,mobility,0.9983881778039434,0.9983881778039434,1.0
source,NO_PER_SCORE,3,PhyGuard,409,adaptation_mismatch,interference,0.2638676557919569,0.559140361911263,0.4719166666666667
source,NO_PER_SCORE,3,PhyGuard,891,blockage,blockage,0.9893219987728756,0.9942934661033928,0.995
source,NO_PER_SCORE,3,PhyGuard,355,blockage,blockage,0.8045213366719367,0.8955710612303562,0.8983333333333333
source,NO_PER_SCORE,3,PhyGuard,459,normal,ABSTAIN,0.0384758245853606,0.0934635415029003,0.4116666666666667
source,NO_PER_SCORE,3,PhyGuard,959,adaptation_mismatch,adaptation_mismatch,0.2821525880233684,0.5852776242489923,0.4820833333333333
source,NO_PER_SCORE,3,PhyGuard,701,adaptation_mismatch,interference,0.3854823187708792,0.9888387826529608,0.3898333333333332
source,NO_PER_SCORE,3,PhyGuard,9,interference,blockage,0.6064307987270003,0.992115826138242,0.61125
source,NO_PER_SCORE,3,PhyGuard,881,blockage,ABSTAIN,0.3760883127635117,0.438203685130803,0.8582500000000001
source,NO_PER_SCORE,3,PhyGuard,672,mobility,mobility,0.7566686063718808,0.8642349980996397,0.8755357142857142
source,NO_PER_SCORE,3,PhyGuard,292,interference,interference,0.7556694022035633,0.999573194873224,0.7559920634920637
source,NO_PER_SCORE,3,PhyGuard,804,nonphysical_goodput,ABSTAIN,0.1409980733793172,0.2958001539426236,0.4766666666666666
source,NO_PER_SCORE,3,PhyGuard,77,blockage,blockage,0.9878619634199184,0.990337807939768,0.9975
source,NO_PER_SCORE,3,PhyGuard,566,interference,interference,0.9205434324376008,0.9911638572679418,0.92875
source,NO_PER_SCORE,3,PhyGuard,375,mobility,mobility,0.9935536071634622,0.9985463388577508,0.995
source,NO_PER_SCORE,3,PhyGuard,831,interference,interference,0.7115254414698978,0.9999771971234728,0.7115416666666667
source,NO_PER_SCORE,3,PhyGuard,56,blockage,blockage,0.5493615546194343,0.7854567681917326,0.6994166666666666
source,NO_PER_SCORE,3,PhyGuard,748,normal,ABSTAIN,0.1508208392369296,0.3142100817436035,0.4799999999999998
source,NO_PER_SCORE,3,PhyGuard,281,interference,blockage,0.5255537533450053,0.9755058066728634,0.5387500000000002
source,NO_PER_SCORE,3,PhyGuard,647,mobility,ABSTAIN,0.2720854659669375,0.3057712672413608,0.8898333333333334
source,NO_PER_SCORE,3,PhyGuard,754,normal,ABSTAIN,0.0189983840478623,0.0465836960715872,0.4078333333333331
source,NO_PER_SCORE,3,PhyGuard,791,nonphysical_goodput,ABSTAIN,0.0652954520601241,0.128872602750245,0.5066666666666666
source,NO_PER_SCORE,3,PhyGuard,715,adaptation_mismatch,adaptation_mismatch,0.7741794139224089,0.9947695649500916,0.77825
source,NO_PER_SCORE,3,PhyGuard,359,blockage,blockage,0.8375279408302096,0.9535422476245272,0.8783333333333333
source,NO_PER_SCORE,3,PhyGuard,992,normal,ABSTAIN,0.183013590870357,0.3560575697866869,0.5139999999999999
source,NO_PER_SCORE,3,PhyGuard,482,normal,ABSTAIN,0.0186091769700213,0.0483878924464261,0.3845833333333333
source,NO_PER_SCORE,3,PhyGuard,112,mobility,mobility,0.998895311220451,0.998895311220451,1.0
source,NO_PER_SCORE,3,PhyGuard,25,interference,interference,0.9814571229203746,0.999998766719974,0.9814583333333332
source,NO_PER_SCORE,3,PhyGuard,841,interference,interference,0.9723749242849876,0.9999999221339374,0.972375
source,NO_PER_SCORE,3,PhyGuard,1014,normal,ABSTAIN,0.0455356934362958,0.1063503933895581,0.4281666666666666
source,NO_PER_SCORE,3,PhyGuard,982,adaptation_mismatch,adaptation_mismatch,0.6970543331225993,0.9997193734278944,0.69725
source,NO_PER_SCORE,3,PhyGuard,814,interference,blockage,0.2070916985772179,0.5461759083355198,0.3791666666666667
source,NO_PER_SCORE,3,PhyGuard,933,mobility,mobility,0.6530507143599829,0.7024298611465338,0.929702380952381
source,NO_PER_SCORE,3,PhyGuard,385,mobility,mobility,0.8187483942707434,0.9967516213096196,0.8214166666666667
source,NO_PER_SCORE,3,PhyGuard,769,nonphysical_goodput,ABSTAIN,0.0340116282558879,0.0626749906435281,0.5426666666666666
source,NO_PER_SCORE,3,PhyGuard,246,nonphysical_goodput,ABSTAIN,0.0226988925037245,0.0584270077315946,0.3885
source,NO_PER_SCORE,3,PhyGuard,834,interference,ABSTAIN,0.1412703980341975,0.193590548384492,0.7297380952380952
source,NO_PER_SCORE,3,PhyGuard,369,mobility,mobility,0.7628002207484619,0.7973521471238278,0.9566666666666666
source,NO_PER_SCORE,3,PhyGuard,46,blockage,blockage,0.9621601963795648,0.9902163256050412,0.9716666666666666
source,NO_PER_SCORE,3,PhyGuard,99,mobility,mobility,0.9869865348455702,0.9994800352866532,0.9875
source,NO_PER_SCORE,3,PhyGuard,1060,nonphysical_goodput,ABSTAIN,0.0240193833928661,0.0690873923092984,0.3476666666666667
source,NO_PER_SCORE,3,PhyGuard,256,nonphysical_goodput,ABSTAIN,0.0129172390721947,0.0335876205560861,0.3845833333333333
source,NO_PER_SCORE,3,PhyGuard,819,interference,ABSTAIN,0.1126305439950771,0.2350959345870457,0.4790833333333332
source,NO_PER_SCORE,3,PhyGuard,587,blockage,ABSTAIN,0.1627524328336938,0.2046128018862573,0.7954166666666667
source,NO_PER_SCORE,3,PhyGuard,243,nonphysical_goodput,ABSTAIN,0.0064407177869566,0.0178289765728902,0.36125
source,NO_PER_SCORE,3,PhyGuard,951,adaptation_mismatch,adaptation_mismatch,0.4456464508314761,0.9982746705203872,0.4464166666666667
source,NO_PER_SCORE,3,PhyGuard,199,normal,ABSTAIN,0.0568311367719217,0.0839352173862228,0.6770833333333335
source,NO_PER_SCORE,3,PhyGuard,129,mobility,mobility,0.99738657084591,0.9998862865623156,0.9975
source,NO_PER_SCORE,3,PhyGuard,781,nonphysical_goodput,ABSTAIN,0.1326952206679984,0.3213607765925291,0.4129166666666666
source,NO_PER_SCORE,3,PhyGuard,328,blockage,ABSTAIN,0.0376814204248746,0.0885084535453686,0.4257380952380953
source,NO_PER_SCORE,3,PhyGuard,911,mobility,mobility,0.9343292489787614,0.9477557893275684,0.9858333333333332
source,NO_PER_SCORE,3,PhyGuard,453,normal,ABSTAIN,0.0358229868978544,0.0893712770840442,0.4008333333333332
source,NO_PER_SCORE,3,PhyGuard,723,normal,ABSTAIN,0.0940763379676556,0.1660170670017452,0.5666666666666668
source,NO_PER_SCORE,3,PhyGuard,914,mobility,mobility,0.9500330255090822,0.9564090860829686,0.9933333333333334
source,NO_PER_SCORE,3,PhyGuard,81,blockage,blockage,0.9789022176647114,0.9865341555066168,0.9922638888888888
source,NO_PER_SCORE,3,PhyGuard,642,mobility,ABSTAIN,0.1219431863312058,0.2345061275600111,0.52
source,NO_PER_SCORE,3,PhyGuard,546,interference,interference,0.5142474780158722,0.9612102392820046,0.5349999999999998
source,NO_PER_SCORE,3,PhyGuard,196,normal,ABSTAIN,0.0126565291914473,0.0302727427341774,0.4180833333333333
source,NO_PER_SCORE,3,PhyGuard,745,normal,ABSTAIN,0.1807888755562095,0.4496303640776195,0.4020833333333334
source,NO_PER_SCORE,3,PhyGuard,368,mobility,mobility,0.6659983320473789,0.9691443896401876,0.6872023809523808
source,NO_PER_SCORE,3,PhyGuard,513,nonphysical_goodput,ABSTAIN,0.044800158601716,0.1022056850229264,0.4383333333333333
source,NO_PER_SCORE,3,PhyGuard,727,normal,ABSTAIN,0.0358301444121784,0.0518525968338327,0.691
source,NO_PER_SCORE,3,PhyGuard,404,mobility,mobility,0.9643924191888886,0.9985081130514808,0.9658333333333332
source,NO_PER_SCORE,3,PhyGuard,152,adaptation_mismatch,adaptation_mismatch,0.8291399089092161,0.999967729337748,0.8291666666666667
source,NO_PER_SCORE,3,PhyGuard,329,blockage,blockage,0.3118675607920754,0.7323700057739541,0.4258333333333333
source,NO_PER_SCORE,3,PhyGuard,391,mobility,mobility,0.9681100627445554,0.989550319670755,0.9783333333333334
source,NO_PER_SCORE,3,PhyGuard,517,nonphysical_goodput,ABSTAIN,0.0114629545068544,0.0353340493404194,0.3244166666666666
source,NO_PER_SCORE,3,PhyGuard,154,adaptation_mismatch,adaptation_mismatch,0.8608572006240451,0.9995439194473672,0.8612500000000002
source,NO_PER_SCORE,3,PhyGuard,952,adaptation_mismatch,adaptation_mismatch,0.7828780671009467,0.999950697734046,0.7829166666666665
source,NO_PER_SCORE,3,PhyGuard,435,adaptation_mismatch,adaptation_mismatch,0.4144258762616224,0.999878607708418,0.4144761904761905
source,NO_PER_SCORE,3,PhyGuard,570,interference,interference,0.7812735718491653,0.9984326796794448,0.7824999999999999
source,NO_PER_SCORE,3,PhyGuard,1011,normal,mobility,0.3304615277036911,0.5726409144323891,0.5770833333333333
source,NO_PER_SCORE,3,PhyGuard,253,nonphysical_goodput,ABSTAIN,0.0485108543321756,0.077617366931481,0.6250000000000001
source,NO_PER_SCORE,3,PhyGuard,180,normal,ABSTAIN,0.0167568190398679,0.0491642612416663,0.3408333333333334
source,NO_PER_SCORE,3,PhyGuard,212,normal,ABSTAIN,0.049412825877686,0.0896397152238604,0.5512380952380951
source,NO_PER_SCORE,3,PhyGuard,211,normal,ABSTAIN,0.0498365169583393,0.0818109717510359,0.6091666666666665
source,NO_PER_SCORE,3,PhyGuard,753,normal,ABSTAIN,0.0721624719048604,0.1313238797176714,0.5495
source,NO_PER_SCORE,3,PhyGuard,593,blockage,ABSTAIN,0.3047257581613322,0.4220091284403909,0.7220833333333333
source,NO_PER_SCORE,3,PhyGuard,977,adaptation_mismatch,adaptation_mismatch,0.8552682095347576,0.999999146631956,0.8552689393939394
source,NO_PER_SCORE,3,PhyGuard,1020,normal,adaptation_mismatch,0.2338725857562861,0.6500975281620183,0.35975
source,NO_PER_SCORE,3,PhyGuard,489,normal,ABSTAIN,0.0585010279218414,0.1384639714126425,0.4225
source,NO_PER_SCORE,3,PhyGuard,295,interference,interference,0.8567741279882115,0.9984835029159445,0.8580753968253971
source,NO_PER_SCORE,3,PhyGuard,561,interference,interference,0.7562746120466484,0.9648410955304892,0.7838333333333333
source,NO_PER_SCORE,3,PhyGuard,23,interference,interference,0.9939579705436468,0.999999635005136,0.9939583333333332
source,NO_PER_SCORE,3,PhyGuard,989,adaptation_mismatch,adaptation_mismatch,0.7461439105340194,0.9999999613212436,0.7461439393939392
source,NO_PER_SCORE,3,PhyGuard,83,blockage,blockage,0.9761038387205088,0.999423725652398,0.9766666666666668
source,NO_PER_SCORE,3,PhyGuard,966,adaptation_mismatch,adaptation_mismatch,0.5078062790092647,0.9999914790055782,0.5078106060606062
source,NO_PER_SCORE,3,PhyGuard,702,adaptation_mismatch,adaptation_mismatch,0.7727622155118181,0.9222423258221598,0.8379166666666668
source,NO_PER_SCORE,3,PhyGuard,508,nonphysical_goodput,ABSTAIN,0.1369937741948786,0.2954574569264097,0.4636666666666667
source,NO_PER_SCORE,3,PhyGuard,612,blockage,blockage,0.6213464311655524,0.7444989689452451,0.8345833333333332
source,NO_PER_SCORE,3,PhyGuard,934,mobility,mobility,0.8216889881498223,0.8522271268623912,0.9641666666666668
source,NO_PER_SCORE,3,PhyGuard,504,nonphysical_goodput,blockage,0.7174745905396704,0.8432610270789467,0.8508333333333333
source,NO_PER_SCORE,3,PhyGuard,796,nonphysical_goodput,ABSTAIN,0.1096160026976457,0.2820913644374327,0.3885833333333333
source,NO_PER_SCORE,3,PhyGuard,1033,normal,ABSTAIN,0.0247558870333196,0.0656219669537962,0.37725
source,NO_PER_SCORE,3,PhyGuard,176,adaptation_mismatch,adaptation_mismatch,0.9484708721803288,0.9999985766141992,0.9484722222222224
source,NO_PER_SCORE,3,PhyGuard,823,interference,ABSTAIN,0.1636977415247981,0.343481884647242,0.4765833333333333
source,NO_PER_SCORE,3,PhyGuard,333,blockage,blockage,0.6527627398525159,0.9204644980293992,0.7091666666666668
source,NO_PER_SCORE,3,PhyGuard,177,adaptation_mismatch,adaptation_mismatch,0.9062494497742748,0.9999993928543722,0.90625
source,NO_PER_SCORE,3,PhyGuard,537,nonphysical_goodput,ABSTAIN,0.0158320173092353,0.0447548192487219,0.35375
source,NO_PER_SCORE,3,PhyGuard,1017,normal,ABSTAIN,0.0182227886723957,0.0474551788343638,0.3840000000000001
source,NO_PER_SCORE,3,PhyGuard,3,interference,interference,0.95884261643059,0.9998358878316894,0.959
source,NO_PER_SCORE,3,PhyGuard,643,mobility,ABSTAIN,0.0734476511259313,0.1539898338843936,0.4769642857142857
source,NO_PER_SCORE,3,PhyGuard,138,adaptation_mismatch,adaptation_mismatch,0.7308394068488658,0.9988693487683816,0.7316666666666666
source,NO_PER_SCORE,3,PhyGuard,59,blockage,blockage,0.9623102937425748,0.9903707997350684,0.9716666666666668
source,NO_PER_SCORE,3,PhyGuard,477,normal,ABSTAIN,0.0472801630948999,0.0724600200688122,0.6525
source,NO_PER_SCORE,3,PhyGuard,772,nonphysical_goodput,ABSTAIN,0.0408852185721509,0.0736338920705104,0.5552500000000001
source,NO_PER_SCORE,3,PhyGuard,699,adaptation_mismatch,interference,0.5460620824481379,0.9736619597886564,0.5608333333333332
source,NO_PER_SCORE,3,PhyGuard,114,mobility,mobility,0.9886249428183808,0.9991156572191824,0.9895
source,NO_PER_SCORE,3,PhyGuard,862,blockage,blockage,0.9066643197365292,0.9881899942632468,0.9175
source,NO_PER_SCORE,3,PhyGuard,547,interference,interference,0.5636416471297027,0.9559999668630998,0.5895833333333333
source,NO_PER_SCORE,3,PhyGuard,125,mobility,mobility,0.9700436066329312,0.9736600582779636,0.9962857142857144
source,NO_PER_SCORE,3,PhyGuard,788,nonphysical_goodput,ABSTAIN,0.0624213060022095,0.1936044642094894,0.3224166666666667
source,NO_PER_SCORE,3,PhyGuard,235,nonphysical_goodput,ABSTAIN,0.0720305164200037,0.1083844761178739,0.6645833333333333
source,NO_PER_SCORE,3,PhyGuard,1024,normal,ABSTAIN,0.0228734497680145,0.0599173536817668,0.38175
source,NO_PER_SCORE,3,PhyGuard,258,nonphysical_goodput,ABSTAIN,0.0629610484608017,0.0971121570089486,0.6483333333333334
source,NO_PER_SCORE,3,PhyGuard,284,interference,interference,0.3929381228261992,0.998239900722841,0.3936309523809523
source,NO_PER_SCORE,3,PhyGuard,185,normal,ABSTAIN,0.053113476847863,0.0780793485451864,0.68025
source,NO_PER_SCORE,3,PhyGuard,1072,nonphysical_goodput,ABSTAIN,0.0448605555464163,0.1233037749386135,0.3638214285714285
source,NO_PER_SCORE,3,PhyGuard,436,adaptation_mismatch,adaptation_mismatch,0.9169102865222312,0.9999930417401413,0.9169166666666666
source,NO_PER_SCORE,3,PhyGuard,710,adaptation_mismatch,adaptation_mismatch,0.9073814361071428,0.9912223243773975,0.9154166666666668
source,NO_PER_SCORE,3,PhyGuard,494,normal,blockage,0.5902687172710531,0.7006156881555524,0.8425000000000002
source,NO_PER_SCORE,3,PhyGuard,681,adaptation_mismatch,ABSTAIN,0.0733269570244681,0.2096054035954306,0.3498333333333333
source,NO_PER_SCORE,3,PhyGuard,922,mobility,mobility,0.6919960234778587,0.7407629154089478,0.9341666666666668
source,NO_PER_SCORE,3,PhyGuard,509,nonphysical_goodput,blockage,0.2512871513379883,0.7155780294389797,0.3511666666666666
source,NO_PER_SCORE,3,PhyGuard,63,blockage,blockage,0.935425153798789,0.9882991587942832,0.9465
source,NO_PER_SCORE,3,PhyGuard,910,mobility,mobility,0.922888613575622,0.9697603645277988,0.9516666666666668
source,NO_PER_SCORE,3,PhyGuard,315,blockage,ABSTAIN,0.0720862749206187,0.0840656267295845,0.8574999999999998
source,NO_PER_SCORE,3,PhyGuard,654,mobility,mobility,0.3753090900434015,0.634325222608566,0.5916666666666666
source,NO_PER_SCORE,3,PhyGuard,40,interference,interference,0.9419579635113228,0.9999996073902662,0.9419583333333332
source,NO_PER_SCORE,3,PhyGuard,563,interference,interference,0.7664173744092144,0.984163562644256,0.77875
source,NO_PER_SCORE,3,PhyGuard,122,mobility,mobility,0.9940416683718928,0.9998742682701351,0.9941666666666664
source,NO_PER_SCORE,3,PhyGuard,60,blockage,blockage,0.9917896477515936,0.9917896477515936,1.0
source,NO_PER_SCORE,3,PhyGuard,825,interference,interference,0.284593788006069,0.7112092997503883,0.4001547619047618
source,NO_PER_SCORE,3,PhyGuard,733,normal,ABSTAIN,0.0477984986324472,0.1409985210396672,0.3390000000000001
source,NO_PER_SCORE,3,PhyGuard,456,normal,ABSTAIN,0.1361587919142885,0.3271082088030955,0.41625
source,NO_PER_SCORE,3,PhyGuard,662,mobility,mobility,0.219861622624926,0.6419317448902949,0.3425
source,NO_PER_SCORE,3,PhyGuard,145,adaptation_mismatch,adaptation_mismatch,0.7139997970451969,0.9999997157495756,0.714
source,NO_PER_SCORE,3,PhyGuard,428,adaptation_mismatch,adaptation_mismatch,0.8449975964268734,0.9999971555347617,0.8449999999999999
source,NO_PER_SCORE,3,PhyGuard,71,blockage,blockage,0.9816937517804656,0.9901096840952752,0.9915
source,NO_PER_SCORE,3,PhyGuard,364,mobility,blockage,0.4781915130944293,0.9510465980553264,0.5028055555555554
source,NO_PER_SCORE,3,PhyGuard,96,mobility,mobility,0.9985629750912484,0.999395804928689,0.9991666666666668
source,NO_PER_SCORE,3,PhyGuard,896,blockage,blockage,0.6514660894616316,0.9106107249318088,0.7154166666666667
source,NO_PER_SCORE,3,PhyGuard,273,interference,ABSTAIN,0.1090908180100475,0.1964715317605538,0.55525
source,NO_PER_SCORE,3,PhyGuard,532,nonphysical_goodput,ABSTAIN,0.0832458223074471,0.1131954524293898,0.7354166666666667
source,NO_PER_SCORE,3,PhyGuard,519,nonphysical_goodput,blockage,0.3160613897907065,0.7862223626634489,0.4020000000000001
source,NO_PER_SCORE,3,PhyGuard,421,adaptation_mismatch,adaptation_mismatch,0.5967458078890501,0.999634018599665,0.5969642857142857
source,NO_PER_SCORE,3,PhyGuard,301,interference,interference,0.4205509654956065,0.8888680044694901,0.4731309523809524
source,NO_PER_SCORE,3,PhyGuard,342,blockage,blockage,0.6060864067066297,0.6629933345924848,0.9141666666666666
source,NO_PER_SCORE,3,PhyGuard,27,interference,interference,0.974373019120812,0.9999979670258496,0.974375
source,NO_PER_SCORE,3,PhyGuard,153,adaptation_mismatch,adaptation_mismatch,0.9670757340624662,0.9999921420723475,0.9670833333333332
source,NO_PER_SCORE,3,PhyGuard,572,interference,interference,0.8560967327615113,0.998848886061073,0.8570833333333333
source,NO_PER_SCORE,3,PhyGuard,418,adaptation_mismatch,blockage,0.4781937502613859,0.9767361707466606,0.4895833333333332
source,NO_PER_SCORE,3,PhyGuard,632,mobility,ABSTAIN,0.1487723948479727,0.3673392465382042,0.405
source,NO_PER_SCORE,3,PhyGuard,471,normal,ABSTAIN,0.0156896043206529,0.0391099401428822,0.4011666666666667
source,NO_PER_SCORE,3,PhyGuard,110,mobility,mobility,0.9988455813874522,0.9988455813874522,1.0
source,NO_PER_SCORE,3,PhyGuard,915,mobility,mobility,0.9945804156276494,0.9979067715327586,0.9966666666666668
source,NO_PER_SCORE,3,PhyGuard,775,nonphysical_goodput,ABSTAIN,0.0389047661786653,0.1137289145295942,0.3420833333333333
source,NO_PER_SCORE,3,PhyGuard,1035,nonphysical_goodput,ABSTAIN,0.0277610556391227,0.0683068828520551,0.4064166666666668
source,NO_PER_SCORE,3,PhyGuard,873,blockage,blockage,0.95826160321643,0.963238334611925,0.9948333333333332
source,NO_PER_SCORE,3,PhyGuard,939,mobility,mobility,0.993711104831165,0.9953700549227028,0.9983333333333334
source,NO_PER_SCORE,3,PhyGuard,871,blockage,blockage,0.9509881038226916,0.9703960243088692,0.98
source,NO_PER_SCORE,3,PhyGuard,337,blockage,blockage,0.7328280715630414,0.9405280062841176,0.7791666666666666
source,NO_PER_SCORE,3,PhyGuard,628,blockage,blockage,0.8404140131457225,0.891291927330859,0.9429166666666666
source,NO_PER_SCORE,3,PhyGuard,228,nonphysical_goodput,ABSTAIN,0.0258568203303383,0.0499740671793387,0.517404761904762
source,NO_PER_SCORE,3,PhyGuard,919,mobility,mobility,0.9717644559357516,0.9807547074204392,0.9908333333333332
source,NO_PER_SCORE,3,PhyGuard,717,adaptation_mismatch,adaptation_mismatch,0.8070384824079211,0.9999444283835884,0.8070833333333334
source,NO_PER_SCORE,3,PhyGuard,1071,nonphysical_goodput,ABSTAIN,0.0439002085243179,0.1132421544049474,0.3876666666666669
source,NO_PER_SCORE,3,PhyGuard,1053,nonphysical_goodput,blockage,0.3076355863446878,0.5675060778072644,0.5420833333333333
source,NO_PER_SCORE,3,PhyGuard,995,normal,blockage,0.274294223800785,0.5931754704648441,0.4624166666666667
source,NO_PER_SCORE,3,PhyGuard,217,normal,ABSTAIN,0.0453713683489181,0.0663566630331525,0.6837500000000002
source,NO_PER_SCORE,3,PhyGuard,739,normal,ABSTAIN,0.0115269860838743,0.0251087008543277,0.4590833333333333
source,NO_PER_SCORE,3,PhyGuard,675,adaptation_mismatch,adaptation_mismatch,0.3075509555695249,0.566044703502193,0.5433333333333333
source,NO_PER_SCORE,3,PhyGuard,898,blockage,blockage,0.770105707520563,0.936298732547797,0.8224999999999999
source,NO_PER_SCORE,3,PhyGuard,760,normal,ABSTAIN,0.0346097825980193,0.0629841357561772,0.5495000000000001
source,NO_PER_SCORE,3,PhyGuard,304,interference,interference,0.7957783733196633,0.9997215745221902,0.7959999999999998
source,NO_PER_SCORE,3,PhyGuard,187,normal,ABSTAIN,0.006995553311312,0.0219985953185914,0.3179999999999999
source,NO_PER_SCORE,3,PhyGuard,805,nonphysical_goodput,ABSTAIN,0.0788163991490259,0.1019726997076346,0.7729166666666667
source,NO_PER_SCORE,3,PhyGuard,1038,nonphysical_goodput,blockage,0.2578189420823149,0.6078246178757912,0.4241666666666668
source,NO_PER_SCORE,3,PhyGuard,148,adaptation_mismatch,adaptation_mismatch,0.5651864709836251,0.9995928742525424,0.5654166666666667
source,NO_PER_SCORE,3,PhyGuard,6,interference,interference,0.8945377131369882,0.9999490039724136,0.8945833333333333
source,NO_PER_SCORE,3,PhyGuard,850,interference,interference,0.4328737991794705,0.8756929685012046,0.4943214285714287
source,NO_PER_SCORE,3,PhyGuard,314,interference,interference,0.8372085243571092,0.9999504620568638,0.83725
source,NO_PER_SCORE,3,PhyGuard,624,blockage,blockage,0.8578536227017353,0.930763424269514,0.9216666666666664
source,NO_PER_SCORE,3,PhyGuard,257,nonphysical_goodput,ABSTAIN,0.028781186883403,0.0966081797484858,0.2979166666666667
source,NO_PER_SCORE,3,PhyGuard,590,blockage,blockage,0.3458049842346888,0.6725542643138192,0.5141666666666669
source,NO_PER_SCORE,3,PhyGuard,474,normal,ABSTAIN,0.0470965966863408,0.067409250982358,0.6986666666666668
source,NO_PER_SCORE,3,PhyGuard,607,blockage,blockage,0.5197304423391967,0.7235226575487654,0.7183333333333336
source,NO_PER_SCORE,3,PhyGuard,406,adaptation_mismatch,adaptation_mismatch,0.3259213018065861,0.9550807378947578,0.34125
source,NO_PER_SCORE,3,PhyGuard,91,mobility,mobility,0.9983811742267388,0.999213852437103,0.9991666666666668
source,NO_PER_SCORE,3,PhyGuard,1047,nonphysical_goodput,ABSTAIN,0.0125557250486199,0.0291034770298317,0.4314166666666665
source,NO_PER_SCORE,3,PhyGuard,962,adaptation_mismatch,adaptation_mismatch,0.814572108376752,0.999986220002151,0.8145833333333331
source,NO_PER_SCORE,3,PhyGuard,1074,nonphysical_goodput,ABSTAIN,0.0518833234970146,0.1395963860906223,0.3716666666666666
source,NO_PER_SCORE,3,PhyGuard,689,adaptation_mismatch,ABSTAIN,0.0817078492128291,0.1627106190763275,0.5021666666666667
source,NO_PER_SCORE,3,PhyGuard,1058,nonphysical_goodput,ABSTAIN,0.0627660208790926,0.1348598479049438,0.4654166666666668
source,NO_PER_SCORE,3,PhyGuard,238,nonphysical_goodput,ABSTAIN,0.0449214373273831,0.1102398765812669,0.4074880952380954
source,NO_PER_SCORE,3,PhyGuard,972,adaptation_mismatch,adaptation_mismatch,0.6694916513032526,0.9999875299525804,0.6695
source,NO_PER_SCORE,3,PhyGuard,426,adaptation_mismatch,adaptation_mismatch,0.87183558556847,0.9992384934882176,0.8725
source,NO_PER_SCORE,3,PhyGuard,847,interference,adaptation_mismatch,0.7691399966867912,0.99999487390208,0.7691439393939392
source,NO_PER_SCORE,3,PhyGuard,997,normal,ABSTAIN,0.0009192753666892,0.0020435910337663,0.4498333333333333
source,NO_PER_SCORE,3,PhyGuard,584,interference,interference,0.922054121160641,0.9999683193789152,0.922083333333333
source,NO_PER_SCORE,3,PhyGuard,651,mobility,mobility,0.59371274616658,0.8980421125435359,0.6611190476190475
source,NO_PER_SCORE,3,PhyGuard,286,interference,interference,0.7862418031426599,0.9787242362771704,0.8033333333333331
source,NO_PER_SCORE,3,PhyGuard,661,mobility,mobility,0.863012379730157,0.979768075379554,0.8808333333333332
source,NO_PER_SCORE,3,PhyGuard,41,interference,interference,0.9852082843488992,0.999999950280126,0.9852083333333332
source,NO_PER_SCORE,3,PhyGuard,869,blockage,blockage,0.7982356055955027,0.9665819643941508,0.8258333333333332
source,NO_PER_SCORE,3,PhyGuard,534,nonphysical_goodput,ABSTAIN,0.0106708641801714,0.028655773373862,0.3723809523809522
source,NO_PER_SCORE,3,PhyGuard,437,adaptation_mismatch,adaptation_mismatch,0.862664619939066,0.9999976274409575,0.8626666666666665
source,NO_PER_SCORE,3,PhyGuard,205,normal,ABSTAIN,0.0271859466574136,0.0600810207904113,0.4524880952380953
source,NO_PER_SCORE,3,PhyGuard,350,blockage,blockage,0.9914834251514902,0.9989757432256828,0.9925
source,NO_PER_SCORE,3,PhyGuard,859,blockage,ABSTAIN,0.200658014318239,0.2433939322570371,0.8244166666666666
source,NO_PER_SCORE,4,PhyGuard,475,normal,ABSTAIN,0.01543776643346,0.0356599032149221,0.4329166666666665
source,NO_PER_SCORE,4,PhyGuard,83,blockage,blockage,0.975559610677536,0.9998902740118238,0.9756666666666663
source,NO_PER_SCORE,4,PhyGuard,367,mobility,mobility,0.8675996695148979,0.982188305111205,0.8833333333333334
source,NO_PER_SCORE,4,PhyGuard,849,interference,interference,0.507996118905982,0.9999923600511456,0.508
source,NO_PER_SCORE,4,PhyGuard,225,nonphysical_goodput,ABSTAIN,0.0400765054811566,0.0939293097214608,0.4266666666666666
source,NO_PER_SCORE,4,PhyGuard,446,adaptation_mismatch,adaptation_mismatch,0.7319477830433581,0.9998961420660606,0.7320238095238096
source,NO_PER_SCORE,4,PhyGuard,1005,normal,ABSTAIN,0.0180344393827366,0.0338266547907707,0.5331428571428571
source,NO_PER_SCORE,4,PhyGuard,192,normal,ABSTAIN,0.0227036166151801,0.06383397361344,0.3556666666666667
source,NO_PER_SCORE,4,PhyGuard,945,adaptation_mismatch,ABSTAIN,0.3530446466618678,0.9541747207077508,0.37
source,NO_PER_SCORE,4,PhyGuard,980,adaptation_mismatch,adaptation_mismatch,0.7889996185547378,0.9999995165459288,0.7889999999999999
source,NO_PER_SCORE,4,PhyGuard,904,mobility,mobility,0.7118712050881261,0.8505032318854552,0.8370000000000001
source,NO_PER_SCORE,4,PhyGuard,119,mobility,mobility,0.9865081833477408,0.991465510902252,0.995
source,NO_PER_SCORE,4,PhyGuard,288,interference,interference,0.8499715850098867,0.9999665705998668,0.85
source,NO_PER_SCORE,4,PhyGuard,958,adaptation_mismatch,ABSTAIN,0.3180126720628032,0.9517775445201744,0.334125
source,NO_PER_SCORE,4,PhyGuard,472,normal,ABSTAIN,0.0368199896636243,0.1012233392814415,0.3637499999999999
source,NO_PER_SCORE,4,PhyGuard,502,nonphysical_goodput,ABSTAIN,0.0159567123935975,0.0329004379249434,0.485
source,NO_PER_SCORE,4,PhyGuard,494,normal,blockage,0.5796833485661754,0.6711239925512885,0.86375
source,NO_PER_SCORE,4,PhyGuard,358,blockage,blockage,0.9950649031590186,0.9983928794237644,0.9966666666666668
source,NO_PER_SCORE,4,PhyGuard,793,nonphysical_goodput,ABSTAIN,0.0294806302255835,0.0961324898660333,0.3066666666666667
source,NO_PER_SCORE,4,PhyGuard,152,adaptation_mismatch,adaptation_mismatch,0.8279051646588371,0.9999861072879762,0.8279166666666669
source,NO_PER_SCORE,4,PhyGuard,905,mobility,ABSTAIN,0.2366187670654706,0.242727406803355,0.9748333333333332
source,NO_PER_SCORE,4,PhyGuard,580,interference,interference,0.8303093509016896,0.999870768772732,0.8304166666666667
source,NO_PER_SCORE,4,PhyGuard,407,adaptation_mismatch,adaptation_mismatch,0.618413672105902,0.9999951576971868,0.6184166666666667
source,NO_PER_SCORE,4,PhyGuard,514,nonphysical_goodput,ABSTAIN,0.1083327584256805,0.278626812852332,0.3888095238095237
source,NO_PER_SCORE,4,PhyGuard,1041,nonphysical_goodput,ABSTAIN,0.0380905479428566,0.0658578741177551,0.5783750000000001
source,NO_PER_SCORE,4,PhyGuard,693,adaptation_mismatch,adaptation_mismatch,0.6491807030019746,0.9074162418198828,0.7154166666666667
source,NO_PER_SCORE,4,PhyGuard,457,normal,ABSTAIN,0.1403276766580416,0.2466577002924416,0.5689166666666666
source,NO_PER_SCORE,4,PhyGuard,779,nonphysical_goodput,ABSTAIN,0.0819737308962417,0.1627270092233086,0.5037500000000001
source,NO_PER_SCORE,4,PhyGuard,175,adaptation_mismatch,interference,0.9458324172328224,0.9999990314355832,0.9458333333333332
source,NO_PER_SCORE,4,PhyGuard,948,adaptation_mismatch,adaptation_mismatch,0.5848431602473321,0.9997318978586872,0.585
source,NO_PER_SCORE,4,PhyGuard,164,adaptation_mismatch,adaptation_mismatch,0.8958247878881798,0.999990460898433,0.8958333333333335
source,NO_PER_SCORE,4,PhyGuard,809,nonphysical_goodput,ABSTAIN,0.0418286124701237,0.0837269974381126,0.4995833333333332
source,NO_PER_SCORE,4,PhyGuard,638,mobility,ABSTAIN,0.0499343878381562,0.1258321407093395,0.3968333333333332
source,NO_PER_SCORE,4,PhyGuard,346,blockage,blockage,0.4577339647210116,0.7488490220384646,0.6112500000000002
source,NO_PER_SCORE,4,PhyGuard,713,adaptation_mismatch,adaptation_mismatch,0.7709626588965711,0.9998435001360484,0.771083333333333
source,NO_PER_SCORE,4,PhyGuard,719,adaptation_mismatch,adaptation_mismatch,0.8568731631341411,0.9969437616453066,0.8595
source,NO_PER_SCORE,4,PhyGuard,629,blockage,blockage,0.8150089521621001,0.8658793648468529,0.9412499999999998
source,NO_PER_SCORE,4,PhyGuard,742,normal,ABSTAIN,0.0816387267326819,0.1466673734249844,0.556625
source,NO_PER_SCORE,4,PhyGuard,154,adaptation_mismatch,adaptation_mismatch,0.8511014973805874,0.999825547583656,0.8512500000000002
source,NO_PER_SCORE,4,PhyGuard,110,mobility,mobility,0.9944959106465396,0.9969883816005408,0.9975
source,NO_PER_SCORE,4,PhyGuard,51,blockage,blockage,0.8044348263411532,0.8896975037874506,0.9041666666666666
source,NO_PER_SCORE,4,PhyGuard,501,nonphysical_goodput,ABSTAIN,0.0514879949837812,0.1347559301647493,0.3820833333333333
source,NO_PER_SCORE,4,PhyGuard,555,interference,interference,0.7261570567840883,0.998154029943764,0.7274999999999998
source,NO_PER_SCORE,4,PhyGuard,1047,nonphysical_goodput,ABSTAIN,0.0070492153053934,0.0162050926560769,0.435
source,NO_PER_SCORE,4,PhyGuard,216,normal,ABSTAIN,0.128739343855161,0.18328059393308,0.7024166666666667
source,NO_PER_SCORE,4,PhyGuard,979,adaptation_mismatch,adaptation_mismatch,0.7845832615831325,0.9999999085499296,0.7845833333333335
source,NO_PER_SCORE,4,PhyGuard,509,nonphysical_goodput,ABSTAIN,0.296911169400411,0.8079215493888738,0.3674999999999999
source,NO_PER_SCORE,4,PhyGuard,1066,nonphysical_goodput,ABSTAIN,0.0473620639823056,0.1174751483645449,0.4031666666666666
source,NO_PER_SCORE,4,PhyGuard,230,nonphysical_goodput,ABSTAIN,0.0198965586550347,0.0580568276864235,0.3427083333333333
source,NO_PER_SCORE,4,PhyGuard,125,mobility,mobility,0.946406320031424,0.9543593143174024,0.9916666666666666
source,NO_PER_SCORE,4,PhyGuard,798,nonphysical_goodput,ABSTAIN,0.0695767352553968,0.1500306959685107,0.46375
source,NO_PER_SCORE,4,PhyGuard,370,mobility,mobility,0.986603764447806,0.997409028927858,0.9891666666666664
source,NO_PER_SCORE,4,PhyGuard,221,normal,ABSTAIN,0.0423342198385039,0.087062662906949,0.48625
source,NO_PER_SCORE,4,PhyGuard,534,nonphysical_goodput,ABSTAIN,0.0130564553674325,0.0328257834504903,0.39775
source,NO_PER_SCORE,4,PhyGuard,240,nonphysical_goodput,ABSTAIN,0.0395355853106207,0.0666798346770834,0.5929166666666668
source,NO_PER_SCORE,4,PhyGuard,1030,normal,blockage,0.3752222356457129,0.8186666959542828,0.4583333333333333
source,NO_PER_SCORE,4,PhyGuard,409,adaptation_mismatch,ABSTAIN,0.2717656012633123,0.452001000022141,0.6012500000000002
source,NO_PER_SCORE,4,PhyGuard,493,normal,ABSTAIN,0.0651937510452527,0.1167649272452287,0.5583333333333332
source,NO_PER_SCORE,4,PhyGuard,961,adaptation_mismatch,interference,0.7562470421529679,0.9999960887973128,0.75625
source,NO_PER_SCORE,4,PhyGuard,704,adaptation_mismatch,adaptation_mismatch,0.7831105945054136,0.9535593235986772,0.82125
source,NO_PER_SCORE,4,PhyGuard,16,interference,interference,0.8883333332437159,0.9999999998991174,0.8883333333333333
source,NO_PER_SCORE,4,PhyGuard,283,interference,ABSTAIN,0.4191099625806389,0.97241290621958,0.431
source,NO_PER_SCORE,4,PhyGuard,932,mobility,mobility,0.9627785735222644,0.9627785735222644,1.0
source,NO_PER_SCORE,4,PhyGuard,596,blockage,ABSTAIN,0.303387027243374,0.4018371221766542,0.7550000000000001
source,NO_PER_SCORE,4,PhyGuard,818,interference,ABSTAIN,0.2457782991366424,0.7081247514140956,0.3470833333333334
source,NO_PER_SCORE,4,PhyGuard,614,blockage,blockage,0.533978138026599,0.8004669152178875,0.6670833333333333
source,NO_PER_SCORE,4,PhyGuard,890,blockage,blockage,0.7500721741114204,0.9987645460871112,0.7509999999999999
source,NO_PER_SCORE,4,PhyGuard,883,blockage,blockage,0.52487028362395,0.9978522502356464,0.526
source,NO_PER_SCORE,4,PhyGuard,186,normal,blockage,0.5285082599274431,0.9572979802459346,0.5520833333333334
source,NO_PER_SCORE,4,PhyGuard,98,mobility,mobility,0.9910257981813316,0.9960058273179212,0.995
source,NO_PER_SCORE,4,PhyGuard,584,interference,interference,0.8535791559833883,0.9999951061017924,0.8535833333333332
source,NO_PER_SCORE,4,PhyGuard,89,blockage,blockage,0.9863141135811992,0.9896128229911696,0.9966666666666668
source,NO_PER_SCORE,4,PhyGuard,648,mobility,mobility,0.5039166276025653,0.6129751172053506,0.8220833333333334
source,NO_PER_SCORE,4,PhyGuard,41,interference,interference,0.9712499997164192,0.9999999997080252,0.97125
source,NO_PER_SCORE,4,PhyGuard,543,interference,ABSTAIN,0.1823353704159225,0.5283806918597124,0.3450833333333334
source,NO_PER_SCORE,4,PhyGuard,911,mobility,mobility,0.9108542637225844,0.9251164760618716,0.9845833333333333
source,NO_PER_SCORE,4,PhyGuard,775,nonphysical_goodput,ABSTAIN,0.0520922691434028,0.1287364109457439,0.4046428571428571
source,NO_PER_SCORE,4,PhyGuard,814,interference,ABSTAIN,0.217886428111255,0.5610809307585968,0.3883333333333333
source,NO_PER_SCORE,4,PhyGuard,674,mobility,ABSTAIN,0.2159736238246528,0.2596877240376587,0.8316666666666666
source,NO_PER_SCORE,4,PhyGuard,1022,normal,ABSTAIN,0.0360864976805995,0.0576615142699327,0.6258333333333332
source,NO_PER_SCORE,4,PhyGuard,671,mobility,ABSTAIN,0.305779036968081,0.3702672496081708,0.8258333333333333
source,NO_PER_SCORE,4,PhyGuard,929,mobility,mobility,0.995907383393481,0.9984033918731638,0.9975
source,NO_PER_SCORE,4,PhyGuard,778,nonphysical_goodput,ABSTAIN,0.0682326202689495,0.0832891099700902,0.8192261904761904
source,NO_PER_SCORE,4,PhyGuard,792,nonphysical_goodput,ABSTAIN,0.0866830873898155,0.1754126557635391,0.4941666666666666
source,NO_PER_SCORE,4,PhyGuard,867,blockage,ABSTAIN,0.0046078258653527,0.0104772923513468,0.4397916666666666
source,NO_PER_SCORE,4,PhyGuard,1015,normal,ABSTAIN,0.2117158076596945,0.4939898292662522,0.4285833333333333
source,NO_PER_SCORE,4,PhyGuard,387,mobility,mobility,0.8851457274097632,0.9651748049902004,0.9170833333333336
source,NO_PER_SCORE,4,PhyGuard,971,adaptation_mismatch,adaptation_mismatch,0.8991453517468914,0.999976294806552,0.8991666666666666
source,NO_PER_SCORE,4,PhyGuard,277,interference,ABSTAIN,0.3046332812330103,0.7753126987902702,0.3929166666666667
source,NO_PER_SCORE,4,PhyGuard,206,normal,ABSTAIN,0.027031907108665,0.0383318032855516,0.7052083333333334
source,NO_PER_SCORE,4,PhyGuard,600,blockage,blockage,0.5346641639478207,0.6732392410675602,0.7941666666666667
source,NO_PER_SCORE,4,PhyGuard,313,interference,adaptation_mismatch,0.4508298288837566,0.9999922267292196,0.4508333333333333
source,NO_PER_SCORE,4,PhyGuard,1049,nonphysical_goodput,ABSTAIN,0.0236854820121971,0.0523918496122333,0.4520833333333333
source,NO_PER_SCORE,4,PhyGuard,173,adaptation_mismatch,adaptation_mismatch,0.9824999868588206,0.9999999866247538,0.9825
source,NO_PER_SCORE,4,PhyGuard,437,adaptation_mismatch,adaptation_mismatch,0.8533328281644572,0.9999994080052234,0.8533333333333333
source,NO_PER_SCORE,4,PhyGuard,998,normal,ABSTAIN,0.0147101430007982,0.0253988080589322,0.5791666666666666
source,NO_PER_SCORE,4,PhyGuard,137,adaptation_mismatch,adaptation_mismatch,0.8127406820929003,0.9999885353342358,0.8127500000000001
source,NO_PER_SCORE,4,PhyGuard,762,normal,ABSTAIN,0.0671966605253478,0.17359740071134,0.3870833333333333
source,NO_PER_SCORE,4,PhyGuard,79,blockage,blockage,0.9751956238541524,0.9984938128199512,0.9766666666666668
source,NO_PER_SCORE,4,PhyGuard,687,adaptation_mismatch,adaptation_mismatch,0.3721357380121665,0.6267549271783857,0.59375
source,NO_PER_SCORE,4,PhyGuard,451,normal,ABSTAIN,0.4294501514157608,0.5120121030292231,0.83875
source,NO_PER_SCORE,4,PhyGuard,748,normal,ABSTAIN,0.1307101110896066,0.2654910854900608,0.4923333333333333
source,NO_PER_SCORE,4,PhyGuard,702,adaptation_mismatch,adaptation_mismatch,0.8063398499059253,0.9500322237477764,0.84875
source,NO_PER_SCORE,4,PhyGuard,431,adaptation_mismatch,adaptation_mismatch,0.6680564135472503,0.9687827145096076,0.6895833333333334
source,NO_PER_SCORE,4,PhyGuard,129,mobility,mobility,0.996501149785902,0.9998339295510724,0.9966666666666666
source,NO_PER_SCORE,4,PhyGuard,885,blockage,blockage,0.8483753822116847,0.9968182303476174,0.8510833333333333
source,NO_PER_SCORE,4,PhyGuard,25,interference,interference,0.9770832774720868,0.999999942828575,0.9770833333333332
source,NO_PER_SCORE,4,PhyGuard,856,blockage,blockage,0.7506765006889505,0.844643038749874,0.88875
source,NO_PER_SCORE,4,PhyGuard,831,interference,interference,0.6503744142668544,0.999999099391665,0.6503750000000003
source,NO_PER_SCORE,4,PhyGuard,1075,nonphysical_goodput,ABSTAIN,0.0200493950930487,0.0378588105612249,0.5295833333333332
source,NO_PER_SCORE,4,PhyGuard,244,nonphysical_goodput,ABSTAIN,0.019319251559037,0.0480678040034095,0.4019166666666666
source,NO_PER_SCORE,4,PhyGuard,434,adaptation_mismatch,adaptation_mismatch,0.7203225382246848,0.9987965204832208,0.7211904761904764
source,NO_PER_SCORE,4,PhyGuard,989,adaptation_mismatch,adaptation_mismatch,0.7287083330796622,0.9999999996518892,0.7287083333333335
source,NO_PER_SCORE,4,PhyGuard,340,blockage,blockage,0.6038101154094748,0.8923302198169578,0.6766666666666667
source,NO_PER_SCORE,4,PhyGuard,723,normal,ABSTAIN,0.1087164185640796,0.1580235189372328,0.6879761904761905
source,NO_PER_SCORE,4,PhyGuard,588,blockage,ABSTAIN,0.0929227966186467,0.2079391253004682,0.446875
source,NO_PER_SCORE,4,PhyGuard,338,blockage,blockage,0.6069948039877857,0.9540193382912152,0.6362500000000001
source,NO_PER_SCORE,4,PhyGuard,73,blockage,blockage,0.7104287643621665,0.7128941901029392,0.9965416666666668
source,NO_PER_SCORE,4,PhyGuard,624,blockage,blockage,0.8520848404987478,0.952493533859802,0.8945833333333333
source,NO_PER_SCORE,4,PhyGuard,598,blockage,blockage,0.4093410904615611,0.6190803561079756,0.6612083333333334
source,NO_PER_SCORE,4,PhyGuard,530,nonphysical_goodput,ABSTAIN,0.0247528455880413,0.0515460558883291,0.4802083333333333
source,NO_PER_SCORE,4,PhyGuard,942,mobility,mobility,0.984128138785057,0.9978485564360524,0.9862500000000002
source,NO_PER_SCORE,4,PhyGuard,38,interference,interference,0.982499999734413,0.9999999997296825,0.9825
source,NO_PER_SCORE,4,PhyGuard,294,interference,interference,0.7783066528795923,0.9544895078748196,0.8154166666666666
source,NO_PER_SCORE,4,PhyGuard,721,normal,ABSTAIN,0.0253156130217502,0.0850230496112519,0.29775
source,NO_PER_SCORE,4,PhyGuard,994,normal,ABSTAIN,0.0373735497499719,0.0659727268313714,0.5664999999999999
source,NO_PER_SCORE,4,PhyGuard,1064,nonphysical_goodput,ABSTAIN,0.1420372358136755,0.2090063555811288,0.6795833333333334
source,NO_PER_SCORE,4,PhyGuard,549,interference,ABSTAIN,0.209311265400019,0.4066928731865655,0.5146666666666666
source,NO_PER_SCORE,4,PhyGuard,391,mobility,mobility,0.9546458718086116,0.9879905529713964,0.96625
source,NO_PER_SCORE,4,PhyGuard,72,blockage,blockage,0.9878859759969764,0.9920193901224869,0.9958333333333336
source,NO_PER_SCORE,4,PhyGuard,727,normal,ABSTAIN,0.031962145836681,0.049294413848916,0.648392857142857
source,NO_PER_SCORE,4,PhyGuard,32,interference,interference,0.9733333332957536,0.9999999999613908,0.9733333333333332
source,NO_PER_SCORE,4,PhyGuard,655,mobility,mobility,0.562701576924502,0.5876778871274172,0.9575
source,NO_PER_SCORE,4,PhyGuard,763,normal,ABSTAIN,0.0489413725047147,0.1210920556817684,0.4041666666666666
source,NO_PER_SCORE,4,PhyGuard,177,adaptation_mismatch,adaptation_mismatch,0.9003333201534337,0.9999999853610888,0.9003333333333334
source,NO_PER_SCORE,4,PhyGuard,990,normal,ABSTAIN,0.028686420705277,0.0722125127886143,0.39725
source,NO_PER_SCORE,4,PhyGuard,268,nonphysical_goodput,ABSTAIN,0.0307623523500615,0.0512599081025812,0.600125
source,NO_PER_SCORE,4,PhyGuard,13,interference,interference,0.8373563922093631,0.99982852801118,0.8374999999999999
source,NO_PER_SCORE,4,PhyGuard,393,mobility,mobility,0.9850612484650773,0.9979514547556714,0.9870833333333332
source,NO_PER_SCORE,4,PhyGuard,681,adaptation_mismatch,ABSTAIN,0.0729002563902385,0.2455587583671193,0.296875
source,NO_PER_SCORE,4,PhyGuard,824,interference,ABSTAIN,0.032916160952609,0.0979960134686926,0.3358928571428571
source,NO_PER_SCORE,4,PhyGuard,899,blockage,blockage,0.8528373070822644,0.9994187192370284,0.8533333333333334
source,NO_PER_SCORE,4,PhyGuard,209,normal,ABSTAIN,0.0301855624411423,0.0644531582373145,0.4683333333333334
source,NO_PER_SCORE,4,PhyGuard,843,interference,interference,0.8395833252269448,0.999999990344748,0.8395833333333335
source,NO_PER_SCORE,4,PhyGuard,632,mobility,ABSTAIN,0.1612517828639593,0.3932970313755106,0.41
source,NO_PER_SCORE,4,PhyGuard,222,normal,ABSTAIN,0.0955848351201378,0.1267563290354352,0.7540833333333334
source,NO_PER_SCORE,4,PhyGuard,49,blockage,ABSTAIN,0.0563030295326958,0.0659350399524105,0.8539166666666667
source,NO_PER_SCORE,4,PhyGuard,468,normal,ABSTAIN,0.183432071006468,0.306251805506451,0.5989583333333335
source,NO_PER_SCORE,4,PhyGuard,297,interference,interference,0.7840103876218033,0.993990982721779,0.7887500000000002
source,NO_PER_SCORE,4,PhyGuard,302,interference,interference,0.7795833200997251,0.9999999830247676,0.7795833333333334
source,NO_PER_SCORE,4,PhyGuard,1013,normal,ABSTAIN,0.0796643017151898,0.2012571832804796,0.3958333333333332
source,NO_PER_SCORE,4,PhyGuard,941,mobility,mobility,0.9889776998367332,0.9964510829589254,0.9924999999999998
source,NO_PER_SCORE,4,PhyGuard,272,interference,interference,0.90949088128932,0.9998983578077726,0.9095833333333334
source,NO_PER_SCORE,4,PhyGuard,408,adaptation_mismatch,adaptation_mismatch,0.6139460500379683,0.9875807775409678,0.6216666666666666
source,NO_PER_SCORE,4,PhyGuard,182,normal,ABSTAIN,0.0992422468468185,0.1834987615041328,0.5408333333333334
source,NO_PER_SCORE,4,PhyGuard,332,blockage,blockage,0.6378771365286089,0.7256850244921604,0.8789999999999999
source,NO_PER_SCORE,4,PhyGuard,862,blockage,blockage,0.920894901753697,0.9969092305858696,0.92375
source,NO_PER_SCORE,4,PhyGuard,12,interference,interference,0.556673265117481,0.9992639014823892,0.5570833333333334
source,NO_PER_SCORE,4,PhyGuard,643,mobility,ABSTAIN,0.0689021207749757,0.1144757243042378,0.601892857142857
source,NO_PER_SCORE,4,PhyGuard,781,nonphysical_goodput,ABSTAIN,0.1911043877619407,0.3920090005373143,0.4874999999999999
source,NO_PER_SCORE,4,PhyGuard,442,adaptation_mismatch,adaptation_mismatch,0.8074999882802731,0.999999985486406,0.8075000000000003
source,NO_PER_SCORE,4,PhyGuard,353,blockage,blockage,0.6300894145928054,0.9822126494042174,0.6415
source,NO_PER_SCORE,4,PhyGuard,1051,nonphysical_goodput,ABSTAIN,0.0181034267634105,0.0314842204581052,0.575
source,NO_PER_SCORE,4,PhyGuard,382,mobility,mobility,0.997142087409197,0.9988067653514494,0.9983333333333332
source,NO_PER_SCORE,4,PhyGuard,749,normal,ABSTAIN,0.1398050019267556,0.2853163304627666,0.4900000000000001
source,NO_PER_SCORE,4,PhyGuard,321,blockage,blockage,0.4373032058465443,0.6070142822624097,0.7204166666666666
source,NO_PER_SCORE,4,PhyGuard,66,blockage,blockage,0.8898427037353505,0.9905484642694068,0.8983333333333333
source,NO_PER_SCORE,4,PhyGuard,200,normal,ABSTAIN,0.0195936682254265,0.0373954701717882,0.5239583333333333
source,NO_PER_SCORE,4,PhyGuard,609,blockage,blockage,0.663715744312686,0.7650901951731252,0.8674999999999998
source,NO_PER_SCORE,4,PhyGuard,854,interference,interference,0.829578610371818,0.9999943068269024,0.8295833333333335
source,NO_PER_SCORE,4,PhyGuard,455,normal,ABSTAIN,0.0459370330247682,0.1313827297950471,0.3496428571428571
source,NO_PER_SCORE,4,PhyGuard,111,mobility,mobility,0.9961465041915842,0.998643111971513,0.9975
source,NO_PER_SCORE,4,PhyGuard,675,adaptation_mismatch,adaptation_mismatch,0.3081822778184505,0.6431630145776359,0.4791666666666666
source,NO_PER_SCORE,4,PhyGuard,647,mobility,ABSTAIN,0.2078867964824142,0.2376980998369671,0.8745833333333333
source,NO_PER_SCORE,4,PhyGuard,554,interference,interference,0.451127136540516,0.7673317701610479,0.5879166666666665
source,NO_PER_SCORE,4,PhyGuard,718,adaptation_mismatch,adaptation_mismatch,0.8360113862833847,0.9987194261225104,0.8370833333333332
source,NO_PER_SCORE,4,PhyGuard,378,mobility,mobility,0.9718961612639117,0.996816575655294,0.975
source,NO_PER_SCORE,4,PhyGuard,142,adaptation_mismatch,adaptation_mismatch,0.6990185775413512,0.9997286133718152,0.6992083333333333
source,NO_PER_SCORE,4,PhyGuard,235,nonphysical_goodput,ABSTAIN,0.0438047668438964,0.0625410115558307,0.7004166666666667
source,NO_PER_SCORE,4,PhyGuard,972,adaptation_mismatch,adaptation_mismatch,0.7946666442555897,0.9999999717981416,0.7946666666666666
source,NO_PER_SCORE,4,PhyGuard,829,interference,ABSTAIN,0.3439022913684643,0.8678922179645787,0.3962499999999999
source,NO_PER_SCORE,4,PhyGuard,915,mobility,mobility,0.965715091943235,0.997296136258074,0.9683333333333334
source,NO_PER_SCORE,4,PhyGuard,525,nonphysical_goodput,ABSTAIN,0.0154696916081775,0.0419991627371336,0.3683333333333333
source,NO_PER_SCORE,4,PhyGuard,482,normal,ABSTAIN,0.0110732492504033,0.0329724543436326,0.3358333333333334
source,NO_PER_SCORE,4,PhyGuard,1026,normal,ABSTAIN,0.0219237320024307,0.0621876336199429,0.3525416666666666
source,NO_PER_SCORE,4,PhyGuard,432,adaptation_mismatch,adaptation_mismatch,0.8799789651900781,0.9999760968069068,0.88
source,NO_PER_SCORE,4,PhyGuard,835,interference,interference,0.7482239462167437,0.995640646995002,0.7514999999999997
source,NO_PER_SCORE,4,PhyGuard,881,blockage,blockage,0.5750720755210533,0.7546052385186047,0.7620833333333333
source,NO_PER_SCORE,4,PhyGuard,797,nonphysical_goodput,ABSTAIN,0.0239198711414092,0.0488992255020291,0.4891666666666666
source,NO_PER_SCORE,4,PhyGuard,404,mobility,mobility,0.955005221404712,0.9982632976355872,0.9566666666666668
source,NO_PER_SCORE,4,PhyGuard,567,interference,interference,0.5356930281660071,0.9581631149190768,0.5590833333333333
source,NO_PER_SCORE,4,PhyGuard,1060,nonphysical_goodput,ABSTAIN,0.0188721238622908,0.0506068125916179,0.3729166666666665
source,NO_PER_SCORE,4,PhyGuard,623,blockage,blockage,0.8068064357778251,0.9349760723644518,0.8629166666666669
source,NO_PER_SCORE,4,PhyGuard,242,nonphysical_goodput,ABSTAIN,0.0372627496477022,0.0830984939179385,0.4484166666666667
source,NO_PER_SCORE,4,PhyGuard,47,blockage,blockage,0.737814596848945,0.8546115021416352,0.8633333333333333
source,NO_PER_SCORE,4,PhyGuard,93,mobility,mobility,0.9161190806482236,0.9222675308539164,0.9933333333333334
source,NO_PER_SCORE,4,PhyGuard,369,mobility,mobility,0.7404423028996758,0.7571629854960468,0.9779166666666668
source,NO_PER_SCORE,4,PhyGuard,101,mobility,mobility,0.9823364744646066,0.990591402821452,0.9916666666666666
source,NO_PER_SCORE,4,PhyGuard,123,mobility,mobility,0.9980619402275868,0.9993110790764322,0.99875
source,NO_PER_SCORE,4,PhyGuard,310,interference,interference,0.9634166659810436,0.9999999992883422,0.9634166666666666
source,NO_PER_SCORE,4,PhyGuard,557,interference,interference,0.3648065674212887,0.6348142124500384,0.5746666666666665
source,NO_PER_SCORE,4,PhyGuard,521,nonphysical_goodput,ABSTAIN,0.0059395338847994,0.0172996132566975,0.3433333333333334
source,NO_PER_SCORE,4,PhyGuard,884,blockage,blockage,0.9782302707306628,0.9853742339266308,0.99275
source,NO_PER_SCORE,4,PhyGuard,323,blockage,ABSTAIN,0.310702920299516,0.7310656948223907,0.425
source,NO_PER_SCORE,4,PhyGuard,515,nonphysical_goodput,ABSTAIN,0.0311507066529857,0.0827925758218891,0.3762499999999999
source,NO_PER_SCORE,4,PhyGuard,17,interference,interference,0.9891666493746446,0.999999982518596,0.9891666666666667
source,NO_PER_SCORE,4,PhyGuard,147,adaptation_mismatch,adaptation_mismatch,0.7859348834496592,0.9995992158342244,0.7862500000000003
source,NO_PER_SCORE,4,PhyGuard,10,interference,interference,0.9491228025990576,0.999953786759323,0.9491666666666668
source,NO_PER_SCORE,4,PhyGuard,318,blockage,ABSTAIN,0.1265584441336685,0.307074214535764,0.4121428571428573
source,NO_PER_SCORE,4,PhyGuard,261,nonphysical_goodput,ABSTAIN,0.0327729100043848,0.0705742341951759,0.464375
source,NO_PER_SCORE,4,PhyGuard,1065,nonphysical_goodput,ABSTAIN,0.0422374728316634,0.0817235849693585,0.5168333333333335
source,NO_PER_SCORE,4,PhyGuard,923,mobility,mobility,0.8556347941972718,0.8998788370172885,0.9508333333333332
source,NO_PER_SCORE,4,PhyGuard,264,nonphysical_goodput,ABSTAIN,0.0265287106389845,0.0670622556704896,0.3955833333333332
source,NO_PER_SCORE,4,PhyGuard,581,interference,interference,0.8660658470124782,0.9999798098864372,0.8660833333333332
source,NO_PER_SCORE,4,PhyGuard,755,normal,ABSTAIN,0.0330305406997907,0.0678709740406659,0.4866666666666665
source,NO_PER_SCORE,4,PhyGuard,661,mobility,mobility,0.8486041908950108,0.9744737120325482,0.8708333333333335
source,NO_ERROR_INDICATOR,0,PhyGuard,795,nonphysical_goodput,ABSTAIN,0.0217360054107951,0.0582214430646299,0.3733333333333334
source,NO_ERROR_INDICATOR,0,PhyGuard,98,mobility,mobility,0.9914445312972444,0.9980985214401792,0.9933333333333332
source,NO_ERROR_INDICATOR,0,PhyGuard,547,interference,interference,0.5707752411399181,0.9414849338390404,0.6062499999999998
source,NO_ERROR_INDICATOR,0,PhyGuard,902,mobility,mobility,0.972227699799744,0.990805299158975,0.98125
source,NO_ERROR_INDICATOR,0,PhyGuard,968,adaptation_mismatch,adaptation_mismatch,0.6533867110655386,0.9999997035502786,0.6533869047619045
source,NO_ERROR_INDICATOR,0,PhyGuard,125,mobility,mobility,0.9678857298619136,0.9678857298619136,1.0
source,NO_ERROR_INDICATOR,0,PhyGuard,63,blockage,blockage,0.9592622728556316,0.9880813110959296,0.9708333333333332
source,NO_ERROR_INDICATOR,0,PhyGuard,519,nonphysical_goodput,ABSTAIN,0.2651571488704649,0.8086113815617738,0.3279166666666666
source,NO_ERROR_INDICATOR,0,PhyGuard,712,adaptation_mismatch,adaptation_mismatch,0.747397719390576,0.9910246002968962,0.7541666666666668
source,NO_ERROR_INDICATOR,0,PhyGuard,981,adaptation_mismatch,ABSTAIN,0.476070022050877,0.9997970361586496,0.4761666666666667
source,NO_ERROR_INDICATOR,0,PhyGuard,600,blockage,blockage,0.5458206126027905,0.6971631028455012,0.7829166666666668
source,NO_ERROR_INDICATOR,0,PhyGuard,32,interference,interference,0.9615277777625943,0.9999999999842092,0.9615277777777778
source,NO_ERROR_INDICATOR,0,PhyGuard,149,adaptation_mismatch,adaptation_mismatch,0.6010963134512795,0.999843372869455,0.6011904761904762
source,NO_ERROR_INDICATOR,0,PhyGuard,784,nonphysical_goodput,ABSTAIN,0.0565744822625433,0.0729679478880611,0.7753333333333333
source,NO_ERROR_INDICATOR,0,PhyGuard,48,blockage,blockage,0.9765851051455474,0.9881130912096602,0.9883333333333332
source,NO_ERROR_INDICATOR,0,PhyGuard,131,mobility,mobility,0.999908321790158,0.999908321790158,1.0
source,NO_ERROR_INDICATOR,0,PhyGuard,107,mobility,mobility,0.9136839200156108,0.9949371179843312,0.9183333333333332
source,NO_ERROR_INDICATOR,0,PhyGuard,614,blockage,blockage,0.5059718684744543,0.7185399315613552,0.7041666666666666
source,NO_ERROR_INDICATOR,0,PhyGuard,128,mobility,ABSTAIN,0.2023528591739862,0.2684120460671887,0.7538888888888892
source,NO_ERROR_INDICATOR,0,PhyGuard,214,normal,ABSTAIN,0.0236308492385241,0.0616859236158995,0.3830833333333333
source,NO_ERROR_INDICATOR,0,PhyGuard,550,interference,interference,0.4592479917263266,0.8226565010771639,0.5582499999999998
source,NO_ERROR_INDICATOR,0,PhyGuard,79,blockage,blockage,0.9966938488183852,0.9983577784491336,0.9983333333333334
source,NO_ERROR_INDICATOR,0,PhyGuard,659,mobility,mobility,0.7371389216822797,0.7625575051885651,0.9666666666666668
source,NO_ERROR_INDICATOR,0,PhyGuard,644,mobility,ABSTAIN,0.0816293674061757,0.1049333057176334,0.7779166666666667
source,NO_ERROR_INDICATOR,0,PhyGuard,527,nonphysical_goodput,ABSTAIN,0.0219539808938783,0.0453438503832254,0.4841666666666668
source,NO_ERROR_INDICATOR,0,PhyGuard,743,normal,ABSTAIN,0.0361099832108088,0.135032657690778,0.2674166666666667
source,NO_ERROR_INDICATOR,0,PhyGuard,813,interference,adaptation_mismatch,0.5887711232950379,0.9412807726539376,0.6255
source,NO_ERROR_INDICATOR,0,PhyGuard,302,interference,interference,0.7926944377073257,0.9999999915009892,0.7926944444444445
source,NO_ERROR_INDICATOR,0,PhyGuard,136,adaptation_mismatch,adaptation_mismatch,0.6546518652085738,0.9932763159062946,0.6590833333333335
source,NO_ERROR_INDICATOR,0,PhyGuard,436,adaptation_mismatch,adaptation_mismatch,0.8558321879328393,0.9999986616547296,0.8558333333333333
source,NO_ERROR_INDICATOR,0,PhyGuard,73,blockage,blockage,0.7566326073393682,0.7658837631363984,0.98792094017094
source,NO_ERROR_INDICATOR,0,PhyGuard,239,nonphysical_goodput,mobility,0.426988905794995,0.6534710967402042,0.6534166666666665
source,NO_ERROR_INDICATOR,0,PhyGuard,374,mobility,mobility,0.9876315364287072,0.9992899188148808,0.9883333333333334
source,NO_ERROR_INDICATOR,0,PhyGuard,767,nonphysical_goodput,ABSTAIN,0.037838637148222,0.09714669357695,0.3894999999999999
source,NO_ERROR_INDICATOR,0,PhyGuard,931,mobility,mobility,0.5629681038500904,0.7891154358370618,0.7134166666666666
source,NO_ERROR_INDICATOR,0,PhyGuard,884,blockage,blockage,0.98234518880454,0.988938109534772,0.9933333333333334
source,NO_ERROR_INDICATOR,0,PhyGuard,386,mobility,mobility,0.9955813332874268,0.997243405630144,0.9983333333333332
source,NO_ERROR_INDICATOR,0,PhyGuard,1004,normal,ABSTAIN,0.0083822841126403,0.0228244632066449,0.36725
source,NO_ERROR_INDICATOR,0,PhyGuard,699,adaptation_mismatch,ABSTAIN,0.4488427371929182,0.981971348462173,0.4570833333333333
source,NO_ERROR_INDICATOR,0,PhyGuard,385,mobility,mobility,0.8868311058626861,0.9978409067371996,0.88875
source,NO_ERROR_INDICATOR,0,PhyGuard,938,mobility,mobility,0.956792052974972,0.961600053241178,0.995
source,NO_ERROR_INDICATOR,0,PhyGuard,267,nonphysical_goodput,ABSTAIN,0.1906748889173961,0.2870889168141473,0.6641666666666666
source,NO_ERROR_INDICATOR,0,PhyGuard,778,nonphysical_goodput,ABSTAIN,0.0489914016545351,0.0599588801483346,0.8170833333333333
source,NO_ERROR_INDICATOR,0,PhyGuard,1061,nonphysical_goodput,ABSTAIN,0.0194818122418901,0.0456694172499865,0.4265833333333335
source,NO_ERROR_INDICATOR,0,PhyGuard,660,mobility,mobility,0.6288184112656516,0.7005682791930018,0.8975833333333331
source,NO_ERROR_INDICATOR,0,PhyGuard,403,mobility,mobility,0.5413949450141864,0.5557518682780356,0.9741666666666668
source,NO_ERROR_INDICATOR,0,PhyGuard,551,interference,ABSTAIN,0.2260276136123738,0.4754305632512682,0.4754166666666667
source,NO_ERROR_INDICATOR,0,PhyGuard,425,adaptation_mismatch,adaptation_mismatch,0.6670056118850749,0.9999727181571708,0.6670238095238097
source,NO_ERROR_INDICATOR,0,PhyGuard,462,normal,ABSTAIN,0.0437470985618164,0.0665777023134809,0.6570833333333335
source,NO_ERROR_INDICATOR,0,PhyGuard,309,interference,ABSTAIN,0.4979996393346808,0.9999992757724514,0.498
source,NO_ERROR_INDICATOR,0,PhyGuard,954,adaptation_mismatch,ABSTAIN,0.4555197352155809,0.9998604028876846,0.4555833333333333
source,NO_ERROR_INDICATOR,0,PhyGuard,833,interference,interference,0.9601110945861824,0.9999999827885248,0.960111111111111
source,NO_ERROR_INDICATOR,0,PhyGuard,175,adaptation_mismatch,interference,0.937998547232738,0.99999845120761,0.938
source,NO_ERROR_INDICATOR,0,PhyGuard,229,nonphysical_goodput,ABSTAIN,0.0258886408365185,0.0502448148209966,0.5152500000000003
source,NO_ERROR_INDICATOR,0,PhyGuard,407,adaptation_mismatch,ABSTAIN,0.5353448421689685,0.999999260428147,0.5353452380952383
source,NO_ERROR_INDICATOR,0,PhyGuard,450,normal,ABSTAIN,0.0888218620308644,0.2222862032055003,0.3995833333333333
source,NO_ERROR_INDICATOR,0,PhyGuard,686,adaptation_mismatch,ABSTAIN,0.205006339894042,0.5761302292104227,0.3558333333333333
source,NO_ERROR_INDICATOR,0,PhyGuard,69,blockage,blockage,0.9921195770360066,0.9921195770360066,1.0
source,NO_ERROR_INDICATOR,0,PhyGuard,317,blockage,ABSTAIN,0.3330256516590694,0.8466753855739052,0.3933333333333333
source,NO_ERROR_INDICATOR,0,PhyGuard,331,blockage,ABSTAIN,0.120300741428966,0.1925288600993225,0.6248452380952382
source,NO_ERROR_INDICATOR,0,PhyGuard,203,normal,ABSTAIN,0.0151713730577537,0.0386613881276375,0.3924166666666667
source,NO_ERROR_INDICATOR,0,PhyGuard,162,adaptation_mismatch,adaptation_mismatch,0.9401190145007924,0.9999999647722748,0.9401190476190476
source,NO_ERROR_INDICATOR,0,PhyGuard,1044,nonphysical_goodput,blockage,0.4471845659974712,0.6015935865436833,0.7433333333333332
source,NO_ERROR_INDICATOR,0,PhyGuard,202,normal,ABSTAIN,0.0839610734295589,0.1782613023982144,0.471
source,NO_ERROR_INDICATOR,0,PhyGuard,665,mobility,ABSTAIN,0.1265755784357971,0.1369618522298977,0.9241666666666666
source,NO_ERROR_INDICATOR,0,PhyGuard,218,normal,mobility,0.4899895612096669,0.8142743019687028,0.60175
source,NO_ERROR_INDICATOR,0,PhyGuard,291,interference,ABSTAIN,0.5078197263619472,0.9765763968498984,0.52
source,NO_ERROR_INDICATOR,0,PhyGuard,1018,normal,ABSTAIN,0.2156089819133282,0.5393595545048864,0.3997499999999999
source,NO_ERROR_INDICATOR,0,PhyGuard,264,nonphysical_goodput,ABSTAIN,0.0243150743157175,0.0705295846721322,0.3447499999999999
source,NO_ERROR_INDICATOR,0,PhyGuard,694,adaptation_mismatch,adaptation_mismatch,0.8198427172328563,0.9875640038942254,0.8301666666666668
source,NO_ERROR_INDICATOR,0,PhyGuard,353,blockage,blockage,0.6222966062997729,0.915703160710886,0.6795833333333333
source,NO_ERROR_INDICATOR,0,PhyGuard,1031,normal,ABSTAIN,0.0647060853533763,0.1322331444551288,0.4893333333333332
source,NO_ERROR_INDICATOR,0,PhyGuard,118,mobility,mobility,0.6569739535267649,0.7336392557529479,0.8955000000000001
source,NO_ERROR_INDICATOR,0,PhyGuard,101,mobility,mobility,0.9849142329010538,0.9940261391768416,0.9908333333333332
source,NO_ERROR_INDICATOR,0,PhyGuard,188,normal,ABSTAIN,0.0500281918840309,0.1396135587461328,0.3583333333333333
source,NO_ERROR_INDICATOR,0,PhyGuard,1011,normal,mobility,0.2874437459644567,0.4470933184152276,0.6429166666666666
source,NO_ERROR_INDICATOR,0,PhyGuard,186,normal,ABSTAIN,0.3415162104132005,0.8155610994942101,0.41875
source,NO_ERROR_INDICATOR,0,PhyGuard,38,interference,interference,0.9754444442768616,0.9999999998281984,0.9754444444444444
source,NO_ERROR_INDICATOR,0,PhyGuard,703,adaptation_mismatch,adaptation_mismatch,0.4587535367746474,0.5889005606863251,0.7790000000000002
source,NO_ERROR_INDICATOR,0,PhyGuard,1009,normal,ABSTAIN,0.0814786623923872,0.1289049372061499,0.6320833333333333
source,NO_ERROR_INDICATOR,0,PhyGuard,942,mobility,mobility,0.9970725121553624,0.9987370739452712,0.9983333333333332
source,NO_ERROR_INDICATOR,0,PhyGuard,764,normal,ABSTAIN,0.0422730647047544,0.142014775043968,0.2976666666666667
source,NO_ERROR_INDICATOR,0,PhyGuard,925,mobility,mobility,0.9313136972660394,0.9352104072964412,0.9958333333333332
source,NO_ERROR_INDICATOR,0,PhyGuard,723,normal,ABSTAIN,0.0963788016006606,0.1552410227124735,0.6208333333333333
source,NO_ERROR_INDICATOR,0,PhyGuard,419,adaptation_mismatch,adaptation_mismatch,0.5642105663027395,0.9562890954283716,0.5900000000000002
source,NO_ERROR_INDICATOR,0,PhyGuard,894,blockage,blockage,0.6974568056410304,0.8424239222639521,0.8279166666666667
source,NO_ERROR_INDICATOR,0,PhyGuard,906,mobility,mobility,0.6149928466841699,0.6839586802789657,0.8991666666666666
source,NO_ERROR_INDICATOR,0,PhyGuard,333,blockage,blockage,0.6308826814459457,0.9012609734942082,0.7
source,NO_ERROR_INDICATOR,0,PhyGuard,429,adaptation_mismatch,adaptation_mismatch,0.7149615822060663,0.9997132354314608,0.7151666666666666
source,NO_ERROR_INDICATOR,0,PhyGuard,948,adaptation_mismatch,adaptation_mismatch,0.6574267300709743,0.998875761059976,0.6581666666666667
source,NO_ERROR_INDICATOR,0,PhyGuard,844,interference,interference,0.5898870769928803,0.9998086050726788,0.59
source,NO_ERROR_INDICATOR,0,PhyGuard,431,adaptation_mismatch,adaptation_mismatch,0.6997133970959798,0.9791092013337048,0.7146428571428571
source,NO_ERROR_INDICATOR,0,PhyGuard,1033,normal,ABSTAIN,0.0246074216994069,0.0569836087211276,0.4318333333333332
source,NO_ERROR_INDICATOR,0,PhyGuard,992,normal,ABSTAIN,0.1514246626518966,0.3244814199683498,0.4666666666666668
source,NO_ERROR_INDICATOR,0,PhyGuard,280,interference,ABSTAIN,0.1588264641905198,0.4976286084298271,0.3191666666666667
source,NO_ERROR_INDICATOR,0,PhyGuard,587,blockage,ABSTAIN,0.1256784841754769,0.1677577096891794,0.7491666666666668
source,NO_ERROR_INDICATOR,0,PhyGuard,482,normal,ABSTAIN,0.0121671173510558,0.0386666864969995,0.3146666666666667
source,NO_ERROR_INDICATOR,0,PhyGuard,619,blockage,blockage,0.9361712762867224,0.9734883288943388,0.9616666666666666
source,NO_ERROR_INDICATOR,0,PhyGuard,351,blockage,blockage,0.7389994739717544,0.969709533915916,0.7620833333333334
source,NO_ERROR_INDICATOR,0,PhyGuard,33,interference,interference,0.9621111104960104,0.999999999360676,0.9621111111111113
source,NO_ERROR_INDICATOR,0,PhyGuard,401,mobility,mobility,0.9848791894085398,0.9990321447931088,0.9858333333333332
source,NO_ERROR_INDICATOR,0,PhyGuard,532,nonphysical_goodput,ABSTAIN,0.0452750776817971,0.0938644649226487,0.482345238095238
source,NO_ERROR_INDICATOR,0,PhyGuard,293,interference,interference,0.6895381209627839,0.9939288230094184,0.69375
source,NO_ERROR_INDICATOR,0,PhyGuard,14,interference,interference,0.9368972989919864,0.999801475135957,0.9370833333333332
source,NO_ERROR_INDICATOR,0,PhyGuard,790,nonphysical_goodput,ABSTAIN,0.0689742799715444,0.0880522723040993,0.7833333333333334
source,NO_ERROR_INDICATOR,0,PhyGuard,1042,nonphysical_goodput,ABSTAIN,0.0381330328245618,0.1099991331477745,0.3466666666666667
source,NO_ERROR_INDICATOR,0,PhyGuard,382,mobility,mobility,0.99947263237082,0.99947263237082,1.0
source,NO_ERROR_INDICATOR,0,PhyGuard,635,mobility,ABSTAIN,0.0374843836515994,0.0570321546619998,0.6572499999999999
source,NO_ERROR_INDICATOR,0,PhyGuard,598,blockage,blockage,0.4081203696625793,0.6253919596412912,0.6525833333333333
source,NO_ERROR_INDICATOR,0,PhyGuard,972,adaptation_mismatch,adaptation_mismatch,0.6903332338212125,0.9999998558491732,0.6903333333333334
source,NO_ERROR_INDICATOR,0,PhyGuard,595,blockage,ABSTAIN,0.1397668054923971,0.2522107768283859,0.5541666666666667
source,NO_ERROR_INDICATOR,0,PhyGuard,632,mobility,ABSTAIN,0.1421763766267197,0.3448790215323705,0.4122499999999999
source,NO_ERROR_INDICATOR,0,PhyGuard,666,mobility,mobility,0.8562574524614623,0.9500776171555754,0.90125
source,NO_ERROR_INDICATOR,0,PhyGuard,786,nonphysical_goodput,ABSTAIN,0.0593813224120322,0.188761819587917,0.3145833333333334
source,NO_ERROR_INDICATOR,0,PhyGuard,143,adaptation_mismatch,adaptation_mismatch,0.6707617474281969,0.999999765440305,0.6707619047619048
source,NO_ERROR_INDICATOR,0,PhyGuard,584,interference,interference,0.8112427289416762,0.9999910372162416,0.81125
source,NO_ERROR_INDICATOR,0,PhyGuard,913,mobility,mobility,0.8051188457683471,0.8680526639011829,0.9275
source,NO_ERROR_INDICATOR,0,PhyGuard,241,nonphysical_goodput,ABSTAIN,0.0205351041327609,0.0489903080702051,0.4191666666666666
source,NO_ERROR_INDICATOR,0,PhyGuard,922,mobility,mobility,0.5176817608684516,0.7089103195733675,0.7302500000000001
source,NO_ERROR_INDICATOR,0,PhyGuard,251,nonphysical_goodput,ABSTAIN,0.0137991206549162,0.0395795306635581,0.3486428571428572
source,NO_ERROR_INDICATOR,0,PhyGuard,1055,nonphysical_goodput,ABSTAIN,0.0780594703032838,0.1519405747995793,0.51375
source,NO_ERROR_INDICATOR,0,PhyGuard,197,normal,ABSTAIN,0.0425362903449952,0.0715898294726428,0.5941666666666666
source,NO_ERROR_INDICATOR,0,PhyGuard,172,adaptation_mismatch,adaptation_mismatch,0.8809355612172309,0.999913345615126,0.8810119047619048
source,NO_ERROR_INDICATOR,0,PhyGuard,888,blockage,blockage,0.3690554139121853,0.4957011587749016,0.7445119047619047
source,NO_ERROR_INDICATOR,0,PhyGuard,155,adaptation_mismatch,adaptation_mismatch,0.7471414769968672,0.9999981527682734,0.7471428571428572
source,NO_ERROR_INDICATOR,0,PhyGuard,89,blockage,blockage,0.9930621483266504,0.9946880807663648,0.9983653846153844
source,NO_ERROR_INDICATOR,0,PhyGuard,169,adaptation_mismatch,adaptation_mismatch,0.9665476162442694,0.999999997099626,0.966547619047619
source,NO_ERROR_INDICATOR,0,PhyGuard,508,nonphysical_goodput,ABSTAIN,0.0741457556257919,0.1716005916122474,0.4320833333333332
source,NO_ERROR_INDICATOR,0,PhyGuard,287,interference,ABSTAIN,0.4586099135237212,0.8454937720517217,0.5424166666666665
source,NO_ERROR_INDICATOR,0,PhyGuard,350,blockage,blockage,0.9864404749353324,0.9997707516236476,0.9866666666666666
source,NO_ERROR_INDICATOR,0,PhyGuard,965,adaptation_mismatch,ABSTAIN,0.4248851885150952,0.9999259192353684,0.4249166666666666
source,NO_ERROR_INDICATOR,0,PhyGuard,717,adaptation_mismatch,adaptation_mismatch,0.7649881829785906,0.9999845529131904,0.7649999999999999
source,NO_ERROR_INDICATOR,0,PhyGuard,487,normal,ABSTAIN,0.2007445683546552,0.37918067373774,0.5294166666666666
source,NO_ERROR_INDICATOR,0,PhyGuard,581,interference,interference,0.8966319414712215,0.9999612730162322,0.8966666666666666
source,NO_ERROR_INDICATOR,0,PhyGuard,442,adaptation_mismatch,adaptation_mismatch,0.9335117997569616,0.9999998875162248,0.9335119047619048
source,NO_ERROR_INDICATOR,0,PhyGuard,1043,nonphysical_goodput,ABSTAIN,0.0049790007015211,0.0150120624166466,0.3316666666666665
source,NO_ERROR_INDICATOR,0,PhyGuard,820,interference,ABSTAIN,0.1433341191827235,0.3074190223758146,0.4662499999999998
source,NO_ERROR_INDICATOR,0,PhyGuard,1073,nonphysical_goodput,ABSTAIN,0.4106201639864932,0.9738027604422764,0.4216666666666667
source,NO_ERROR_INDICATOR,0,PhyGuard,1034,normal,ABSTAIN,0.053267558480785,0.1805170013469134,0.2950833333333334
source,NO_ERROR_INDICATOR,0,PhyGuard,475,normal,ABSTAIN,0.0144574200524554,0.0326291218035482,0.4430833333333334
source,NO_ERROR_INDICATOR,0,PhyGuard,273,interference,ABSTAIN,0.1040688049455777,0.1679432032473013,0.6196666666666669
source,NO_ERROR_INDICATOR,0,PhyGuard,25,interference,interference,0.9845833029754296,0.9999999691667506,0.9845833333333333
source,NO_ERROR_INDICATOR,0,PhyGuard,441,adaptation_mismatch,adaptation_mismatch,0.8509314771183255,0.9999894245574132,0.8509404761904762
source,NO_ERROR_INDICATOR,0,PhyGuard,11,interference,interference,0.948311912350113,0.9999774119684846,0.9483333333333336
source,NO_ERROR_INDICATOR,0,PhyGuard,1054,nonphysical_goodput,ABSTAIN,0.0476263891566489,0.1195641568786165,0.3983333333333334
source,NO_ERROR_INDICATOR,0,PhyGuard,733,normal,ABSTAIN,0.0485683087952896,0.1456685092585541,0.3334166666666667
source,NO_ERROR_INDICATOR,0,PhyGuard,748,normal,ABSTAIN,0.1310758982753918,0.274792239571052,0.477
source,NO_ERROR_INDICATOR,0,PhyGuard,773,nonphysical_goodput,ABSTAIN,0.0626128056637807,0.112293180087486,0.5575833333333333
source,NO_ERROR_INDICATOR,0,PhyGuard,571,interference,interference,0.8148952260328417,0.9999736897836284,0.8149166666666666
source,NO_ERROR_INDICATOR,0,PhyGuard,45,blockage,ABSTAIN,0.0447091370229116,0.0850503319954837,0.5256785714285714
source,NO_ERROR_INDICATOR,0,PhyGuard,864,blockage,blockage,0.5160622060484906,0.8312411372593139,0.6208333333333332
source,NO_ERROR_INDICATOR,0,PhyGuard,751,normal,ABSTAIN,0.0161075071329226,0.0267270582957787,0.6026666666666667
source,NO_ERROR_INDICATOR,0,PhyGuard,753,normal,ABSTAIN,0.070160812839061,0.1413819906076796,0.4962500000000001
source,NO_ERROR_INDICATOR,0,PhyGuard,17,interference,interference,0.9902777704609982,0.9999999926113868,0.9902777777777776
source,NO_ERROR_INDICATOR,0,PhyGuard,82,blockage,blockage,0.9868593226216816,0.9943959087075483,0.9924209401709402
source,NO_ERROR_INDICATOR,0,PhyGuard,222,normal,ABSTAIN,0.0777938604471729,0.106566932119415,0.7300000000000001
source,NO_ERROR_INDICATOR,0,PhyGuard,415,adaptation_mismatch,ABSTAIN,0.1474016480537794,0.2765077030866584,0.5330833333333334
source,NO_ERROR_INDICATOR,0,PhyGuard,464,normal,ABSTAIN,0.0422836407402216,0.0940681662741304,0.4494999999999999
source,NO_ERROR_INDICATOR,0,PhyGuard,282,interference,ABSTAIN,0.2655895457881605,0.6723785969320519,0.395
source,NO_ERROR_INDICATOR,0,PhyGuard,562,interference,interference,0.8184137228553362,0.9970522511943184,0.8208333333333333
source,NO_ERROR_INDICATOR,0,PhyGuard,746,normal,ABSTAIN,0.008842698629102,0.0233162785210336,0.3792499999999999
source,NO_ERROR_INDICATOR,0,PhyGuard,802,nonphysical_goodput,ABSTAIN,0.0537477515693808,0.1307201092080604,0.4111666666666667
source,NO_ERROR_INDICATOR,0,PhyGuard,338,blockage,blockage,0.6623451653931328,0.9099189450163244,0.7279166666666668
source,NO_ERROR_INDICATOR,0,PhyGuard,500,nonphysical_goodput,ABSTAIN,0.0070875504741141,0.0201924514932027,0.3509999999999999
source,NO_ERROR_INDICATOR,0,PhyGuard,985,adaptation_mismatch,ABSTAIN,0.5108215251589386,0.9999768844873184,0.5108333333333335
source,NO_ERROR_INDICATOR,0,PhyGuard,1067,nonphysical_goodput,ABSTAIN,0.0048945821695311,0.0114426234238016,0.4277499999999999
source,NO_ERROR_INDICATOR,0,PhyGuard,814,interference,ABSTAIN,0.2211031930111814,0.524874048691232,0.42125
source,NO_ERROR_INDICATOR,0,PhyGuard,103,mobility,mobility,0.7163322904623928,0.7205354137090288,0.9941666666666664
source,NO_ERROR_INDICATOR,0,PhyGuard,476,normal,ABSTAIN,0.0105499939603568,0.0348856234566774,0.3024166666666666
source,NO_ERROR_INDICATOR,0,PhyGuard,20,interference,interference,0.7419978467410154,0.9993236993144988,0.7425
source,NO_ERROR_INDICATOR,0,PhyGuard,874,blockage,blockage,0.204063870704108,0.3663076213087953,0.5570833333333333
source,NO_ERROR_INDICATOR,0,PhyGuard,706,adaptation_mismatch,adaptation_mismatch,0.8493006295392221,0.9960523411327856,0.8526666666666668
source,NO_ERROR_INDICATOR,0,PhyGuard,835,interference,interference,0.8575541490181878,0.9983168207429428,0.8590000000000001
source,NO_ERROR_INDICATOR,0,PhyGuard,804,nonphysical_goodput,ABSTAIN,0.1238442450244196,0.2468656046998399,0.5016666666666666
source,NO_ERROR_INDICATOR,0,PhyGuard,946,adaptation_mismatch,adaptation_mismatch,0.5773332737998917,0.9999998968820296,0.5773333333333334
source,NO_ERROR_INDICATOR,0,PhyGuard,856,blockage,blockage,0.6163917589352512,0.7071415972488543,0.8716666666666666
source,NO_ERROR_INDICATOR,0,PhyGuard,518,nonphysical_goodput,ABSTAIN,0.0249392742495825,0.0596157950189223,0.4183333333333333
source,NO_ERROR_INDICATOR,0,PhyGuard,6,interference,interference,0.9677218973460322,0.9999709608328932,0.96775
source,NO_ERROR_INDICATOR,0,PhyGuard,609,blockage,blockage,0.7215636565410691,0.7723453642398385,0.93425
source,NO_ERROR_INDICATOR,0,PhyGuard,256,nonphysical_goodput,ABSTAIN,0.0066090138358069,0.0167812454569791,0.3938333333333333
source,NO_ERROR_INDICATOR,0,PhyGuard,243,nonphysical_goodput,ABSTAIN,0.004372964390749,0.0122064602672688,0.3582499999999999
source,NO_ERROR_INDICATOR,0,PhyGuard,620,blockage,blockage,0.8194339617001667,0.8484217032270923,0.9658333333333332
source,NO_ERROR_INDICATOR,0,PhyGuard,999,normal,ABSTAIN,0.0293914252426738,0.0638250276713872,0.4605
source,NO_ERROR_INDICATOR,0,PhyGuard,526,nonphysical_goodput,ABSTAIN,0.023308363896695,0.0500358437853919,0.4658333333333334
source,NO_ERROR_INDICATOR,0,PhyGuard,320,blockage,ABSTAIN,0.0837218522375344,0.1107676104575978,0.7558333333333335
source,NO_ERROR_INDICATOR,0,PhyGuard,300,interference,interference,0.9086666256032508,0.9999999548091536,0.9086666666666664
source,NO_ERROR_INDICATOR,0,PhyGuard,391,mobility,mobility,0.9801278799821656,0.990028161598147,0.99
source,NO_ERROR_INDICATOR,0,PhyGuard,651,mobility,mobility,0.6304133955127789,0.8606326218604489,0.7325
source,NO_ERROR_INDICATOR,0,PhyGuard,857,blockage,blockage,0.9205002709256056,0.977955135113525,0.94125
source,NO_ERROR_INDICATOR,0,PhyGuard,727,normal,ABSTAIN,0.0301063975862415,0.042699062880853,0.7050833333333335
source,NO_ERROR_INDICATOR,0,PhyGuard,845,interference,adaptation_mismatch,0.6165938562933744,0.9999977589806432,0.6165952380952382
source,NO_ERROR_INDICATOR,0,PhyGuard,360,mobility,mobility,0.4161535172762295,0.6041425365732828,0.6888333333333333
source,NO_ERROR_INDICATOR,0,PhyGuard,489,normal,ABSTAIN,0.0439353780434657,0.0846947046621025,0.51875
source,NO_ERROR_INDICATOR,0,PhyGuard,840,interference,interference,0.9659444434097496,0.9999999989288256,0.9659444444444444
source,NO_ERROR_INDICATOR,0,PhyGuard,154,adaptation_mismatch,adaptation_mismatch,0.8401299712138471,0.9997579982711392,0.8403333333333333
source,NO_ERROR_INDICATOR,0,PhyGuard,681,adaptation_mismatch,ABSTAIN,0.0712297067125461,0.199104700803763,0.3577499999999999
source,NO_ERROR_INDICATOR,0,PhyGuard,234,nonphysical_goodput,ABSTAIN,0.114627642609982,0.2147255247142967,0.5338333333333333
source,NO_ERROR_INDICATOR,0,PhyGuard,119,mobility,mobility,0.9891876837957184,0.9941584761766016,0.995
source,NO_ERROR_INDICATOR,0,PhyGuard,322,blockage,blockage,0.7807005400879312,0.9358513195676892,0.8342142857142855
source,NO_ERROR_INDICATOR,0,PhyGuard,683,adaptation_mismatch,ABSTAIN,0.4212451719990673,0.8845042981607714,0.47625
source,NO_ERROR_INDICATOR,0,PhyGuard,366,mobility,mobility,0.3384685415271941,0.3899781563443426,0.8679166666666669
source,NO_ERROR_INDICATOR,0,PhyGuard,618,blockage,blockage,0.8603126226331832,0.9711901666602258,0.8858333333333331
source,NO_ERROR_INDICATOR,0,PhyGuard,184,normal,ABSTAIN,0.0213949985841156,0.0512659710482005,0.4173333333333333
source,NO_ERROR_INDICATOR,0,PhyGuard,57,blockage,ABSTAIN,0.196712126393434,0.295068189590151,0.6666666666666667
source,NO_ERROR_INDICATOR,0,PhyGuard,899,blockage,blockage,0.9046916691659972,0.9987396531731336,0.9058333333333336
source,NO_ERROR_INDICATOR,0,PhyGuard,837,interference,interference,0.7259599159495699,0.9990274072700502,0.7266666666666667
source,NO_ERROR_INDICATOR,0,PhyGuard,872,blockage,blockage,0.9184497003438749,0.9990905831246502,0.9192857142857144
source,NO_ERROR_INDICATOR,0,PhyGuard,976,adaptation_mismatch,adaptation_mismatch,0.841011884009774,0.9999999753248076,0.8410119047619046
source,NO_ERROR_INDICATOR,0,PhyGuard,556,interference,interference,0.8134856963037159,0.9886396957306656,0.8228333333333333
source,NO_ERROR_INDICATOR,0,PhyGuard,523,nonphysical_goodput,ABSTAIN,0.0150035528115101,0.0274664582361741,0.54625
source,NO_ERROR_INDICATOR,0,PhyGuard,564,interference,interference,0.710704236222608,0.9614938934240468,0.7391666666666667
source,NO_ERROR_INDICATOR,0,PhyGuard,497,nonphysical_goodput,ABSTAIN,0.0598239068662632,0.0920367797942512,0.6500000000000001
source,NO_ERROR_INDICATOR,0,PhyGuard,646,mobility,mobility,0.6151661058578828,0.6361045472033257,0.9670833333333332
source,NO_ERROR_INDICATOR,0,PhyGuard,1066,nonphysical_goodput,ABSTAIN,0.1143189067676332,0.2535255740549989,0.4509166666666667
source,NO_ERROR_INDICATOR,0,PhyGuard,920,mobility,mobility,0.9749707440023218,0.9881460243266776,0.9866666666666666
source,NO_ERROR_INDICATOR,0,PhyGuard,471,normal,ABSTAIN,0.0197994160168253,0.0479985842832129,0.4124999999999999
source,NO_ERROR_INDICATOR,1,PhyGuard,536,nonphysical_goodput,ABSTAIN,0.0450701327802225,0.1364039327522496,0.3304166666666667
source,NO_ERROR_INDICATOR,1,PhyGuard,794,nonphysical_goodput,ABSTAIN,0.0604380353025322,0.1110653022404881,0.5441666666666667
source,NO_ERROR_INDICATOR,1,PhyGuard,966,adaptation_mismatch,adaptation_mismatch,0.5256663206933232,0.9999993418389156,0.5256666666666666
source,NO_ERROR_INDICATOR,1,PhyGuard,91,mobility,mobility,0.999422174726868,0.999422174726868,1.0
source,NO_ERROR_INDICATOR,1,PhyGuard,563,interference,interference,0.8337303389146109,0.9900805608090382,0.8420833333333333
source,NO_ERROR_INDICATOR,1,PhyGuard,49,blockage,ABSTAIN,0.0710936798671137,0.0867247910083874,0.8197619047619048
source,NO_ERROR_INDICATOR,1,PhyGuard,881,blockage,blockage,0.3016638139876914,0.3563659940787849,0.8464999999999999
source,NO_ERROR_INDICATOR,1,PhyGuard,40,interference,interference,0.9052726815845704,0.999999949531058,0.9052727272727272
source,NO_ERROR_INDICATOR,1,PhyGuard,19,interference,interference,0.8416236396635237,0.9925782482518216,0.8479166666666668
source,NO_ERROR_INDICATOR,1,PhyGuard,747,normal,ABSTAIN,0.0951182346447153,0.2408056573283932,0.3950000000000001
source,NO_ERROR_INDICATOR,1,PhyGuard,485,normal,ABSTAIN,0.3024476294050375,0.6225337140412436,0.4858333333333333
source,NO_ERROR_INDICATOR,1,PhyGuard,1048,nonphysical_goodput,ABSTAIN,0.020776757107491,0.0400601604557698,0.518638888888889
source,NO_ERROR_INDICATOR,1,PhyGuard,244,nonphysical_goodput,ABSTAIN,0.027997748694066,0.0716585855117831,0.3907103174603173
source,NO_ERROR_INDICATOR,1,PhyGuard,902,mobility,mobility,0.9630658087527372,0.9869162856560928,0.9758333333333332
source,NO_ERROR_INDICATOR,1,PhyGuard,887,blockage,blockage,0.4697320062935034,0.5190408909320481,0.9049999999999998
source,NO_ERROR_INDICATOR,1,PhyGuard,60,blockage,blockage,0.981028393840718,0.9851331151538592,0.9958333333333332
source,NO_ERROR_INDICATOR,1,PhyGuard,134,mobility,mobility,0.9993818548521328,0.9993818548521328,1.0
source,NO_ERROR_INDICATOR,1,PhyGuard,337,blockage,blockage,0.7152102409633256,0.9252396390211196,0.7730000000000001
source,NO_ERROR_INDICATOR,1,PhyGuard,48,blockage,blockage,0.9594400267652669,0.9752884643103092,0.98375
source,NO_ERROR_INDICATOR,1,PhyGuard,681,adaptation_mismatch,ABSTAIN,0.0580419561133491,0.1924042744088922,0.3016666666666667
source,NO_ERROR_INDICATOR,1,PhyGuard,159,adaptation_mismatch,adaptation_mismatch,0.7657362881995887,0.9999820936331554,0.76575
source,NO_ERROR_INDICATOR,1,PhyGuard,631,mobility,ABSTAIN,0.0414964174981603,0.0589298236660265,0.7041666666666666
source,NO_ERROR_INDICATOR,1,PhyGuard,628,blockage,blockage,0.8325048714077038,0.8664404559316952,0.9608333333333332
source,NO_ERROR_INDICATOR,1,PhyGuard,163,adaptation_mismatch,adaptation_mismatch,0.9314120160989008,0.9999950069953306,0.9314166666666666
source,NO_ERROR_INDICATOR,1,PhyGuard,721,normal,ABSTAIN,0.0352035828446954,0.0767579742752606,0.4586309523809522
source,NO_ERROR_INDICATOR,1,PhyGuard,1043,nonphysical_goodput,ABSTAIN,0.0095228200388507,0.0211072858468893,0.4511626984126984
source,NO_ERROR_INDICATOR,1,PhyGuard,543,interference,ABSTAIN,0.2267780441538515,0.5405912852296819,0.4195
source,NO_ERROR_INDICATOR,1,PhyGuard,12,interference,interference,0.5932096924591433,0.9996512160524814,0.5934166666666667
source,NO_ERROR_INDICATOR,1,PhyGuard,5,interference,interference,0.961822053564997,0.9999882726373216,0.9618333333333332
source,NO_ERROR_INDICATOR,1,PhyGuard,42,interference,interference,0.9247727268257704,0.9999999995166848,0.9247727272727272
source,NO_ERROR_INDICATOR,1,PhyGuard,936,mobility,mobility,0.7147067331658897,0.8037938892212444,0.8891666666666665
source,NO_ERROR_INDICATOR,1,PhyGuard,465,normal,ABSTAIN,0.0135900346735405,0.0332849522570921,0.4082936507936507
source,NO_ERROR_INDICATOR,1,PhyGuard,236,nonphysical_goodput,ABSTAIN,0.0141773083842032,0.0399517105151716,0.354861111111111
source,NO_ERROR_INDICATOR,1,PhyGuard,573,interference,interference,0.8929834616451813,0.9986767511409298,0.8941666666666666
source,NO_ERROR_INDICATOR,1,PhyGuard,508,nonphysical_goodput,ABSTAIN,0.108071253104873,0.2078293328939865,0.5200000000000001
source,NO_ERROR_INDICATOR,1,PhyGuard,586,blockage,ABSTAIN,0.1067491520589529,0.2590998836382353,0.4120000000000001
source,NO_ERROR_INDICATOR,1,PhyGuard,741,normal,ABSTAIN,0.0534587238113791,0.1288162019551305,0.4150000000000001
source,NO_ERROR_INDICATOR,1,PhyGuard,961,adaptation_mismatch,interference,0.6993349800321218,0.9999698571655752,0.6993560606060606
source,NO_ERROR_INDICATOR,1,PhyGuard,854,interference,interference,0.832488813337879,0.9999865625680228,0.8325000000000001
source,NO_ERROR_INDICATOR,1,PhyGuard,474,normal,ABSTAIN,0.0280732758140409,0.0391948004384515,0.71625
source,NO_ERROR_INDICATOR,1,PhyGuard,384,mobility,mobility,0.978433590107188,0.998401622558355,0.98
source,NO_ERROR_INDICATOR,1,PhyGuard,907,mobility,mobility,0.919218145815314,0.9646364451057076,0.9529166666666667
source,NO_ERROR_INDICATOR,1,PhyGuard,853,interference,interference,0.6172661315276242,0.9999893146986548,0.6172727272727273
source,NO_ERROR_INDICATOR,1,PhyGuard,476,normal,ABSTAIN,0.0130766662393957,0.0357421596399852,0.3658611111111111
source,NO_ERROR_INDICATOR,1,PhyGuard,174,adaptation_mismatch,adaptation_mismatch,0.935998268124086,0.99999814970522,0.936
source,NO_ERROR_INDICATOR,1,PhyGuard,350,blockage,blockage,0.9981707083385412,0.9981707083385412,1.0
source,NO_ERROR_INDICATOR,1,PhyGuard,713,adaptation_mismatch,adaptation_mismatch,0.8186114029362209,0.998306588946611,0.82
source,NO_ERROR_INDICATOR,1,PhyGuard,997,normal,ABSTAIN,0.0005018290623305,0.001056491062643,0.4749960317460316
source,NO_ERROR_INDICATOR,1,PhyGuard,770,nonphysical_goodput,ABSTAIN,0.0287873770485921,0.055077889761337,0.5226666666666666
source,NO_ERROR_INDICATOR,1,PhyGuard,653,mobility,mobility,0.3563599273826401,0.4022877825580134,0.8858333333333331
source,NO_ERROR_INDICATOR,1,PhyGuard,326,blockage,blockage,0.6450323138835835,0.944525657913728,0.6829166666666667
source,NO_ERROR_INDICATOR,1,PhyGuard,363,mobility,mobility,0.7783337145046736,0.9015448430556068,0.8633333333333332
source,NO_ERROR_INDICATOR,1,PhyGuard,195,normal,ABSTAIN,0.112250380651804,0.2482957728703498,0.4520833333333333
source,NO_ERROR_INDICATOR,1,PhyGuard,824,interference,ABSTAIN,0.0284640881673696,0.0960813102696021,0.29625
source,NO_ERROR_INDICATOR,1,PhyGuard,947,adaptation_mismatch,ABSTAIN,0.3830959730749175,0.930220897794215,0.4118333333333333
source,NO_ERROR_INDICATOR,1,PhyGuard,565,interference,interference,0.7047465787383189,0.9374746641015218,0.7517499999999999
source,NO_ERROR_INDICATOR,1,PhyGuard,916,mobility,mobility,0.9949265086653564,0.9965874878117094,0.9983333333333332
source,NO_ERROR_INDICATOR,1,PhyGuard,15,interference,interference,0.9204386786476476,0.9999992228801252,0.920439393939394
source,NO_ERROR_INDICATOR,1,PhyGuard,604,blockage,blockage,0.6558809624964301,0.8084819260356614,0.8112499999999998
source,NO_ERROR_INDICATOR,1,PhyGuard,392,mobility,mobility,0.8415516224473912,0.9978872993447327,0.8433333333333333
source,NO_ERROR_INDICATOR,1,PhyGuard,655,mobility,mobility,0.5937408897833837,0.6338870709431143,0.9366666666666668
source,NO_ERROR_INDICATOR,1,PhyGuard,864,blockage,blockage,0.4908027255418785,0.700729649792093,0.7004166666666667
source,NO_ERROR_INDICATOR,1,PhyGuard,987,adaptation_mismatch,adaptation_mismatch,0.9612499955226184,0.9999999953421256,0.96125
source,NO_ERROR_INDICATOR,1,PhyGuard,135,adaptation_mismatch,adaptation_mismatch,0.6370798216959779,0.9999944879465972,0.6370833333333333
source,NO_ERROR_INDICATOR,1,PhyGuard,818,interference,ABSTAIN,0.2837699180494152,0.7631642798281004,0.3718333333333332
source,NO_ERROR_INDICATOR,1,PhyGuard,85,blockage,blockage,0.9653116799820244,0.983089209860332,0.9819166666666668
source,NO_ERROR_INDICATOR,1,PhyGuard,230,nonphysical_goodput,ABSTAIN,0.0433426464273123,0.0885045531130598,0.4897222222222221
source,NO_ERROR_INDICATOR,1,PhyGuard,696,adaptation_mismatch,adaptation_mismatch,0.5813418097174486,0.7590970311870929,0.7658333333333333
source,NO_ERROR_INDICATOR,1,PhyGuard,554,interference,ABSTAIN,0.3684015252405613,0.816402272001244,0.45125
source,NO_ERROR_INDICATOR,1,PhyGuard,753,normal,ABSTAIN,0.0831259462020433,0.1333571329444545,0.6233333333333333
source,NO_ERROR_INDICATOR,1,PhyGuard,911,mobility,mobility,0.9328095217108734,0.9454150557880474,0.9866666666666666
source,NO_ERROR_INDICATOR,1,PhyGuard,441,adaptation_mismatch,adaptation_mismatch,0.8597241675020421,0.9999699534772226,0.8597499999999999
source,NO_ERROR_INDICATOR,1,PhyGuard,361,mobility,mobility,0.914245285830028,0.9678820846899282,0.9445833333333332
source,NO_ERROR_INDICATOR,1,PhyGuard,197,normal,ABSTAIN,0.0481394677886294,0.069315288392555,0.6945000000000001
source,NO_ERROR_INDICATOR,1,PhyGuard,892,blockage,blockage,0.2685728424702403,0.5016146474152348,0.5354166666666668
source,NO_ERROR_INDICATOR,1,PhyGuard,272,interference,interference,0.91812603892088,0.9999557512298564,0.9181666666666668
source,NO_ERROR_INDICATOR,1,PhyGuard,432,adaptation_mismatch,adaptation_mismatch,0.8770475243076552,0.999959172607303,0.8770833333333331
source,NO_ERROR_INDICATOR,1,PhyGuard,577,interference,interference,0.8831906335058083,0.9998384530254436,0.8833333333333332
source,NO_ERROR_INDICATOR,1,PhyGuard,518,nonphysical_goodput,ABSTAIN,0.0375678228039687,0.0867784164865496,0.4329166666666668
source,NO_ERROR_INDICATOR,1,PhyGuard,848,interference,adaptation_mismatch,0.5635414693161799,0.9999996498032028,0.5635416666666666
source,NO_ERROR_INDICATOR,1,PhyGuard,320,blockage,ABSTAIN,0.0686919198245985,0.0880383464589535,0.7802500000000001
source,NO_ERROR_INDICATOR,1,PhyGuard,399,mobility,mobility,0.6406607715058359,0.692918364855343,0.9245833333333332
source,NO_ERROR_INDICATOR,1,PhyGuard,103,mobility,mobility,0.7284262558005946,0.7302518855143805,0.9975
source,NO_ERROR_INDICATOR,1,PhyGuard,1009,normal,ABSTAIN,0.0817119749346718,0.1551493194962124,0.5266666666666667
source,NO_ERROR_INDICATOR,1,PhyGuard,719,adaptation_mismatch,adaptation_mismatch,0.8689206596458918,0.9792494286016812,0.8873333333333333
source,NO_ERROR_INDICATOR,1,PhyGuard,270,interference,interference,0.9180660879631284,0.9997089887075808,0.9183333333333332
source,NO_ERROR_INDICATOR,1,PhyGuard,181,normal,ABSTAIN,0.0567764976871589,0.0799387507034972,0.7102500000000002
source,NO_ERROR_INDICATOR,1,PhyGuard,303,interference,interference,0.7929043636269679,0.9998793992773868,0.7930000000000001
source,NO_ERROR_INDICATOR,1,PhyGuard,1003,normal,ABSTAIN,0.128335465661679,0.2473936687454054,0.51875
source,NO_ERROR_INDICATOR,1,PhyGuard,827,interference,ABSTAIN,0.1237791745600455,0.23325221336692,0.5306666666666667
source,NO_ERROR_INDICATOR,1,PhyGuard,674,mobility,mobility,0.2980379227911477,0.3411020575578229,0.87375
source,NO_ERROR_INDICATOR,1,PhyGuard,594,blockage,blockage,0.3192200884956087,0.5551653712967106,0.5750000000000002
source,NO_ERROR_INDICATOR,1,PhyGuard,792,nonphysical_goodput,ABSTAIN,0.0407943090777443,0.0943221019138597,0.4325
source,NO_ERROR_INDICATOR,1,PhyGuard,451,normal,ABSTAIN,0.1760791320389441,0.2258148535286234,0.77975
source,NO_ERROR_INDICATOR,1,PhyGuard,867,blockage,ABSTAIN,0.0065757595830137,0.0153104082388869,0.4294960317460317
source,NO_ERROR_INDICATOR,1,PhyGuard,1021,normal,ABSTAIN,0.0595715841589329,0.1122227645066241,0.5308333333333333
source,NO_ERROR_INDICATOR,1,PhyGuard,327,blockage,ABSTAIN,0.0548680904123315,0.0943967146878821,0.58125
source,NO_ERROR_INDICATOR,1,PhyGuard,116,mobility,mobility,0.9431513153089705,0.9488443815985618,0.994
source,NO_ERROR_INDICATOR,1,PhyGuard,53,blockage,blockage,0.5349296796814269,0.6274834952274801,0.8525000000000001
source,NO_ERROR_INDICATOR,1,PhyGuard,762,normal,ABSTAIN,0.0822624034581818,0.2109292396363635,0.39
source,NO_ERROR_INDICATOR,1,PhyGuard,364,mobility,blockage,0.4822291967910687,0.8977273288074504,0.5371666666666666
source,NO_ERROR_INDICATOR,1,PhyGuard,823,interference,ABSTAIN,0.1187162556140804,0.2803217369872031,0.4234999999999999
source,NO_ERROR_INDICATOR,1,PhyGuard,894,blockage,blockage,0.5083042845821949,0.6513242301106607,0.7804166666666669
source,NO_ERROR_INDICATOR,1,PhyGuard,603,blockage,blockage,0.4750874638630134,0.5392884724931504,0.8809523809523809
source,NO_ERROR_INDICATOR,1,PhyGuard,89,blockage,blockage,0.9833878710345796,0.9850295870129344,0.9983333333333334
source,NO_ERROR_INDICATOR,1,PhyGuard,375,mobility,mobility,0.984566247511817,0.998714705844616,0.9858333333333332
source,NO_ERROR_INDICATOR,1,PhyGuard,291,interference,ABSTAIN,0.4034885423787986,0.9701187153968308,0.4159166666666667
source,NO_ERROR_INDICATOR,1,PhyGuard,97,mobility,mobility,0.3163568691043526,0.4831720032139787,0.65475
source,NO_ERROR_INDICATOR,1,PhyGuard,282,interference,ABSTAIN,0.2557475117468482,0.6879556469316697,0.3717499999999999
source,NO_ERROR_INDICATOR,1,PhyGuard,343,blockage,blockage,0.9731849945268592,0.9788952166238316,0.9941666666666664
source,NO_ERROR_INDICATOR,1,PhyGuard,114,mobility,mobility,0.987042703838441,0.9991153476222094,0.9879166666666666
source,NO_ERROR_INDICATOR,1,PhyGuard,480,normal,ABSTAIN,0.0094363009941242,0.0190472013338083,0.4954166666666665
source,NO_ERROR_INDICATOR,1,PhyGuard,861,blockage,ABSTAIN,0.1606946652138731,0.1953734531475661,0.8225000000000001
source,NO_ERROR_INDICATOR,1,PhyGuard,408,adaptation_mismatch,adaptation_mismatch,0.5589789216245244,0.9915368897995998,0.5637500000000001
source,NO_ERROR_INDICATOR,1,PhyGuard,836,interference,interference,0.9170809283939226,0.999997377621724,0.9170833333333333
source,NO_ERROR_INDICATOR,1,PhyGuard,346,blockage,blockage,0.5015116315205259,0.7034645912619886,0.7129166666666665
source,NO_ERROR_INDICATOR,1,PhyGuard,703,adaptation_mismatch,adaptation_mismatch,0.4377529315000962,0.6049792903375739,0.7235833333333335
source,NO_ERROR_INDICATOR,1,PhyGuard,664,mobility,mobility,0.4536882754110359,0.5546876520562846,0.8179166666666664
source,NO_ERROR_INDICATOR,1,PhyGuard,643,mobility,ABSTAIN,0.0777962571809151,0.1485291291107842,0.5237777777777777
source,NO_ERROR_INDICATOR,1,PhyGuard,214,normal,ABSTAIN,0.0233062754239904,0.0710436846116559,0.3280555555555556
source,NO_ERROR_INDICATOR,1,PhyGuard,209,normal,ABSTAIN,0.0358031589328848,0.0748498096157872,0.4783333333333332
source,NO_ERROR_INDICATOR,1,PhyGuard,1063,nonphysical_goodput,ABSTAIN,0.0146966913148453,0.0279936977425626,0.525
source,NO_ERROR_INDICATOR,1,PhyGuard,2,interference,interference,0.9250133143138496,0.9999243105815868,0.9250833333333334
source,NO_ERROR_INDICATOR,1,PhyGuard,168,adaptation_mismatch,adaptation_mismatch,0.937915990356362,0.9999992789228204,0.9379166666666668
source,NO_ERROR_INDICATOR,1,PhyGuard,665,mobility,ABSTAIN,0.1294952058357205,0.1468060906970851,0.8820833333333333
source,NO_ERROR_INDICATOR,1,PhyGuard,407,adaptation_mismatch,adaptation_mismatch,0.6475825808228414,0.9999988379711872,0.6475833333333334
source,NO_ERROR_INDICATOR,1,PhyGuard,990,normal,ABSTAIN,0.0267899278237691,0.0693590364369426,0.38625
source,NO_ERROR_INDICATOR,1,PhyGuard,41,interference,interference,0.976856059040404,0.9999999983972492,0.9768560606060608
source,NO_ERROR_INDICATOR,1,PhyGuard,130,mobility,mobility,0.9898702151222536,0.9998689041638926,0.99
source,NO_ERROR_INDICATOR,1,PhyGuard,751,normal,ABSTAIN,0.0186075126537053,0.0327165057647565,0.5687500000000001
source,NO_ERROR_INDICATOR,1,PhyGuard,217,normal,ABSTAIN,0.0271693342019645,0.045063166610031,0.6029166666666667
source,NO_ERROR_INDICATOR,1,PhyGuard,984,adaptation_mismatch,interference,0.8192727250367539,0.9999999972707824,0.8192727272727274
source,NO_ERROR_INDICATOR,1,PhyGuard,194,normal,ABSTAIN,0.0135766612808319,0.0311300648090119,0.4361269841269841
source,NO_ERROR_INDICATOR,1,PhyGuard,153,adaptation_mismatch,adaptation_mismatch,0.9343298499964674,0.9999962718478068,0.9343333333333332
source,NO_ERROR_INDICATOR,1,PhyGuard,1071,nonphysical_goodput,ABSTAIN,0.0548363355413283,0.1223494316385387,0.4481944444444443
source,NO_ERROR_INDICATOR,1,PhyGuard,395,mobility,mobility,0.5671592675916577,0.650660727638613,0.8716666666666666
source,NO_ERROR_INDICATOR,1,PhyGuard,1010,normal,ABSTAIN,0.0032930478589212,0.0098545073084925,0.3341666666666667
source,NO_ERROR_INDICATOR,1,PhyGuard,110,mobility,mobility,0.9916352217714433,0.9991286869233684,0.9925
source,NO_ERROR_INDICATOR,1,PhyGuard,228,nonphysical_goodput,ABSTAIN,0.0199986462054896,0.0424861012467092,0.4707103174603175
source,NO_ERROR_INDICATOR,1,PhyGuard,915,mobility,mobility,0.967860113509883,0.998222721282217,0.9695833333333336
source,NO_ERROR_INDICATOR,1,PhyGuard,167,adaptation_mismatch,adaptation_mismatch,0.7595177190842527,0.99991361810324,0.7595833333333333
source,NO_ERROR_INDICATOR,1,PhyGuard,532,nonphysical_goodput,ABSTAIN,0.0508645346663496,0.0841199581031141,0.6046666666666667
source,NO_ERROR_INDICATOR,1,PhyGuard,629,blockage,blockage,0.7792109987890439,0.8080706654108603,0.9642857142857144
source,NO_ERROR_INDICATOR,1,PhyGuard,294,interference,interference,0.8171852450182846,0.9706248579846992,0.8419166666666666
source,NO_ERROR_INDICATOR,1,PhyGuard,334,blockage,blockage,0.771568392744581,0.9822640264093966,0.7855
source,NO_ERROR_INDICATOR,1,PhyGuard,950,adaptation_mismatch,adaptation_mismatch,0.5942540029217829,0.9854958589084292,0.603
source,NO_ERROR_INDICATOR,1,PhyGuard,141,adaptation_mismatch,adaptation_mismatch,0.7891651524003428,0.9999980811831164,0.7891666666666669
source,NO_ERROR_INDICATOR,1,PhyGuard,1075,nonphysical_goodput,ABSTAIN,0.0190683671195572,0.0455605771755533,0.4185277777777778
source,NO_ERROR_INDICATOR,1,PhyGuard,1069,nonphysical_goodput,ABSTAIN,0.0120932291478749,0.0256847344733627,0.4708333333333334
source,NO_ERROR_INDICATOR,1,PhyGuard,808,nonphysical_goodput,ABSTAIN,0.0383976113531917,0.0751053522800817,0.51125
source,NO_ERROR_INDICATOR,1,PhyGuard,540,interference,adaptation_mismatch,0.5693248555814406,0.9704400947410924,0.5866666666666664
source,NO_ERROR_INDICATOR,1,PhyGuard,434,adaptation_mismatch,adaptation_mismatch,0.7649513585278026,0.9977626415580036,0.7666666666666666
source,NO_ERROR_INDICATOR,1,PhyGuard,787,nonphysical_goodput,mobility,0.3095400592045034,0.4235439806675075,0.7308333333333334
source,NO_ERROR_INDICATOR,1,PhyGuard,746,normal,ABSTAIN,0.0113642521324864,0.0298928157803238,0.3801666666666667
source,NO_ERROR_INDICATOR,1,PhyGuard,520,nonphysical_goodput,ABSTAIN,0.0403349690030358,0.0584494177075751,0.6900833333333334
source,NO_ERROR_INDICATOR,1,PhyGuard,25,interference,interference,0.9787726750005968,0.9999999465942102,0.9787727272727272
source,NO_ERROR_INDICATOR,1,PhyGuard,683,adaptation_mismatch,ABSTAIN,0.3639711232386316,0.8619801616071797,0.42225
source,NO_ERROR_INDICATOR,1,PhyGuard,129,mobility,mobility,0.9999157818571266,0.9999157818571266,1.0
source,NO_ERROR_INDICATOR,1,PhyGuard,795,nonphysical_goodput,ABSTAIN,0.018722795983506,0.0493292410330125,0.3795476190476191
source,NO_ERROR_INDICATOR,1,PhyGuard,461,normal,ABSTAIN,0.0094582690931314,0.0250079615930197,0.3782103174603174
source,NO_ERROR_INDICATOR,1,PhyGuard,630,mobility,ABSTAIN,0.0669481713175171,0.091034340601723,0.7354166666666667
source,NO_ERROR_INDICATOR,1,PhyGuard,242,nonphysical_goodput,ABSTAIN,0.0605374686715885,0.160305176327855,0.3776388888888889
source,NO_ERROR_INDICATOR,1,PhyGuard,568,interference,interference,0.8463531541706815,0.9841315746170716,0.86
source,NO_ERROR_INDICATOR,1,PhyGuard,185,normal,ABSTAIN,0.0395838065045179,0.0519188630510673,0.7624166666666666
source,NO_ERROR_INDICATOR,1,PhyGuard,601,blockage,blockage,0.6715297080680457,0.8692941204764346,0.7725
source,NO_ERROR_INDICATOR,1,PhyGuard,412,adaptation_mismatch,adaptation_mismatch,0.6118106827281296,0.9885186741265054,0.6189166666666666
source,NO_ERROR_INDICATOR,1,PhyGuard,943,mobility,mobility,0.9926054926232176,0.9926054926232176,1.0
source,NO_ERROR_INDICATOR,1,PhyGuard,876,blockage,blockage,0.976583103505402,0.9778053602056588,0.99875
source,NO_ERROR_INDICATOR,1,PhyGuard,521,nonphysical_goodput,ABSTAIN,0.0078821288269713,0.0217188394773032,0.3629166666666667
source,NO_ERROR_INDICATOR,1,PhyGuard,1032,normal,ABSTAIN,0.0160137723130051,0.0393010452067791,0.4074642857142857
source,NO_ERROR_INDICATOR,1,PhyGuard,1044,nonphysical_goodput,blockage,0.3500148796066469,0.4567894024230303,0.7662499999999999
source,NO_ERROR_INDICATOR,1,PhyGuard,884,blockage,blockage,0.9566019700015947,0.9654519461748644,0.9908333333333332
source,NO_ERROR_INDICATOR,1,PhyGuard,1050,nonphysical_goodput,ABSTAIN,0.0094530956852221,0.01947418853608,0.4854166666666667
source,NO_ERROR_INDICATOR,1,PhyGuard,593,blockage,blockage,0.2913275095507154,0.3880055621097208,0.7508333333333335
source,NO_ERROR_INDICATOR,1,PhyGuard,388,mobility,mobility,0.6682930821174069,0.6716513388114642,0.995
source,NO_ERROR_INDICATOR,1,PhyGuard,659,mobility,mobility,0.7892387939025555,0.8175110510859445,0.9654166666666666
source,NO_ERROR_INDICATOR,1,PhyGuard,579,interference,interference,0.8414974884370149,0.99979899616279,0.8416666666666667
source,NO_ERROR_INDICATOR,1,PhyGuard,720,normal,ABSTAIN,0.0510054529188559,0.132769074843009,0.3841666666666667
source,NO_ERROR_INDICATOR,1,PhyGuard,981,adaptation_mismatch,ABSTAIN,0.4904855592292809,0.9996308951683716,0.4906666666666666
source,NO_ERROR_INDICATOR,1,PhyGuard,304,interference,interference,0.7823875890860906,0.9998563438799876,0.7825000000000003
source,NO_ERROR_INDICATOR,1,PhyGuard,531,nonphysical_goodput,ABSTAIN,0.2234459524945703,0.4627008507221475,0.4829166666666665
source,NO_ERROR_INDICATOR,1,PhyGuard,500,nonphysical_goodput,ABSTAIN,0.0084337733007894,0.0197530612468999,0.4269603174603172
source,NO_ERROR_INDICATOR,1,PhyGuard,930,mobility,mobility,0.9420995940674708,0.9779580561254024,0.9633333333333332
source,NO_ERROR_INDICATOR,1,PhyGuard,355,blockage,blockage,0.7844652040909524,0.9035882558160326,0.8681666666666668
source,NO_ERROR_INDICATOR,1,PhyGuard,427,adaptation_mismatch,ABSTAIN,0.4884219174946747,0.9991583719631942,0.4888333333333332
source,NO_ERROR_INDICATOR,1,PhyGuard,1064,nonphysical_goodput,ABSTAIN,0.0456601285306859,0.0714556002045163,0.639
source,NO_ERROR_INDICATOR,1,PhyGuard,146,adaptation_mismatch,adaptation_mismatch,0.6509128084979083,0.9992265193776256,0.6514166666666668
source,NO_ERROR_INDICATOR,1,PhyGuard,1005,normal,ABSTAIN,0.0243591659192394,0.0482970740261397,0.504361111111111
source,NO_ERROR_INDICATOR,1,PhyGuard,268,nonphysical_goodput,ABSTAIN,0.0421083068735455,0.0623621461020091,0.6752222222222223
source,NO_ERROR_INDICATOR,1,PhyGuard,452,normal,ABSTAIN,0.0157376636192663,0.033684323806918,0.4672103174603172
source,NO_ERROR_INDICATOR,1,PhyGuard,248,nonphysical_goodput,ABSTAIN,0.0271448200937567,0.0504446377955421,0.538111111111111
source,NO_ERROR_INDICATOR,1,PhyGuard,298,interference,interference,0.8722496131157884,0.9999995564526092,0.8722500000000001
source,NO_ERROR_INDICATOR,1,PhyGuard,773,nonphysical_goodput,ABSTAIN,0.079682341696474,0.1146508513618331,0.6949999999999998
source,NO_ERROR_INDICATOR,1,PhyGuard,306,interference,ABSTAIN,0.4953847912552525,0.9999356593882304,0.4954166666666667
source,NO_ERROR_INDICATOR,1,PhyGuard,491,normal,ABSTAIN,0.0290826492889301,0.0838452289902686,0.3468611111111111
source,NO_ERROR_INDICATOR,1,PhyGuard,74,blockage,blockage,0.5648452456768669,0.5806684612458152,0.9727500000000002
source,NO_ERROR_INDICATOR,1,PhyGuard,956,adaptation_mismatch,adaptation_mismatch,0.5619931226895193,0.9976209278512176,0.5633333333333335
source,NO_ERROR_INDICATOR,1,PhyGuard,1031,normal,ABSTAIN,0.0552413220581315,0.1017499171038721,0.5429126984126983
source,NO_ERROR_INDICATOR,1,PhyGuard,835,interference,interference,0.7962691170057993,0.9982479527862088,0.7976666666666666
source,NO_ERROR_INDICATOR,1,PhyGuard,768,nonphysical_goodput,ABSTAIN,0.1534451007099116,0.2518934621776935,0.6091666666666667
source,NO_ERROR_INDICATOR,1,PhyGuard,695,adaptation_mismatch,ABSTAIN,0.3969665298728378,0.8793794274458288,0.4514166666666666
source,NO_ERROR_INDICATOR,1,PhyGuard,627,blockage,blockage,0.8798592199512774,0.9225260497523224,0.95375
source,NO_ERROR_INDICATOR,1,PhyGuard,263,nonphysical_goodput,ABSTAIN,0.0966969412540554,0.1793451769781553,0.5391666666666667
source,NO_ERROR_INDICATOR,1,PhyGuard,507,nonphysical_goodput,ABSTAIN,0.0395707648370727,0.0637723849106733,0.6204999999999999
source,NO_ERROR_INDICATOR,1,PhyGuard,439,adaptation_mismatch,adaptation_mismatch,0.792895807554471,0.9993435238581716,0.7934166666666665
source,NO_ERROR_INDICATOR,1,PhyGuard,212,normal,ABSTAIN,0.0423849618107581,0.0818305194084784,0.5179603174603176
source,NO_ERROR_INDICATOR,1,PhyGuard,75,blockage,blockage,0.9888802513627468,0.9950996240128268,0.99375
source,NO_ERROR_INDICATOR,1,PhyGuard,67,blockage,blockage,0.5662953055295564,0.5821591421532318,0.9727500000000002
source,NO_ERROR_INDICATOR,1,PhyGuard,734,normal,ABSTAIN,0.0377883436157424,0.0811295545185311,0.4657777777777776
source,NO_ERROR_INDICATOR,1,PhyGuard,711,adaptation_mismatch,adaptation_mismatch,0.6247815198616385,0.8824597738158736,0.7080000000000001
source,NO_ERROR_INDICATOR,1,PhyGuard,802,nonphysical_goodput,ABSTAIN,0.0429646074501416,0.1250933667325502,0.3434603174603176
source,NO_ERROR_INDICATOR,1,PhyGuard,685,adaptation_mismatch,adaptation_mismatch,0.4909370908549124,0.8498622461423758,0.5776666666666667
source,NO_ERROR_INDICATOR,1,PhyGuard,448,adaptation_mismatch,adaptation_mismatch,0.7669610612323396,0.9999492323759316,0.767
source,NO_ERROR_INDICATOR,1,PhyGuard,965,adaptation_mismatch,ABSTAIN,0.4492770970738434,0.999848354860322,0.4493452380952381
source,NO_ERROR_INDICATOR,1,PhyGuard,265,nonphysical_goodput,ABSTAIN,0.0165318356021589,0.0324542524636123,0.509388888888889
source,NO_ERROR_INDICATOR,1,PhyGuard,926,mobility,mobility,0.9534677699476448,0.99061586488067,0.9625
source,NO_ERROR_INDICATOR,2,PhyGuard,665,mobility,ABSTAIN,0.2009855782029669,0.2174776319599282,0.9241666666666668
source,NO_ERROR_INDICATOR,2,PhyGuard,380,mobility,mobility,0.9972338942297138,0.9988987254387784,0.9983333333333334
source,NO_ERROR_INDICATOR,2,PhyGuard,160,adaptation_mismatch,adaptation_mismatch,0.9699808852080174,0.999980294028884,0.97
source,NO_ERROR_INDICATOR,2,PhyGuard,720,normal,ABSTAIN,0.0478705007446426,0.1134692156033066,0.4218809523809523
source,NO_ERROR_INDICATOR,2,PhyGuard,813,interference,adaptation_mismatch,0.5634635557016151,0.8967589745914297,0.6283333333333334
source,NO_ERROR_INDICATOR,2,PhyGuard,874,blockage,ABSTAIN,0.1972709219954111,0.3384204523152156,0.5829166666666667
source,NO_ERROR_INDICATOR,2,PhyGuard,515,nonphysical_goodput,ABSTAIN,0.0286516908690498,0.0967962529359791,0.296
source,NO_ERROR_INDICATOR,2,PhyGuard,1063,nonphysical_goodput,ABSTAIN,0.0211061577344479,0.0499357044190408,0.4226666666666666
source,NO_ERROR_INDICATOR,2,PhyGuard,982,adaptation_mismatch,adaptation_mismatch,0.6199570590838903,0.9999307404578874,0.6200000000000001
source,NO_ERROR_INDICATOR,2,PhyGuard,103,mobility,mobility,0.6623633525731685,0.6640234111009208,0.9975
source,NO_ERROR_INDICATOR,2,PhyGuard,26,interference,interference,0.9974996971689992,0.9999996964100242,0.9975
source,NO_ERROR_INDICATOR,2,PhyGuard,286,interference,interference,0.8541997942660808,0.9762283363040926,0.8749999999999999
source,NO_ERROR_INDICATOR,2,PhyGuard,266,nonphysical_goodput,ABSTAIN,0.0704819684748233,0.1220114861075995,0.5776666666666668
source,NO_ERROR_INDICATOR,2,PhyGuard,285,interference,interference,0.8851456815773268,0.9994789322968564,0.8856071428571428
source,NO_ERROR_INDICATOR,2,PhyGuard,595,blockage,ABSTAIN,0.1309582261494753,0.2336801061403277,0.5604166666666668
source,NO_ERROR_INDICATOR,2,PhyGuard,519,nonphysical_goodput,ABSTAIN,0.2663513360820119,0.7593765818446527,0.35075
source,NO_ERROR_INDICATOR,2,PhyGuard,473,normal,ABSTAIN,0.0065842163258808,0.0179773824597429,0.36625
source,NO_ERROR_INDICATOR,2,PhyGuard,893,blockage,blockage,0.9909159256019916,0.995895402615067,0.995
source,NO_ERROR_INDICATOR,2,PhyGuard,984,adaptation_mismatch,interference,0.8333333260636324,0.999999991276359,0.8333333333333333
source,NO_ERROR_INDICATOR,2,PhyGuard,959,adaptation_mismatch,adaptation_mismatch,0.3042848318023986,0.543770362118955,0.5595833333333334
source,NO_ERROR_INDICATOR,2,PhyGuard,860,blockage,blockage,0.5489842235794946,0.6191551393753698,0.8866666666666667
source,NO_ERROR_INDICATOR,2,PhyGuard,259,nonphysical_goodput,ABSTAIN,0.0499594484463067,0.1151802846024363,0.43375
source,NO_ERROR_INDICATOR,2,PhyGuard,747,normal,ABSTAIN,0.0844433605833869,0.2117701832812211,0.3987499999999999
source,NO_ERROR_INDICATOR,2,PhyGuard,807,nonphysical_goodput,ABSTAIN,0.0487837091934806,0.1193485240207477,0.4087500000000001
source,NO_ERROR_INDICATOR,2,PhyGuard,767,nonphysical_goodput,ABSTAIN,0.041716908064343,0.1028988482573724,0.4054166666666666
source,NO_ERROR_INDICATOR,2,PhyGuard,476,normal,ABSTAIN,0.014563944350406,0.0448121364627878,0.325
source,NO_ERROR_INDICATOR,2,PhyGuard,366,mobility,mobility,0.3853465432744935,0.4511374165164801,0.8541666666666669
source,NO_ERROR_INDICATOR,2,PhyGuard,370,mobility,mobility,0.9948691287386288,0.9973625350763196,0.9975
source,NO_ERROR_INDICATOR,2,PhyGuard,9,interference,blockage,0.53342366326063,0.9907265065976718,0.5384166666666669
source,NO_ERROR_INDICATOR,2,PhyGuard,911,mobility,mobility,0.9605722436376752,0.9670190372191362,0.9933333333333332
source,NO_ERROR_INDICATOR,2,PhyGuard,47,blockage,blockage,0.6049126918439423,0.6628877496121006,0.9125416666666666
source,NO_ERROR_INDICATOR,2,PhyGuard,178,adaptation_mismatch,adaptation_mismatch,0.970916661512965,0.9999999946919218,0.9709166666666664
source,NO_ERROR_INDICATOR,2,PhyGuard,246,nonphysical_goodput,ABSTAIN,0.0163371663105308,0.0491959838711092,0.3320833333333333
source,NO_ERROR_INDICATOR,2,PhyGuard,626,blockage,blockage,0.6721241269694631,0.8089758800033661,0.8308333333333331
source,NO_ERROR_INDICATOR,2,PhyGuard,10,interference,interference,0.9616211241222408,0.999952642068188,0.9616666666666666
source,NO_ERROR_INDICATOR,2,PhyGuard,235,nonphysical_goodput,ABSTAIN,0.0517475672642042,0.0785045268230658,0.6591666666666666
source,NO_ERROR_INDICATOR,2,PhyGuard,941,mobility,mobility,0.9933350560027924,0.997491269626235,0.9958333333333332
source,NO_ERROR_INDICATOR,2,PhyGuard,1043,nonphysical_goodput,ABSTAIN,0.017671911814005,0.041703626699717,0.4237499999999998
source,NO_ERROR_INDICATOR,2,PhyGuard,252,nonphysical_goodput,ABSTAIN,0.0541810576527805,0.134694984842214,0.40225
source,NO_ERROR_INDICATOR,2,PhyGuard,1065,nonphysical_goodput,ABSTAIN,0.0315627226454632,0.0725579830930189,0.4349999999999998
source,NO_ERROR_INDICATOR,2,PhyGuard,571,interference,interference,0.901862195489741,0.9999396050888748,0.9019166666666666
source,NO_ERROR_INDICATOR,2,PhyGuard,166,adaptation_mismatch,adaptation_mismatch,0.9199999509387242,0.9999999466725262,0.92
source,NO_ERROR_INDICATOR,2,PhyGuard,163,adaptation_mismatch,adaptation_mismatch,0.9606571974922008,0.9999901431216526,0.9606666666666664
source,NO_ERROR_INDICATOR,2,PhyGuard,483,normal,ABSTAIN,0.0878931787981962,0.1850382711540973,0.4749999999999999
source,NO_ERROR_INDICATOR,2,PhyGuard,1042,nonphysical_goodput,ABSTAIN,0.0618182457888192,0.1263961406484632,0.4890833333333333
source,NO_ERROR_INDICATOR,2,PhyGuard,1070,nonphysical_goodput,ABSTAIN,0.2423823909658767,0.665580936290737,0.3641666666666666
source,NO_ERROR_INDICATOR,2,PhyGuard,347,blockage,blockage,0.6545715434584205,0.8023348847294223,0.8158333333333335
source,NO_ERROR_INDICATOR,2,PhyGuard,968,adaptation_mismatch,adaptation_mismatch,0.6559117434131058,0.9999924940868083,0.6559166666666667
source,NO_ERROR_INDICATOR,2,PhyGuard,648,mobility,mobility,0.5979432527229357,0.7114842868294724,0.8404166666666666
source,NO_ERROR_INDICATOR,2,PhyGuard,616,blockage,blockage,0.9066066562149688,0.9863354374052248,0.9191666666666664
source,NO_ERROR_INDICATOR,2,PhyGuard,35,interference,interference,0.9633333063902244,0.9999999720313753,0.9633333333333332
source,NO_ERROR_INDICATOR,2,PhyGuard,921,mobility,mobility,0.8434555564142193,0.859937695579493,0.9808333333333332
source,NO_ERROR_INDICATOR,2,PhyGuard,336,blockage,blockage,0.9246249031557516,0.9583674228347242,0.9647916666666666
source,NO_ERROR_INDICATOR,2,PhyGuard,437,adaptation_mismatch,adaptation_mismatch,0.8920817590572787,0.999998235281396,0.8920833333333333
source,NO_ERROR_INDICATOR,2,PhyGuard,1003,normal,ABSTAIN,0.1028917585690869,0.2249000187302446,0.4574999999999999
source,NO_ERROR_INDICATOR,2,PhyGuard,804,nonphysical_goodput,ABSTAIN,0.1849897174995476,0.2664917899153147,0.6941666666666667
source,NO_ERROR_INDICATOR,2,PhyGuard,997,normal,ABSTAIN,0.0008136156894772,0.0017286452326003,0.4706666666666666
source,NO_ERROR_INDICATOR,2,PhyGuard,189,normal,ABSTAIN,0.0237744177458164,0.0537274977306586,0.4425
source,NO_ERROR_INDICATOR,2,PhyGuard,563,interference,interference,0.8461564907121906,0.9891746603552156,0.8554166666666666
source,NO_ERROR_INDICATOR,2,PhyGuard,681,adaptation_mismatch,ABSTAIN,0.0756967888241922,0.2041261721101812,0.3708333333333333
source,NO_ERROR_INDICATOR,2,PhyGuard,1010,normal,ABSTAIN,0.0061229653833019,0.013759472771465,0.4449999999999999
source,NO_ERROR_INDICATOR,2,PhyGuard,501,nonphysical_goodput,ABSTAIN,0.0503299290291217,0.1136329535935014,0.4429166666666667
source,NO_ERROR_INDICATOR,2,PhyGuard,861,blockage,ABSTAIN,0.1885897494827904,0.2166660597217315,0.8704166666666666
source,NO_ERROR_INDICATOR,2,PhyGuard,660,mobility,mobility,0.6547614336210884,0.7234932968188824,0.9049999999999996
source,NO_ERROR_INDICATOR,2,PhyGuard,850,interference,interference,0.5018643636747149,0.9180445676976496,0.5466666666666664
source,NO_ERROR_INDICATOR,2,PhyGuard,62,blockage,blockage,0.6199711199239388,0.8830449185860255,0.7020833333333334
source,NO_ERROR_INDICATOR,2,PhyGuard,224,normal,ABSTAIN,0.0275173124203481,0.058923581199889,0.4669999999999999
source,NO_ERROR_INDICATOR,2,PhyGuard,699,adaptation_mismatch,adaptation_mismatch,0.4290326370445132,0.9741516829771348,0.4404166666666667
source,NO_ERROR_INDICATOR,2,PhyGuard,478,normal,ABSTAIN,0.0167846989802773,0.0372303859081936,0.4508333333333333
source,NO_ERROR_INDICATOR,2,PhyGuard,823,interference,ABSTAIN,0.1277433891742437,0.3391417411705584,0.3766666666666667
source,NO_ERROR_INDICATOR,2,PhyGuard,231,nonphysical_goodput,ABSTAIN,0.0125047011105388,0.0276092756810425,0.4529166666666666
source,NO_ERROR_INDICATOR,2,PhyGuard,198,normal,ABSTAIN,0.0336309681694846,0.0567691121161648,0.5924166666666667
source,NO_ERROR_INDICATOR,2,PhyGuard,426,adaptation_mismatch,adaptation_mismatch,0.8679800117276619,0.9991136825642152,0.8687499999999999
source,NO_ERROR_INDICATOR,2,PhyGuard,539,nonphysical_goodput,ABSTAIN,0.01658683394231,0.0331239819117524,0.50075
source,NO_ERROR_INDICATOR,2,PhyGuard,548,interference,interference,0.5178546778554591,0.9612151793140776,0.5387499999999998
source,NO_ERROR_INDICATOR,2,PhyGuard,94,mobility,mobility,0.9946078413872552,0.99960587074096,0.995
source,NO_ERROR_INDICATOR,2,PhyGuard,717,adaptation_mismatch,adaptation_mismatch,0.8606357772585757,0.9999641099053936,0.8606666666666668
source,NO_ERROR_INDICATOR,2,PhyGuard,124,mobility,mobility,0.9997667938964048,0.9997667938964048,1.0
source,NO_ERROR_INDICATOR,2,PhyGuard,456,normal,ABSTAIN,0.13302511541742,0.2705595567811934,0.4916666666666666
source,NO_ERROR_INDICATOR,2,PhyGuard,915,mobility,mobility,0.9832920529016136,0.9982660435549376,0.985
source,NO_ERROR_INDICATOR,2,PhyGuard,442,adaptation_mismatch,adaptation_mismatch,0.8634990210061184,0.9999988662491236,0.8635
source,NO_ERROR_INDICATOR,2,PhyGuard,327,blockage,ABSTAIN,0.0767222865453363,0.1082501397465062,0.7087500000000001
source,NO_ERROR_INDICATOR,2,PhyGuard,643,mobility,ABSTAIN,0.0620568248285205,0.1464467842560957,0.4237499999999998
source,NO_ERROR_INDICATOR,2,PhyGuard,719,adaptation_mismatch,adaptation_mismatch,0.8868289763510027,0.9881102800568272,0.8975000000000002
source,NO_ERROR_INDICATOR,2,PhyGuard,68,blockage,blockage,0.5670669085587032,0.5759948283988858,0.9845000000000002
source,NO_ERROR_INDICATOR,2,PhyGuard,299,interference,interference,0.918649553525576,0.998725975488881,0.9198214285714286
source,NO_ERROR_INDICATOR,2,PhyGuard,791,nonphysical_goodput,ABSTAIN,0.0505462028929202,0.1112943916908335,0.4541666666666665
source,NO_ERROR_INDICATOR,2,PhyGuard,836,interference,interference,0.9239149277147451,0.9999852329343976,0.9239285714285714
source,NO_ERROR_INDICATOR,2,PhyGuard,260,nonphysical_goodput,ABSTAIN,0.0317489826949365,0.0737205480532583,0.4306666666666665
source,NO_ERROR_INDICATOR,2,PhyGuard,910,mobility,mobility,0.9681740878701316,0.9820869868505138,0.9858333333333332
source,NO_ERROR_INDICATOR,2,PhyGuard,65,blockage,blockage,0.9467279202329192,0.9722078681096258,0.9737916666666664
source,NO_ERROR_INDICATOR,2,PhyGuard,141,adaptation_mismatch,adaptation_mismatch,0.780080753493444,0.9999966928662888,0.7800833333333332
source,NO_ERROR_INDICATOR,2,PhyGuard,862,blockage,blockage,0.9011743291932416,0.9839938080362964,0.9158333333333332
source,NO_ERROR_INDICATOR,2,PhyGuard,325,blockage,blockage,0.7291083595152276,0.9678429551087092,0.7533333333333334
source,NO_ERROR_INDICATOR,2,PhyGuard,134,mobility,mobility,0.99941904799019,0.99941904799019,1.0
source,NO_ERROR_INDICATOR,2,PhyGuard,1052,nonphysical_goodput,ABSTAIN,0.0985339821821465,0.3176807593191185,0.3101666666666666
source,NO_ERROR_INDICATOR,2,PhyGuard,612,blockage,blockage,0.5668255842632073,0.7321751357544121,0.7741666666666666
source,NO_ERROR_INDICATOR,2,PhyGuard,125,mobility,mobility,0.9604324168678168,0.964450962545088,0.9958333333333332
source,NO_ERROR_INDICATOR,2,PhyGuard,117,mobility,mobility,0.9993521711197292,0.9993521711197292,1.0
source,NO_ERROR_INDICATOR,2,PhyGuard,559,interference,interference,0.7904700636752933,0.9254283672296116,0.8541666666666665
source,NO_ERROR_INDICATOR,2,PhyGuard,20,interference,interference,0.708626994428239,0.9976981584923752,0.7102619047619046
source,NO_ERROR_INDICATOR,2,PhyGuard,81,blockage,blockage,0.9732301899569812,0.9746515568106636,0.9985416666666664
source,NO_ERROR_INDICATOR,2,PhyGuard,801,nonphysical_goodput,ABSTAIN,0.0369942364794631,0.0976745517609588,0.37875
source,NO_ERROR_INDICATOR,2,PhyGuard,391,mobility,mobility,0.9638903905810876,0.986918488649578,0.9766666666666666
source,NO_ERROR_INDICATOR,2,PhyGuard,599,blockage,ABSTAIN,0.0550521171248725,0.1034652162096273,0.5320833333333334
source,NO_ERROR_INDICATOR,2,PhyGuard,30,interference,interference,0.9374999799784984,0.999999978643732,0.9375
source,NO_ERROR_INDICATOR,2,PhyGuard,525,nonphysical_goodput,ABSTAIN,0.0090887665284737,0.0252465736902048,0.3599999999999999
source,NO_ERROR_INDICATOR,2,PhyGuard,396,mobility,mobility,0.4870675866941262,0.5118048196435653,0.9516666666666664
source,NO_ERROR_INDICATOR,2,PhyGuard,898,blockage,blockage,0.789525232220589,0.9162768652463316,0.8616666666666667
source,NO_ERROR_INDICATOR,2,PhyGuard,1022,normal,ABSTAIN,0.0440781387675258,0.0692780177092744,0.63625
source,NO_ERROR_INDICATOR,2,PhyGuard,150,adaptation_mismatch,adaptation_mismatch,0.9335817741838732,0.9999983299300615,0.9335833333333332
source,NO_ERROR_INDICATOR,2,PhyGuard,185,normal,ABSTAIN,0.0508096020120937,0.0638445260884947,0.7958333333333334
source,NO_ERROR_INDICATOR,2,PhyGuard,225,nonphysical_goodput,ABSTAIN,0.0397119964317674,0.1405734386965219,0.2825
source,NO_ERROR_INDICATOR,2,PhyGuard,723,normal,ABSTAIN,0.0862672128802695,0.1506850880004708,0.5724999999999999
source,NO_ERROR_INDICATOR,2,PhyGuard,12,interference,interference,0.5144834975722653,0.9989970826645924,0.5150000000000001
source,NO_ERROR_INDICATOR,2,PhyGuard,324,blockage,blockage,0.7670462779868377,0.925732207165046,0.8285833333333332
source,NO_ERROR_INDICATOR,2,PhyGuard,509,nonphysical_goodput,adaptation_mismatch,0.277100417475503,0.6913108128286978,0.4008333333333334
source,NO_ERROR_INDICATOR,2,PhyGuard,387,mobility,mobility,0.8385727241141108,0.9466484185671994,0.8858333333333333
source,NO_ERROR_INDICATOR,2,PhyGuard,614,blockage,blockage,0.3573301822066498,0.7200608205675567,0.4962499999999998
source,NO_ERROR_INDICATOR,2,PhyGuard,598,blockage,blockage,0.3885324751420773,0.5134790420379876,0.7566666666666668
source,NO_ERROR_INDICATOR,2,PhyGuard,374,mobility,mobility,0.9975897652689304,0.9992551905865747,0.9983333333333332
source,NO_ERROR_INDICATOR,2,PhyGuard,413,adaptation_mismatch,adaptation_mismatch,0.5893739379641582,0.9968269563875825,0.59125
source,NO_ERROR_INDICATOR,2,PhyGuard,967,adaptation_mismatch,adaptation_mismatch,0.5917095689375192,0.9999987349843732,0.5917103174603174
source,NO_ERROR_INDICATOR,2,PhyGuard,219,normal,ABSTAIN,0.0191779362494771,0.0548594123942136,0.3495833333333333
source,NO_ERROR_INDICATOR,2,PhyGuard,773,nonphysical_goodput,ABSTAIN,0.0560207470352606,0.1089544512841375,0.5141666666666665
source,NO_ERROR_INDICATOR,2,PhyGuard,844,interference,interference,0.4995617834262249,0.9995122660670316,0.4998055555555554
source,NO_ERROR_INDICATOR,2,PhyGuard,433,adaptation_mismatch,adaptation_mismatch,0.8279326861339192,0.9403873387228612,0.8804166666666668
source,NO_ERROR_INDICATOR,2,PhyGuard,739,normal,ABSTAIN,0.0117905968055966,0.0222990010507737,0.52875
source,NO_ERROR_INDICATOR,2,PhyGuard,16,interference,interference,0.890416666642347,0.9999999999726874,0.8904166666666665
source,NO_ERROR_INDICATOR,2,PhyGuard,707,adaptation_mismatch,adaptation_mismatch,0.8805227800087856,0.9996474323656978,0.8808333333333335
source,NO_ERROR_INDICATOR,2,PhyGuard,759,normal,ABSTAIN,0.0354676515699563,0.0679348473806027,0.5220833333333335
source,NO_ERROR_INDICATOR,2,PhyGuard,582,interference,interference,0.9390897747278698,0.9999181274830912,0.9391666666666666
source,NO_ERROR_INDICATOR,2,PhyGuard,976,adaptation_mismatch,adaptation_mismatch,0.8866664464992599,0.9999997516908946,0.8866666666666666
source,NO_ERROR_INDICATOR,2,PhyGuard,345,blockage,blockage,0.9769088171275568,0.9892747515215764,0.9875
source,NO_ERROR_INDICATOR,2,PhyGuard,1013,normal,ABSTAIN,0.0398222991566973,0.1184306294622969,0.33625
source,NO_ERROR_INDICATOR,2,PhyGuard,200,normal,ABSTAIN,0.0167451732311283,0.0498987034451303,0.3355833333333333
source,NO_ERROR_INDICATOR,2,PhyGuard,145,adaptation_mismatch,adaptation_mismatch,0.6344998988878794,0.999999840642836,0.6345
source,NO_ERROR_INDICATOR,2,PhyGuard,502,nonphysical_goodput,ABSTAIN,0.0156991100883801,0.0448012654127377,0.3504166666666667
source,NO_ERROR_INDICATOR,2,PhyGuard,782,nonphysical_goodput,ABSTAIN,0.0514473404823482,0.1775576893264822,0.28975
source,NO_ERROR_INDICATOR,2,PhyGuard,493,normal,ABSTAIN,0.0733243688291411,0.159632152748493,0.4593333333333333
source,NO_ERROR_INDICATOR,2,PhyGuard,335,blockage,blockage,0.7343252875860504,0.9231957518106448,0.7954166666666667
source,NO_ERROR_INDICATOR,2,PhyGuard,659,mobility,mobility,0.8328571139405434,0.8499987555099949,0.9798333333333332
source,NO_ERROR_INDICATOR,2,PhyGuard,994,normal,ABSTAIN,0.031269896191487,0.0685994066358035,0.4558333333333332
source,NO_ERROR_INDICATOR,2,PhyGuard,424,adaptation_mismatch,adaptation_mismatch,0.8879153661687198,0.9999985353378356,0.8879166666666666
source,NO_ERROR_INDICATOR,2,PhyGuard,751,normal,ABSTAIN,0.0227895568049167,0.0372581310162126,0.6116666666666667
source,NO_ERROR_INDICATOR,2,PhyGuard,486,normal,ABSTAIN,0.0295695346730927,0.060376793615299,0.48975
source,NO_ERROR_INDICATOR,2,PhyGuard,250,nonphysical_goodput,ABSTAIN,0.0433979430779721,0.0761526471391197,0.5698809523809524
source,NO_ERROR_INDICATOR,2,PhyGuard,634,mobility,ABSTAIN,0.0536984648412673,0.1358022293140585,0.3954166666666666
source,NO_ERROR_INDICATOR,2,PhyGuard,871,blockage,blockage,0.9449146361697176,0.9703873028700564,0.97375
source,NO_ERROR_INDICATOR,2,PhyGuard,763,normal,ABSTAIN,0.0600417929764889,0.1147295407194055,0.5233333333333332
source,NO_ERROR_INDICATOR,2,PhyGuard,1041,nonphysical_goodput,ABSTAIN,0.0290478043721109,0.0766577306709808,0.3789285714285714
source,NO_ERROR_INDICATOR,2,PhyGuard,649,mobility,mobility,0.4563406414712486,0.5082215960700681,0.8979166666666666
source,NO_ERROR_INDICATOR,2,PhyGuard,312,interference,interference,0.9314268185961077,0.9999981181246554,0.9314285714285714
source,NO_ERROR_INDICATOR,2,PhyGuard,453,normal,ABSTAIN,0.0294202847669272,0.0809732608264053,0.3633333333333332
source,NO_ERROR_INDICATOR,2,PhyGuard,700,adaptation_mismatch,adaptation_mismatch,0.5388957393708781,0.9095286740436764,0.5924999999999998
source,NO_ERROR_INDICATOR,2,PhyGuard,173,adaptation_mismatch,adaptation_mismatch,0.9628333221934536,0.999999988430106,0.9628333333333332
source,NO_ERROR_INDICATOR,2,PhyGuard,401,mobility,mobility,0.9814207107348724,0.9989014867530508,0.9825
source,NO_ERROR_INDICATOR,2,PhyGuard,827,interference,ABSTAIN,0.0792476420162046,0.2002045693040959,0.3958333333333333
source,NO_ERROR_INDICATOR,2,PhyGuard,642,mobility,ABSTAIN,0.1432180336538131,0.2333491383361517,0.6137499999999999
source,NO_ERROR_INDICATOR,2,PhyGuard,894,blockage,blockage,0.5657782440480428,0.6913787096310093,0.8183333333333335
source,NO_ERROR_INDICATOR,2,PhyGuard,583,interference,interference,0.8071589534371234,0.9924085493079388,0.8133333333333332
source,NO_ERROR_INDICATOR,2,PhyGuard,1031,normal,ABSTAIN,0.0984956709456424,0.1838177373791151,0.5358333333333332
source,NO_ERROR_INDICATOR,2,PhyGuard,1050,nonphysical_goodput,ABSTAIN,0.0102893713915246,0.0291208624288434,0.3533333333333333
source,NO_ERROR_INDICATOR,2,PhyGuard,115,mobility,mobility,0.9437578136384144,0.9492953699632,0.9941666666666664
source,NO_ERROR_INDICATOR,2,PhyGuard,830,interference,interference,0.4367204689724913,0.7365629835094726,0.5929166666666665
source,NO_ERROR_INDICATOR,2,PhyGuard,350,blockage,blockage,0.983399477114092,0.9983751036691288,0.985
source,NO_ERROR_INDICATOR,2,PhyGuard,552,interference,ABSTAIN,0.0969514382616078,0.2227854141423899,0.4351785714285712
source,NO_ERROR_INDICATOR,2,PhyGuard,205,normal,ABSTAIN,0.0258053318430189,0.0606589582989671,0.4254166666666666
source,NO_ERROR_INDICATOR,2,PhyGuard,726,normal,ABSTAIN,0.0186778990827407,0.0504013467490193,0.3705833333333334
source,NO_ERROR_INDICATOR,2,PhyGuard,301,interference,ABSTAIN,0.3491875790672575,0.9109241193058892,0.3833333333333333
source,NO_ERROR_INDICATOR,2,PhyGuard,958,adaptation_mismatch,ABSTAIN,0.3745882158809709,0.9750669393864756,0.3841666666666665
source,NO_ERROR_INDICATOR,2,PhyGuard,684,adaptation_mismatch,ABSTAIN,0.0557663243999428,0.1595602987122827,0.3495
source,NO_ERROR_INDICATOR,2,PhyGuard,527,nonphysical_goodput,ABSTAIN,0.0163089477607106,0.0508330839294875,0.3208333333333333
source,NO_ERROR_INDICATOR,2,PhyGuard,769,nonphysical_goodput,ABSTAIN,0.0258386436823248,0.0552698260584488,0.4674999999999998
source,NO_ERROR_INDICATOR,2,PhyGuard,407,adaptation_mismatch,adaptation_mismatch,0.5606654711528709,0.9999978676923976,0.5606666666666666
source,NO_ERROR_INDICATOR,2,PhyGuard,933,mobility,mobility,0.7948398480848253,0.8293981023493828,0.9583333333333336
source,NO_ERROR_INDICATOR,2,PhyGuard,143,adaptation_mismatch,adaptation_mismatch,0.6434995887876722,0.9999993609754037,0.6435
source,NO_ERROR_INDICATOR,2,PhyGuard,954,adaptation_mismatch,adaptation_mismatch,0.4837567962018791,0.9997270185572704,0.4838888888888888
source,NO_ERROR_INDICATOR,2,PhyGuard,460,normal,ABSTAIN,0.005605909798554,0.017749582475633,0.3158333333333334
source,NO_ERROR_INDICATOR,2,PhyGuard,388,mobility,mobility,0.6081822614297859,0.6081822614297859,1.0
source,NO_ERROR_INDICATOR,2,PhyGuard,1014,normal,ABSTAIN,0.048882650505785,0.1029108431700737,0.4749999999999998
source,NO_ERROR_INDICATOR,2,PhyGuard,542,interference,ABSTAIN,0.2058721389617399,0.4337955518070024,0.4745833333333333
source,NO_ERROR_INDICATOR,2,PhyGuard,340,blockage,blockage,0.5291324132977321,0.8343743705089072,0.6341666666666668
source,NO_ERROR_INDICATOR,2,PhyGuard,440,adaptation_mismatch,adaptation_mismatch,0.6244945334256614,0.9998578253646347,0.6245833333333333
source,NO_ERROR_INDICATOR,2,PhyGuard,50,blockage,ABSTAIN,0.3464348951364911,0.3604629100527091,0.9610833333333332
source,NO_ERROR_INDICATOR,2,PhyGuard,692,adaptation_mismatch,adaptation_mismatch,0.7852232489391112,0.9090862505807366,0.86375
source,NO_ERROR_INDICATOR,2,PhyGuard,83,blockage,blockage,0.9791800911848648,0.9991633583519028,0.98
source,NO_ERROR_INDICATOR,2,PhyGuard,104,mobility,mobility,0.9964155546553104,0.9989128367471783,0.9975
source,NO_ERROR_INDICATOR,2,PhyGuard,216,normal,ABSTAIN,0.1081999529732715,0.1625030582827606,0.6658333333333334
source,NO_ERROR_INDICATOR,2,PhyGuard,107,mobility,mobility,0.9131093976306688,0.9943115037720528,0.9183333333333334
source,NO_ERROR_INDICATOR,2,PhyGuard,677,adaptation_mismatch,adaptation_mismatch,0.3722663561152461,0.5676234146611123,0.6558333333333333
source,NO_ERROR_INDICATOR,2,PhyGuard,824,interference,ABSTAIN,0.0244334747994558,0.0870034710959852,0.2808333333333334
source,NO_ERROR_INDICATOR,2,PhyGuard,39,interference,interference,0.9854166598264784,0.9999999930585828,0.9854166666666668
source,NO_ERROR_INDICATOR,2,PhyGuard,621,blockage,blockage,0.7692978493877182,0.9400788383556634,0.8183333333333336
source,NO_ERROR_INDICATOR,2,PhyGuard,846,interference,adaptation_mismatch,0.6721547606725455,0.9999999981667668,0.6721547619047621
source,NO_ERROR_INDICATOR,2,PhyGuard,284,interference,interference,0.46793258829011,0.998078752129634,0.4688333333333333
source,NO_ERROR_INDICATOR,2,PhyGuard,913,mobility,mobility,0.9173306730684282,0.9622349717500996,0.9533333333333333
source,NO_ERROR_INDICATOR,2,PhyGuard,86,blockage,blockage,0.9765897134988784,0.977404217013056,0.9991666666666664
source,NO_ERROR_INDICATOR,2,PhyGuard,969,adaptation_mismatch,adaptation_mismatch,0.6041510882917941,0.9999742151036592,0.6041666666666667
source,NO_ERROR_INDICATOR,2,PhyGuard,51,blockage,blockage,0.7260228651222733,0.7549304086882961,0.9617083333333332
source,NO_ERROR_INDICATOR,2,PhyGuard,283,interference,blockage,0.5169196497047203,0.9574063584591208,0.5399166666666666
source,NO_ERROR_INDICATOR,2,PhyGuard,1021,normal,ABSTAIN,0.0823130768299207,0.1663730709043369,0.4947499999999998
source,NO_ERROR_INDICATOR,2,PhyGuard,932,mobility,mobility,0.957165182960626,0.9660203696827177,0.9908333333333332
source,NO_ERROR_INDICATOR,2,PhyGuard,785,nonphysical_goodput,blockage,0.3030816431642767,0.6927580415183469,0.4375
source,NO_ERROR_INDICATOR,2,PhyGuard,673,mobility,mobility,0.8021003904050946,0.8150046303862095,0.9841666666666667
source,NO_ERROR_INDICATOR,2,PhyGuard,304,interference,interference,0.833424008335582,0.9998088673424956,0.8335833333333333
source,NO_ERROR_INDICATOR,2,PhyGuard,606,blockage,blockage,0.6322862523454791,0.8046060475234091,0.7858333333333334
source,NO_ERROR_INDICATOR,2,PhyGuard,1075,nonphysical_goodput,ABSTAIN,0.018244907611902,0.0527182497815613,0.3460833333333333
source,NO_ERROR_INDICATOR,2,PhyGuard,920,mobility,mobility,0.976922983268004,0.991799983013202,0.985
source,NO_ERROR_INDICATOR,2,PhyGuard,883,blockage,blockage,0.5444128600927115,0.9890922514931928,0.5504166666666667
source,NO_ERROR_INDICATOR,2,PhyGuard,742,normal,ABSTAIN,0.0685916840355025,0.109958233152965,0.6237976190476191
source,NO_ERROR_INDICATOR,2,PhyGuard,273,interference,ABSTAIN,0.1005474502688997,0.2043301275574592,0.4920833333333334
source,NO_ERROR_INDICATOR,2,PhyGuard,516,nonphysical_goodput,blockage,0.4188694010695821,0.8003873905788195,0.5233333333333333
source,NO_ERROR_INDICATOR,2,PhyGuard,567,interference,interference,0.6788929196677469,0.9539478964886372,0.7116666666666667
source,NO_ERROR_INDICATOR,2,PhyGuard,416,adaptation_mismatch,adaptation_mismatch,0.4765824558083513,0.7482650097736773,0.6369166666666667
source,NO_ERROR_INDICATOR,2,PhyGuard,192,normal,ABSTAIN,0.0257416640209584,0.076298510153864,0.3373809523809525
source,NO_ERROR_INDICATOR,3,PhyGuard,179,adaptation_mismatch,adaptation_mismatch,0.9441666629621828,0.9999999960764512,0.9441666666666668
source,NO_ERROR_INDICATOR,3,PhyGuard,38,interference,interference,0.9958333216744384,0.9999999882923232,0.9958333333333332
source,NO_ERROR_INDICATOR,3,PhyGuard,600,blockage,blockage,0.4775192912247605,0.6609263546363469,0.7224999999999998
source,NO_ERROR_INDICATOR,3,PhyGuard,395,mobility,mobility,0.5913472620235116,0.6424777858109679,0.9204166666666664
source,NO_ERROR_INDICATOR,3,PhyGuard,621,blockage,blockage,0.7841481414754731,0.9257036593906224,0.8470833333333333
source,NO_ERROR_INDICATOR,3,PhyGuard,541,interference,ABSTAIN,0.1239312747631502,0.2402544906555415,0.5158333333333334
source,NO_ERROR_INDICATOR,3,PhyGuard,380,mobility,mobility,0.9983881778039434,0.9983881778039434,1.0
source,NO_ERROR_INDICATOR,3,PhyGuard,409,adaptation_mismatch,interference,0.2596741030776224,0.559140361911263,0.4644166666666666
source,NO_ERROR_INDICATOR,3,PhyGuard,891,blockage,blockage,0.9942934661033928,0.9942934661033928,1.0
source,NO_ERROR_INDICATOR,3,PhyGuard,355,blockage,blockage,0.8231790671142356,0.8955710612303562,0.9191666666666664
source,NO_ERROR_INDICATOR,3,PhyGuard,459,normal,ABSTAIN,0.0374633028857458,0.0934635415029003,0.4008333333333331
source,NO_ERROR_INDICATOR,3,PhyGuard,959,adaptation_mismatch,adaptation_mismatch,0.2862983045284654,0.5852776242489923,0.4891666666666666
source,NO_ERROR_INDICATOR,3,PhyGuard,701,adaptation_mismatch,adaptation_mismatch,0.3596901071900145,0.9888387826529608,0.36375
source,NO_ERROR_INDICATOR,3,PhyGuard,9,interference,blockage,0.6316470759746807,0.992115826138242,0.6366666666666666
source,NO_ERROR_INDICATOR,3,PhyGuard,881,blockage,ABSTAIN,0.3943833166177227,0.438203685130803,0.9
source,NO_ERROR_INDICATOR,3,PhyGuard,672,mobility,mobility,0.7152985000938018,0.8642349980996397,0.8276666666666668
source,NO_ERROR_INDICATOR,3,PhyGuard,292,interference,interference,0.7912909166536178,0.999573194873224,0.791628787878788
source,NO_ERROR_INDICATOR,3,PhyGuard,804,nonphysical_goodput,ABSTAIN,0.1333565694024661,0.2958001539426236,0.4508333333333333
source,NO_ERROR_INDICATOR,3,PhyGuard,77,blockage,blockage,0.990337807939768,0.990337807939768,1.0
source,NO_ERROR_INDICATOR,3,PhyGuard,566,interference,interference,0.9085293250767776,0.9911638572679418,0.916628787878788
source,NO_ERROR_INDICATOR,3,PhyGuard,375,mobility,mobility,0.9943857291125104,0.9985463388577508,0.9958333333333336
source,NO_ERROR_INDICATOR,3,PhyGuard,831,interference,interference,0.6849427143130323,0.9999771971234728,0.6849583333333336
source,NO_ERROR_INDICATOR,3,PhyGuard,56,blockage,blockage,0.4807649968640229,0.7854567681917326,0.6120833333333333
source,NO_ERROR_INDICATOR,3,PhyGuard,748,normal,ABSTAIN,0.1602471416892378,0.3142100817436035,0.5100000000000001
source,NO_ERROR_INDICATOR,3,PhyGuard,281,interference,blockage,0.4828753743030674,0.9755058066728634,0.495
source,NO_ERROR_INDICATOR,3,PhyGuard,647,mobility,ABSTAIN,0.2630142517054438,0.3057712672413608,0.8601666666666666
source,NO_ERROR_INDICATOR,3,PhyGuard,754,normal,ABSTAIN,0.017787207950001,0.0465836960715872,0.3818333333333333
source,NO_ERROR_INDICATOR,3,PhyGuard,791,nonphysical_goodput,ABSTAIN,0.066304954115001,0.128872602750245,0.5144999999999998
source,NO_ERROR_INDICATOR,3,PhyGuard,715,adaptation_mismatch,adaptation_mismatch,0.8472120794824947,0.9947695649500916,0.8516666666666666
source,NO_ERROR_INDICATOR,3,PhyGuard,359,blockage,blockage,0.869312682417694,0.9535422476245272,0.9116666666666668
source,NO_ERROR_INDICATOR,3,PhyGuard,992,normal,ABSTAIN,0.1804025020252546,0.3560575697866869,0.5066666666666666
source,NO_ERROR_INDICATOR,3,PhyGuard,482,normal,ABSTAIN,0.0168833421394321,0.0483878924464261,0.3489166666666666
source,NO_ERROR_INDICATOR,3,PhyGuard,112,mobility,mobility,0.998895311220451,0.998895311220451,1.0
source,NO_ERROR_INDICATOR,3,PhyGuard,25,interference,interference,0.9878775695476107,0.999998766719974,0.9878787878787878
source,NO_ERROR_INDICATOR,3,PhyGuard,841,interference,interference,0.9832915901016162,0.9999999221339374,0.9832916666666668
source,NO_ERROR_INDICATOR,3,PhyGuard,1014,normal,ABSTAIN,0.0421729952834069,0.1063503933895581,0.396547619047619
source,NO_ERROR_INDICATOR,3,PhyGuard,982,adaptation_mismatch,adaptation_mismatch,0.6611477456269809,0.9997193734278944,0.6613333333333334
source,NO_ERROR_INDICATOR,3,PhyGuard,814,interference,interference,0.2130086042508526,0.5461759083355198,0.3899999999999999
source,NO_ERROR_INDICATOR,3,PhyGuard,933,mobility,mobility,0.6598743187254064,0.7024298611465338,0.9394166666666668
source,NO_ERROR_INDICATOR,3,PhyGuard,385,mobility,mobility,0.7687446879350441,0.9967516213096196,0.77125
source,NO_ERROR_INDICATOR,3,PhyGuard,769,nonphysical_goodput,ABSTAIN,0.0309830831722917,0.0626749906435281,0.494345238095238
source,NO_ERROR_INDICATOR,3,PhyGuard,246,nonphysical_goodput,ABSTAIN,0.0218162273512079,0.0584270077315946,0.3733928571428571
source,NO_ERROR_INDICATOR,3,PhyGuard,834,interference,ABSTAIN,0.1463060569415799,0.193590548384492,0.7557500000000001
source,NO_ERROR_INDICATOR,3,PhyGuard,369,mobility,mobility,0.7780828035683354,0.7973521471238278,0.9758333333333332
source,NO_ERROR_INDICATOR,3,PhyGuard,46,blockage,blockage,0.972474949771284,0.9902163256050412,0.9820833333333332
source,NO_ERROR_INDICATOR,3,PhyGuard,99,mobility,mobility,0.99448263511022,0.9994800352866532,0.995
source,NO_ERROR_INDICATOR,3,PhyGuard,1060,nonphysical_goodput,ABSTAIN,0.0242093737217166,0.0690873923092984,0.3504166666666667
source,NO_ERROR_INDICATOR,3,PhyGuard,256,nonphysical_goodput,ABSTAIN,0.0131831410682638,0.0335876205560861,0.3924999999999999
source,NO_ERROR_INDICATOR,3,PhyGuard,819,interference,ABSTAIN,0.112076389292122,0.2350959345870457,0.4767261904761905
source,NO_ERROR_INDICATOR,3,PhyGuard,587,blockage,ABSTAIN,0.1574666021182988,0.2046128018862573,0.7695833333333333
source,NO_ERROR_INDICATOR,3,PhyGuard,243,nonphysical_goodput,ABSTAIN,0.0069087284219949,0.0178289765728902,0.3875
source,NO_ERROR_INDICATOR,3,PhyGuard,951,adaptation_mismatch,adaptation_mismatch,0.4400727505877371,0.9982746705203872,0.4408333333333331
source,NO_ERROR_INDICATOR,3,PhyGuard,199,normal,ABSTAIN,0.058894544199333,0.0839352173862228,0.7016666666666665
source,NO_ERROR_INDICATOR,3,PhyGuard,129,mobility,mobility,0.9998862865623156,0.9998862865623156,1.0
source,NO_ERROR_INDICATOR,3,PhyGuard,781,nonphysical_goodput,ABSTAIN,0.1389885358762689,0.3213607765925291,0.4325000000000001
source,NO_ERROR_INDICATOR,3,PhyGuard,328,blockage,ABSTAIN,0.0314278767130679,0.0885084535453686,0.3550833333333334
source,NO_ERROR_INDICATOR,3,PhyGuard,911,mobility,mobility,0.9272210805588044,0.9477557893275684,0.9783333333333332
source,NO_ERROR_INDICATOR,3,PhyGuard,453,normal,ABSTAIN,0.0356048784240183,0.0893712770840442,0.3983928571428571
source,NO_ERROR_INDICATOR,3,PhyGuard,723,normal,ABSTAIN,0.0893586863136893,0.1660170670017452,0.53825
source,NO_ERROR_INDICATOR,3,PhyGuard,914,mobility,mobility,0.9508300330808178,0.9564090860829686,0.9941666666666664
source,NO_ERROR_INDICATOR,3,PhyGuard,81,blockage,blockage,0.9855476213511104,0.9865341555066168,0.999
source,NO_ERROR_INDICATOR,3,PhyGuard,642,mobility,ABSTAIN,0.1312257205471228,0.2345061275600111,0.5595833333333331
source,NO_ERROR_INDICATOR,3,PhyGuard,546,interference,interference,0.6202209068967135,0.9612102392820046,0.6452500000000001
source,NO_ERROR_INDICATOR,3,PhyGuard,196,normal,ABSTAIN,0.013930507114844,0.0302727427341774,0.4601666666666668
source,NO_ERROR_INDICATOR,3,PhyGuard,745,normal,ABSTAIN,0.2145860912560438,0.4496303640776195,0.4772499999999998
source,NO_ERROR_INDICATOR,3,PhyGuard,368,mobility,mobility,0.6779972625857813,0.9691443896401876,0.6995833333333333
source,NO_ERROR_INDICATOR,3,PhyGuard,513,nonphysical_goodput,ABSTAIN,0.0427742959164402,0.1022056850229264,0.4185119047619047
source,NO_ERROR_INDICATOR,3,PhyGuard,727,normal,ABSTAIN,0.0350393923104624,0.0518525968338327,0.6757499999999999
source,NO_ERROR_INDICATOR,3,PhyGuard,404,mobility,mobility,0.9760416805078226,0.9985081130514808,0.9775
source,NO_ERROR_INDICATOR,3,PhyGuard,152,adaptation_mismatch,adaptation_mismatch,0.8973043757924057,0.999967729337748,0.8973333333333333
source,NO_ERROR_INDICATOR,3,PhyGuard,329,blockage,adaptation_mismatch,0.3036283982271183,0.7323700057739541,0.4145833333333332
source,NO_ERROR_INDICATOR,3,PhyGuard,391,mobility,mobility,0.9582145595478478,0.989550319670755,0.9683333333333334
source,NO_ERROR_INDICATOR,3,PhyGuard,517,nonphysical_goodput,ABSTAIN,0.0140894521744922,0.0353340493404194,0.39875
source,NO_ERROR_INDICATOR,3,PhyGuard,154,adaptation_mismatch,adaptation_mismatch,0.899173050869527,0.9995439194473672,0.899583333333333
source,NO_ERROR_INDICATOR,3,PhyGuard,952,adaptation_mismatch,adaptation_mismatch,0.8112100035367449,0.999950697734046,0.81125
source,NO_ERROR_INDICATOR,3,PhyGuard,435,adaptation_mismatch,adaptation_mismatch,0.4220320956702614,0.999878607708418,0.4220833333333333
source,NO_ERROR_INDICATOR,3,PhyGuard,570,interference,interference,0.7867649515874021,0.9984326796794448,0.7879999999999997
source,NO_ERROR_INDICATOR,3,PhyGuard,1011,normal,mobility,0.3395760622584066,0.5726409144323891,0.5929999999999999
source,NO_ERROR_INDICATOR,3,PhyGuard,253,nonphysical_goodput,ABSTAIN,0.0468938258544364,0.077617366931481,0.6041666666666666
source,NO_ERROR_INDICATOR,3,PhyGuard,180,normal,ABSTAIN,0.0178916940701964,0.0491642612416663,0.3639166666666666
source,NO_ERROR_INDICATOR,3,PhyGuard,212,normal,ABSTAIN,0.0521777842365554,0.0896397152238604,0.5820833333333333
source,NO_ERROR_INDICATOR,3,PhyGuard,211,normal,ABSTAIN,0.0496027713247649,0.0818109717510359,0.6063095238095237
source,NO_ERROR_INDICATOR,3,PhyGuard,753,normal,ABSTAIN,0.0679601077538949,0.1313238797176714,0.5175
source,NO_ERROR_INDICATOR,3,PhyGuard,593,blockage,ABSTAIN,0.3098250351299869,0.4220091284403909,0.7341666666666665
source,NO_ERROR_INDICATOR,3,PhyGuard,977,adaptation_mismatch,adaptation_mismatch,0.8969159012666452,0.999999146631956,0.8969166666666666
source,NO_ERROR_INDICATOR,3,PhyGuard,1020,normal,adaptation_mismatch,0.2521836661328495,0.6500975281620183,0.3879166666666666
source,NO_ERROR_INDICATOR,3,PhyGuard,489,normal,ABSTAIN,0.0599433609573898,0.1384639714126425,0.4329166666666667
source,NO_ERROR_INDICATOR,3,PhyGuard,295,interference,interference,0.8545354645788957,0.9984835029159445,0.8558333333333333
source,NO_ERROR_INDICATOR,3,PhyGuard,561,interference,interference,0.7485558832824043,0.9648410955304892,0.7758333333333332
source,NO_ERROR_INDICATOR,3,PhyGuard,23,interference,interference,0.9945450915414716,0.999999635005136,0.9945454545454544
source,NO_ERROR_INDICATOR,3,PhyGuard,989,adaptation_mismatch,adaptation_mismatch,0.7304166384150583,0.9999999613212436,0.7304166666666667
source,NO_ERROR_INDICATOR,3,PhyGuard,83,blockage,blockage,0.9777695449299292,0.999423725652398,0.9783333333333334
source,NO_ERROR_INDICATOR,3,PhyGuard,966,adaptation_mismatch,adaptation_mismatch,0.5259955179569344,0.9999914790055782,0.5260000000000004
source,NO_ERROR_INDICATOR,3,PhyGuard,702,adaptation_mismatch,adaptation_mismatch,0.8100361761804638,0.9222423258221598,0.8783333333333334
source,NO_ERROR_INDICATOR,3,PhyGuard,508,nonphysical_goodput,ABSTAIN,0.1293857446790235,0.2954574569264097,0.4379166666666666
source,NO_ERROR_INDICATOR,3,PhyGuard,612,blockage,blockage,0.5763662851251106,0.7444989689452451,0.7741666666666666
source,NO_ERROR_INDICATOR,3,PhyGuard,934,mobility,mobility,0.8259501237841343,0.8522271268623912,0.9691666666666668
source,NO_ERROR_INDICATOR,3,PhyGuard,504,nonphysical_goodput,blockage,0.755421336758223,0.8432610270789467,0.8958333333333333
source,NO_ERROR_INDICATOR,3,PhyGuard,796,nonphysical_goodput,ABSTAIN,0.1147171548712226,0.2820913644374327,0.4066666666666665
source,NO_ERROR_INDICATOR,3,PhyGuard,1033,normal,ABSTAIN,0.0268776639648257,0.0656219669537962,0.4095833333333333
source,NO_ERROR_INDICATOR,3,PhyGuard,176,adaptation_mismatch,adaptation_mismatch,0.932748672336894,0.9999985766141992,0.9327499999999996
source,NO_ERROR_INDICATOR,3,PhyGuard,823,interference,ABSTAIN,0.13106696248331,0.343481884647242,0.3815833333333332
source,NO_ERROR_INDICATOR,3,PhyGuard,333,blockage,blockage,0.706456502237564,0.9204644980293992,0.7675
source,NO_ERROR_INDICATOR,3,PhyGuard,177,adaptation_mismatch,adaptation_mismatch,0.9299994353545662,0.9999993928543722,0.93
source,NO_ERROR_INDICATOR,3,PhyGuard,537,nonphysical_goodput,ABSTAIN,0.016615226646088,0.0447548192487219,0.3712499999999999
source,NO_ERROR_INDICATOR,3,PhyGuard,1017,normal,ABSTAIN,0.0202000877904942,0.0474551788343638,0.4256666666666666
source,NO_ERROR_INDICATOR,3,PhyGuard,3,interference,interference,0.9565513258543094,0.9998358878316894,0.9567083333333336
source,NO_ERROR_INDICATOR,3,PhyGuard,643,mobility,ABSTAIN,0.0758033289419009,0.1539898338843936,0.4922619047619046
source,NO_ERROR_INDICATOR,3,PhyGuard,138,adaptation_mismatch,adaptation_mismatch,0.7369158620538736,0.9988693487683816,0.73775
source,NO_ERROR_INDICATOR,3,PhyGuard,59,blockage,blockage,0.984593636736614,0.9903707997350684,0.9941666666666668
source,NO_ERROR_INDICATOR,3,PhyGuard,477,normal,ABSTAIN,0.0464046045190684,0.0724600200688122,0.6404166666666665
source,NO_ERROR_INDICATOR,3,PhyGuard,772,nonphysical_goodput,ABSTAIN,0.0360017136587602,0.0736338920705104,0.4889285714285715
source,NO_ERROR_INDICATOR,3,PhyGuard,699,adaptation_mismatch,interference,0.548901929830855,0.9736619597886564,0.56375
source,NO_ERROR_INDICATOR,3,PhyGuard,114,mobility,mobility,0.9991156572191824,0.9991156572191824,1.0
source,NO_ERROR_INDICATOR,3,PhyGuard,862,blockage,blockage,0.902135115596156,0.9881899942632468,0.9129166666666668
source,NO_ERROR_INDICATOR,3,PhyGuard,547,interference,interference,0.5457166477510196,0.9559999668630998,0.5708333333333334
source,NO_ERROR_INDICATOR,3,PhyGuard,125,mobility,mobility,0.9736600582779636,0.9736600582779636,1.0
source,NO_ERROR_INDICATOR,3,PhyGuard,788,nonphysical_goodput,ABSTAIN,0.0689715903746306,0.1936044642094894,0.35625
source,NO_ERROR_INDICATOR,3,PhyGuard,235,nonphysical_goodput,ABSTAIN,0.0727982397925053,0.1083844761178739,0.6716666666666667
source,NO_ERROR_INDICATOR,3,PhyGuard,1024,normal,ABSTAIN,0.0234276852895708,0.0599173536817668,0.391
source,NO_ERROR_INDICATOR,3,PhyGuard,258,nonphysical_goodput,ABSTAIN,0.0607355615293466,0.0971121570089486,0.6254166666666665
source,NO_ERROR_INDICATOR,3,PhyGuard,284,interference,interference,0.4816507520987707,0.998239900722841,0.4825
source,NO_ERROR_INDICATOR,3,PhyGuard,185,normal,ABSTAIN,0.0538747504961786,0.0780793485451864,0.69
source,NO_ERROR_INDICATOR,3,PhyGuard,1072,nonphysical_goodput,ABSTAIN,0.0470814913973939,0.1233037749386135,0.3818333333333333
source,NO_ERROR_INDICATOR,3,PhyGuard,436,adaptation_mismatch,adaptation_mismatch,0.924826898102674,0.9999930417401413,0.9248333333333334
source,NO_ERROR_INDICATOR,3,PhyGuard,710,adaptation_mismatch,adaptation_mismatch,0.9284449105001624,0.9912223243773975,0.9366666666666668
source,NO_ERROR_INDICATOR,3,PhyGuard,494,normal,blockage,0.6001941061865899,0.7006156881555524,0.8566666666666666
source,NO_ERROR_INDICATOR,3,PhyGuard,681,adaptation_mismatch,ABSTAIN,0.0705421995195574,0.2096054035954306,0.336547619047619
source,NO_ERROR_INDICATOR,3,PhyGuard,922,mobility,mobility,0.6815018821762319,0.7407629154089478,0.9199999999999998
source,NO_ERROR_INDICATOR,3,PhyGuard,509,nonphysical_goodput,ABSTAIN,0.238227852300727,0.7155780294389797,0.3329166666666666
source,NO_ERROR_INDICATOR,3,PhyGuard,63,blockage,blockage,0.9640034711405904,0.9882991587942832,0.9754166666666668
source,NO_ERROR_INDICATOR,3,PhyGuard,910,mobility,mobility,0.9317780835837935,0.9697603645277988,0.9608333333333334
source,NO_ERROR_INDICATOR,3,PhyGuard,315,blockage,ABSTAIN,0.0720862749206187,0.0840656267295845,0.8575000000000002
source,NO_ERROR_INDICATOR,3,PhyGuard,654,mobility,mobility,0.3636797942955777,0.634325222608566,0.5733333333333331
source,NO_ERROR_INDICATOR,3,PhyGuard,40,interference,interference,0.9260034243206868,0.9999996073902662,0.9260037878787876
source,NO_ERROR_INDICATOR,3,PhyGuard,563,interference,interference,0.7918415997775244,0.984163562644256,0.8045833333333334
source,NO_ERROR_INDICATOR,3,PhyGuard,122,mobility,mobility,0.9940416683718928,0.9998742682701351,0.9941666666666664
source,NO_ERROR_INDICATOR,3,PhyGuard,60,blockage,blockage,0.9901366650053408,0.9917896477515936,0.9983333333333334
source,NO_ERROR_INDICATOR,3,PhyGuard,825,interference,interference,0.2827056966507793,0.7112092997503883,0.3975
source,NO_ERROR_INDICATOR,3,PhyGuard,733,normal,ABSTAIN,0.0542021814629987,0.1409985210396672,0.3844166666666666
source,NO_ERROR_INDICATOR,3,PhyGuard,456,normal,ABSTAIN,0.1003131840329493,0.3271082088030955,0.3066666666666667
source,NO_ERROR_INDICATOR,3,PhyGuard,662,mobility,mobility,0.2246761107116032,0.6419317448902949,0.35
source,NO_ERROR_INDICATOR,3,PhyGuard,145,adaptation_mismatch,adaptation_mismatch,0.7949997740209123,0.9999997157495756,0.7949999999999998
source,NO_ERROR_INDICATOR,3,PhyGuard,428,adaptation_mismatch,adaptation_mismatch,0.8881641403074575,0.9999971555347617,0.8881666666666667
source,NO_ERROR_INDICATOR,3,PhyGuard,71,blockage,blockage,0.9868093184816242,0.9901096840952752,0.9966666666666666
source,NO_ERROR_INDICATOR,3,PhyGuard,364,mobility,blockage,0.4562646054170428,0.9510465980553264,0.4797499999999999
source,NO_ERROR_INDICATOR,3,PhyGuard,96,mobility,mobility,0.999395804928689,0.999395804928689,1.0
source,NO_ERROR_INDICATOR,3,PhyGuard,896,blockage,blockage,0.6480512992431373,0.9106107249318088,0.7116666666666667
source,NO_ERROR_INDICATOR,3,PhyGuard,273,interference,ABSTAIN,0.1180068832370859,0.1964715317605538,0.6006309523809523
source,NO_ERROR_INDICATOR,3,PhyGuard,532,nonphysical_goodput,ABSTAIN,0.0758409531276911,0.1131954524293898,0.6699999999999997
source,NO_ERROR_INDICATOR,3,PhyGuard,519,nonphysical_goodput,blockage,0.3305409849697584,0.7862223626634489,0.4204166666666667
source,NO_ERROR_INDICATOR,3,PhyGuard,421,adaptation_mismatch,adaptation_mismatch,0.5944490297272677,0.999634018599665,0.5946666666666668
source,NO_ERROR_INDICATOR,3,PhyGuard,301,interference,interference,0.4730999953788861,0.8888680044694901,0.53225
source,NO_ERROR_INDICATOR,3,PhyGuard,342,blockage,blockage,0.5712792566405244,0.6629933345924848,0.8616666666666667
source,NO_ERROR_INDICATOR,3,PhyGuard,27,interference,interference,0.9874979924380264,0.9999979670258496,0.9875
source,NO_ERROR_INDICATOR,3,PhyGuard,153,adaptation_mismatch,adaptation_mismatch,0.9683257242400566,0.9999921420723475,0.9683333333333332
source,NO_ERROR_INDICATOR,3,PhyGuard,572,interference,interference,0.8775719838118244,0.998848886061073,0.8785833333333334
source,NO_ERROR_INDICATOR,3,PhyGuard,418,adaptation_mismatch,blockage,0.5030191279345303,0.9767361707466606,0.5150000000000001
source,NO_ERROR_INDICATOR,3,PhyGuard,632,mobility,ABSTAIN,0.1302829861055498,0.3673392465382042,0.3546666666666668
source,NO_ERROR_INDICATOR,3,PhyGuard,471,normal,ABSTAIN,0.0150638452783668,0.0391099401428822,0.3851666666666666
source,NO_ERROR_INDICATOR,3,PhyGuard,110,mobility,mobility,0.9963484674339836,0.9988455813874522,0.9975
source,NO_ERROR_INDICATOR,3,PhyGuard,915,mobility,mobility,0.987927703817431,0.9979067715327586,0.99
source,NO_ERROR_INDICATOR,3,PhyGuard,775,nonphysical_goodput,ABSTAIN,0.0391796110554452,0.1137289145295942,0.3445000000000001
source,NO_ERROR_INDICATOR,3,PhyGuard,1035,nonphysical_goodput,ABSTAIN,0.0296679561187426,0.0683068828520551,0.4343333333333333
source,NO_ERROR_INDICATOR,3,PhyGuard,873,blockage,blockage,0.9572180950206004,0.963238334611925,0.99375
source,NO_ERROR_INDICATOR,3,PhyGuard,939,mobility,mobility,0.992881629785396,0.9953700549227028,0.9975
source,NO_ERROR_INDICATOR,3,PhyGuard,871,blockage,blockage,0.9582660740050084,0.9703960243088692,0.9875
source,NO_ERROR_INDICATOR,3,PhyGuard,337,blockage,blockage,0.7026527980280926,0.9405280062841176,0.7470833333333331
source,NO_ERROR_INDICATOR,3,PhyGuard,628,blockage,blockage,0.8619535680562184,0.891291927330859,0.9670833333333334
source,NO_ERROR_INDICATOR,3,PhyGuard,228,nonphysical_goodput,ABSTAIN,0.0265279006610323,0.0499740671793387,0.5308333333333333
source,NO_ERROR_INDICATOR,3,PhyGuard,919,mobility,mobility,0.9791201162414052,0.9807547074204392,0.9983333333333334
source,NO_ERROR_INDICATOR,3,PhyGuard,717,adaptation_mismatch,adaptation_mismatch,0.8428698244249998,0.9999444283835884,0.8429166666666668
source,NO_ERROR_INDICATOR,3,PhyGuard,1071,nonphysical_goodput,ABSTAIN,0.0489017370105364,0.1132421544049474,0.4318333333333334
source,NO_ERROR_INDICATOR,3,PhyGuard,1053,nonphysical_goodput,blockage,0.2989811186581271,0.5675060778072644,0.5268333333333334
source,NO_ERROR_INDICATOR,3,PhyGuard,995,normal,blockage,0.2651988665869907,0.5931754704648441,0.4470833333333334
source,NO_ERROR_INDICATOR,3,PhyGuard,217,normal,ABSTAIN,0.0408093477653888,0.0663566630331525,0.6150000000000001
source,NO_ERROR_INDICATOR,3,PhyGuard,739,normal,ABSTAIN,0.0108218500682152,0.0251087008543277,0.431
source,NO_ERROR_INDICATOR,3,PhyGuard,675,adaptation_mismatch,adaptation_mismatch,0.2765128376608212,0.566044703502193,0.4884999999999998
source,NO_ERROR_INDICATOR,3,PhyGuard,898,blockage,blockage,0.8219922622825868,0.936298732547797,0.8779166666666667
source,NO_ERROR_INDICATOR,3,PhyGuard,760,normal,ABSTAIN,0.0320326817099957,0.0629841357561772,0.5085833333333333
source,NO_ERROR_INDICATOR,3,PhyGuard,304,interference,interference,0.851762781492906,0.9997215745221902,0.8519999999999999
source,NO_ERROR_INDICATOR,3,PhyGuard,187,normal,ABSTAIN,0.0090744205689189,0.0219985953185914,0.4125
source,NO_ERROR_INDICATOR,3,PhyGuard,805,nonphysical_goodput,ABSTAIN,0.0754270208444578,0.1019726997076346,0.7396785714285713
source,NO_ERROR_INDICATOR,3,PhyGuard,1038,nonphysical_goodput,blockage,0.258072202339763,0.6078246178757912,0.4245833333333333
source,NO_ERROR_INDICATOR,3,PhyGuard,148,adaptation_mismatch,adaptation_mismatch,0.53369929544467,0.9995928742525424,0.5339166666666667
source,NO_ERROR_INDICATOR,3,PhyGuard,6,interference,interference,0.8873654598644479,0.9999490039724136,0.8874107142857142
source,NO_ERROR_INDICATOR,3,PhyGuard,850,interference,interference,0.4329988981749705,0.8756929685012046,0.4944642857142856
source,NO_ERROR_INDICATOR,3,PhyGuard,314,interference,interference,0.8499578927483342,0.9999504620568638,0.85
source,NO_ERROR_INDICATOR,3,PhyGuard,624,blockage,blockage,0.8725907102526693,0.930763424269514,0.9375
source,NO_ERROR_INDICATOR,3,PhyGuard,257,nonphysical_goodput,ABSTAIN,0.0284649101044645,0.0966081797484858,0.2946428571428572
source,NO_ERROR_INDICATOR,3,PhyGuard,590,blockage,blockage,0.3726511086185486,0.6725542643138192,0.5540833333333334
source,NO_ERROR_INDICATOR,3,PhyGuard,474,normal,ABSTAIN,0.04926492759294,0.067409250982358,0.7308333333333334
source,NO_ERROR_INDICATOR,3,PhyGuard,607,blockage,blockage,0.577551961388302,0.7235226575487654,0.79825
source,NO_ERROR_INDICATOR,3,PhyGuard,406,adaptation_mismatch,ABSTAIN,0.3299008048811476,0.9550807378947578,0.3454166666666667
source,NO_ERROR_INDICATOR,3,PhyGuard,91,mobility,mobility,0.999213852437103,0.999213852437103,1.0
source,NO_ERROR_INDICATOR,3,PhyGuard,1047,nonphysical_goodput,ABSTAIN,0.0129195185114928,0.0291034770298317,0.4439166666666668
source,NO_ERROR_INDICATOR,3,PhyGuard,962,adaptation_mismatch,adaptation_mismatch,0.8414884041318099,0.999986220002151,0.8414999999999999
source,NO_ERROR_INDICATOR,3,PhyGuard,1074,nonphysical_goodput,ABSTAIN,0.0518833234970146,0.1395963860906223,0.3716666666666666
source,NO_ERROR_INDICATOR,3,PhyGuard,689,adaptation_mismatch,ABSTAIN,0.0811325509525235,0.1627106190763275,0.4986309523809523
source,NO_ERROR_INDICATOR,3,PhyGuard,1058,nonphysical_goodput,ABSTAIN,0.0634740350805935,0.1348598479049438,0.4706666666666665
source,NO_ERROR_INDICATOR,3,PhyGuard,238,nonphysical_goodput,ABSTAIN,0.0359841330474018,0.1102398765812669,0.3264166666666667
source,NO_ERROR_INDICATOR,3,PhyGuard,972,adaptation_mismatch,adaptation_mismatch,0.7007412616142706,0.9999875299525804,0.7007499999999999
source,NO_ERROR_INDICATOR,3,PhyGuard,426,adaptation_mismatch,adaptation_mismatch,0.8772481274081976,0.9992384934882176,0.8779166666666665
source,NO_ERROR_INDICATOR,3,PhyGuard,847,interference,adaptation_mismatch,0.7513294819250961,0.99999487390208,0.7513333333333334
source,NO_ERROR_INDICATOR,3,PhyGuard,997,normal,ABSTAIN,0.0008348069372935,0.0020435910337663,0.4085
source,NO_ERROR_INDICATOR,3,PhyGuard,584,interference,interference,0.8841386557175241,0.9999683193789152,0.8841666666666668
source,NO_ERROR_INDICATOR,3,PhyGuard,651,mobility,mobility,0.5216127937023705,0.8980421125435359,0.5808333333333333
source,NO_ERROR_INDICATOR,3,PhyGuard,286,interference,interference,0.8307737558932713,0.9787242362771704,0.8488333333333332
source,NO_ERROR_INDICATOR,3,PhyGuard,661,mobility,mobility,0.8577053026551845,0.979768075379554,0.8754166666666667
source,NO_ERROR_INDICATOR,3,PhyGuard,41,interference,interference,0.9702120729732968,0.999999950280126,0.9702121212121212
source,NO_ERROR_INDICATOR,3,PhyGuard,869,blockage,blockage,0.8453564763597177,0.9665819643941508,0.8745833333333334
source,NO_ERROR_INDICATOR,3,PhyGuard,534,nonphysical_goodput,ABSTAIN,0.0096044600424727,0.028655773373862,0.3351666666666667
source,NO_ERROR_INDICATOR,3,PhyGuard,437,adaptation_mismatch,adaptation_mismatch,0.8674979418050309,0.9999976274409575,0.8675000000000002
source,NO_ERROR_INDICATOR,3,PhyGuard,205,normal,ABSTAIN,0.0252840962492981,0.0600810207904113,0.4208333333333332
source,NO_ERROR_INDICATOR,3,PhyGuard,350,blockage,blockage,0.9856560666493404,0.9989757432256828,0.9866666666666666
source,NO_ERROR_INDICATOR,3,PhyGuard,859,blockage,ABSTAIN,0.1989745396201278,0.2433939322570371,0.8175
source,NO_ERROR_INDICATOR,4,PhyGuard,475,normal,ABSTAIN,0.0129166569939896,0.0356599032149221,0.3622179487179487
source,NO_ERROR_INDICATOR,4,PhyGuard,83,blockage,blockage,0.99364095979925,0.9998902740118238,0.99375
source,NO_ERROR_INDICATOR,4,PhyGuard,367,mobility,mobility,0.8741475915489726,0.982188305111205,0.8900000000000001
source,NO_ERROR_INDICATOR,4,PhyGuard,849,interference,interference,0.497662864518787,0.9999923600511456,0.4976666666666668
source,NO_ERROR_INDICATOR,4,PhyGuard,225,nonphysical_goodput,ABSTAIN,0.0378794025890181,0.0939293097214608,0.4032756410256409
source,NO_ERROR_INDICATOR,4,PhyGuard,446,adaptation_mismatch,adaptation_mismatch,0.8228550072928639,0.9998961420660606,0.8229404761904762
source,NO_ERROR_INDICATOR,4,PhyGuard,1005,normal,ABSTAIN,0.0154954267820722,0.0338266547907707,0.4580833333333333
source,NO_ERROR_INDICATOR,4,PhyGuard,192,normal,ABSTAIN,0.0261576074566612,0.06383397361344,0.409775641025641
source,NO_ERROR_INDICATOR,4,PhyGuard,945,adaptation_mismatch,ABSTAIN,0.3900189170892931,0.9541747207077508,0.40875
source,NO_ERROR_INDICATOR,4,PhyGuard,980,adaptation_mismatch,adaptation_mismatch,0.8587495848338165,0.9999995165459288,0.85875
source,NO_ERROR_INDICATOR,4,PhyGuard,904,mobility,mobility,0.740646564433584,0.8505032318854552,0.8708333333333335
source,NO_ERROR_INDICATOR,4,PhyGuard,119,mobility,mobility,0.9889868471249964,0.991465510902252,0.9975
source,NO_ERROR_INDICATOR,4,PhyGuard,288,interference,interference,0.8537214596496362,0.9999665705998668,0.85375
source,NO_ERROR_INDICATOR,4,PhyGuard,958,adaptation_mismatch,ABSTAIN,0.3427985456180162,0.9517775445201744,0.3601666666666667
source,NO_ERROR_INDICATOR,4,PhyGuard,472,normal,ABSTAIN,0.0376466469344227,0.1012233392814415,0.3719166666666665
source,NO_ERROR_INDICATOR,4,PhyGuard,502,nonphysical_goodput,ABSTAIN,0.0150437252411803,0.0329004379249434,0.45725
source,NO_ERROR_INDICATOR,4,PhyGuard,494,normal,blockage,0.5887994494649971,0.6711239925512885,0.8773333333333332
source,NO_ERROR_INDICATOR,4,PhyGuard,358,blockage,blockage,0.9940665102795948,0.9983928794237644,0.9956666666666666
source,NO_ERROR_INDICATOR,4,PhyGuard,793,nonphysical_goodput,ABSTAIN,0.0314032800229042,0.0961324898660333,0.3266666666666667
source,NO_ERROR_INDICATOR,4,PhyGuard,152,adaptation_mismatch,adaptation_mismatch,0.8591547305115864,0.9999861072879762,0.8591666666666669
source,NO_ERROR_INDICATOR,4,PhyGuard,905,mobility,ABSTAIN,0.223916032776095,0.242727406803355,0.9225
source,NO_ERROR_INDICATOR,4,PhyGuard,580,interference,interference,0.8970031118235184,0.999870768772732,0.8971190476190478
source,NO_ERROR_INDICATOR,4,PhyGuard,407,adaptation_mismatch,adaptation_mismatch,0.6066637290029598,0.9999951576971868,0.6066666666666665
source,NO_ERROR_INDICATOR,4,PhyGuard,514,nonphysical_goodput,ABSTAIN,0.1143066499726692,0.278626812852332,0.41025
source,NO_ERROR_INDICATOR,4,PhyGuard,1041,nonphysical_goodput,ABSTAIN,0.0405739386127136,0.0658578741177551,0.6160833333333333
source,NO_ERROR_INDICATOR,4,PhyGuard,693,adaptation_mismatch,adaptation_mismatch,0.6538690202513772,0.9074162418198828,0.7205833333333332
source,NO_ERROR_INDICATOR,4,PhyGuard,457,normal,ABSTAIN,0.1432875690615509,0.2466577002924416,0.5809166666666666
source,NO_ERROR_INDICATOR,4,PhyGuard,779,nonphysical_goodput,ABSTAIN,0.0841434243525525,0.1627270092233086,0.5170833333333333
source,NO_ERROR_INDICATOR,4,PhyGuard,175,adaptation_mismatch,interference,0.914951494762062,0.9999990314355832,0.9149523809523812
source,NO_ERROR_INDICATOR,4,PhyGuard,948,adaptation_mismatch,adaptation_mismatch,0.6035881333321824,0.9997318978586872,0.6037499999999999
source,NO_ERROR_INDICATOR,4,PhyGuard,164,adaptation_mismatch,adaptation_mismatch,0.8907415030452792,0.999990460898433,0.89075
source,NO_ERROR_INDICATOR,4,PhyGuard,809,nonphysical_goodput,ABSTAIN,0.0390739022467203,0.0837269974381126,0.4666822344322344
source,NO_ERROR_INDICATOR,4,PhyGuard,638,mobility,ABSTAIN,0.0514758315618456,0.1258321407093395,0.4090833333333333
source,NO_ERROR_INDICATOR,4,PhyGuard,346,blockage,blockage,0.4508695153523256,0.7488490220384646,0.6020833333333334
source,NO_ERROR_INDICATOR,4,PhyGuard,713,adaptation_mismatch,adaptation_mismatch,0.8198716701115597,0.9998435001360484,0.82
source,NO_ERROR_INDICATOR,4,PhyGuard,719,adaptation_mismatch,adaptation_mismatch,0.9382071583550372,0.9969437616453066,0.9410833333333332
source,NO_ERROR_INDICATOR,4,PhyGuard,629,blockage,blockage,0.8332645754376214,0.8658793648468529,0.9623333333333334
source,NO_ERROR_INDICATOR,4,PhyGuard,742,normal,ABSTAIN,0.0801903864201102,0.1466673734249844,0.5467500000000001
source,NO_ERROR_INDICATOR,4,PhyGuard,154,adaptation_mismatch,adaptation_mismatch,0.8652656926380223,0.999825547583656,0.8654166666666666
source,NO_ERROR_INDICATOR,4,PhyGuard,110,mobility,mobility,0.9953267342978734,0.9969883816005408,0.9983333333333334
source,NO_ERROR_INDICATOR,4,PhyGuard,51,blockage,blockage,0.7580964146855569,0.8896975037874506,0.8520833333333333
source,NO_ERROR_INDICATOR,4,PhyGuard,501,nonphysical_goodput,ABSTAIN,0.0450309399967204,0.1347559301647493,0.3341666666666666
source,NO_ERROR_INDICATOR,4,PhyGuard,555,interference,interference,0.7059444376777271,0.998154029943764,0.7072499999999999
source,NO_ERROR_INDICATOR,4,PhyGuard,1047,nonphysical_goodput,ABSTAIN,0.0059850808876444,0.0162050926560769,0.3693333333333333
source,NO_ERROR_INDICATOR,4,PhyGuard,216,normal,ABSTAIN,0.1246460772573222,0.18328059393308,0.6800833333333334
source,NO_ERROR_INDICATOR,4,PhyGuard,979,adaptation_mismatch,adaptation_mismatch,0.7814806977642978,0.9999999085499296,0.7814807692307691
source,NO_ERROR_INDICATOR,4,PhyGuard,509,nonphysical_goodput,ABSTAIN,0.3050577116900823,0.8079215493888738,0.3775833333333333
source,NO_ERROR_INDICATOR,4,PhyGuard,1066,nonphysical_goodput,ABSTAIN,0.0426532684520268,0.1174751483645449,0.3630833333333333
source,NO_ERROR_INDICATOR,4,PhyGuard,230,nonphysical_goodput,ABSTAIN,0.0223872337786974,0.0580568276864235,0.3856089743589745
source,NO_ERROR_INDICATOR,4,PhyGuard,125,mobility,mobility,0.9479969188886196,0.9543593143174024,0.9933333333333332
source,NO_ERROR_INDICATOR,4,PhyGuard,798,nonphysical_goodput,ABSTAIN,0.0606249037292757,0.1500306959685107,0.4040833333333334
source,NO_ERROR_INDICATOR,4,PhyGuard,370,mobility,mobility,0.9874349386385796,0.997409028927858,0.99
source,NO_ERROR_INDICATOR,4,PhyGuard,221,normal,ABSTAIN,0.0447524411101437,0.087062662906949,0.514025641025641
source,NO_ERROR_INDICATOR,4,PhyGuard,534,nonphysical_goodput,ABSTAIN,0.013037306993753,0.0328257834504903,0.3971666666666666
source,NO_ERROR_INDICATOR,4,PhyGuard,240,nonphysical_goodput,ABSTAIN,0.0387243139887162,0.0666798346770834,0.58075
source,NO_ERROR_INDICATOR,4,PhyGuard,1030,normal,blockage,0.3860013471424444,0.8186666959542828,0.4715000000000001
source,NO_ERROR_INDICATOR,4,PhyGuard,409,adaptation_mismatch,ABSTAIN,0.2669935137823093,0.452001000022141,0.5906923076923077
source,NO_ERROR_INDICATOR,4,PhyGuard,493,normal,ABSTAIN,0.0588689841528028,0.1167649272452287,0.5041666666666665
source,NO_ERROR_INDICATOR,4,PhyGuard,961,adaptation_mismatch,interference,0.7449018484312556,0.9999960887973128,0.744904761904762
source,NO_ERROR_INDICATOR,4,PhyGuard,704,adaptation_mismatch,adaptation_mismatch,0.8218886736650932,0.9535593235986772,0.8619166666666668
source,NO_ERROR_INDICATOR,4,PhyGuard,16,interference,interference,0.8650833332460616,0.9999999998991174,0.8650833333333334
source,NO_ERROR_INDICATOR,4,PhyGuard,283,interference,blockage,0.4725116380138643,0.97241290621958,0.4859166666666668
source,NO_ERROR_INDICATOR,4,PhyGuard,932,mobility,mobility,0.9579646806546528,0.9627785735222644,0.995
source,NO_ERROR_INDICATOR,4,PhyGuard,596,blockage,ABSTAIN,0.2999044388511762,0.4018371221766542,0.7463333333333333
source,NO_ERROR_INDICATOR,4,PhyGuard,818,interference,ABSTAIN,0.2717428733551591,0.7081247514140956,0.3837499999999999
source,NO_ERROR_INDICATOR,4,PhyGuard,614,blockage,blockage,0.5299758034505097,0.8004669152178875,0.6620833333333332
source,NO_ERROR_INDICATOR,4,PhyGuard,890,blockage,blockage,0.803672538084762,0.9987645460871112,0.8046666666666666
source,NO_ERROR_INDICATOR,4,PhyGuard,883,blockage,blockage,0.5340172625844435,0.9978522502356464,0.5351666666666667
source,NO_ERROR_INDICATOR,4,PhyGuard,186,normal,blockage,0.4862275991332476,0.9572979802459346,0.5079166666666667
source,NO_ERROR_INDICATOR,4,PhyGuard,98,mobility,mobility,0.986045769044742,0.9960058273179212,0.99
source,NO_ERROR_INDICATOR,4,PhyGuard,584,interference,interference,0.8645791021505079,0.9999951061017924,0.8645833333333333
source,NO_ERROR_INDICATOR,4,PhyGuard,89,blockage,blockage,0.985324500758208,0.9896128229911696,0.9956666666666666
source,NO_ERROR_INDICATOR,4,PhyGuard,648,mobility,mobility,0.4849143989691994,0.6129751172053506,0.7910833333333334
source,NO_ERROR_INDICATOR,4,PhyGuard,41,interference,interference,0.9832499997129156,0.9999999997080252,0.98325
source,NO_ERROR_INDICATOR,4,PhyGuard,543,interference,ABSTAIN,0.2339845830452093,0.5283806918597124,0.4428333333333334
source,NO_ERROR_INDICATOR,4,PhyGuard,911,mobility,mobility,0.9143234505078164,0.9251164760618716,0.9883333333333334
source,NO_ERROR_INDICATOR,4,PhyGuard,775,nonphysical_goodput,ABSTAIN,0.0483190662416358,0.1287364109457439,0.3753333333333334
source,NO_ERROR_INDICATOR,4,PhyGuard,814,interference,ABSTAIN,0.207085620194152,0.5610809307585968,0.3690833333333333
source,NO_ERROR_INDICATOR,4,PhyGuard,674,mobility,ABSTAIN,0.203422050496166,0.2596877240376587,0.7833333333333333
source,NO_ERROR_INDICATOR,4,PhyGuard,1022,normal,ABSTAIN,0.0374822020260051,0.0576615142699327,0.6500384615384616
source,NO_ERROR_INDICATOR,4,PhyGuard,671,mobility,ABSTAIN,0.2896296884659401,0.3702672496081708,0.7822179487179488
source,NO_ERROR_INDICATOR,4,PhyGuard,929,mobility,mobility,0.99507538056692,0.9984033918731638,0.9966666666666666
source,NO_ERROR_INDICATOR,4,PhyGuard,778,nonphysical_goodput,ABSTAIN,0.0680472028455637,0.0832891099700902,0.8170000000000001
source,NO_ERROR_INDICATOR,4,PhyGuard,792,nonphysical_goodput,ABSTAIN,0.0798127583724102,0.1754126557635391,0.4549999999999999
source,NO_ERROR_INDICATOR,4,PhyGuard,867,blockage,ABSTAIN,0.0041375326414152,0.0104772923513468,0.3949047619047619
source,NO_ERROR_INDICATOR,4,PhyGuard,1015,normal,ABSTAIN,0.1965667862288629,0.4939898292662522,0.3979166666666667
source,NO_ERROR_INDICATOR,4,PhyGuard,387,mobility,mobility,0.903564479938326,0.9651748049902004,0.9361666666666668
source,NO_ERROR_INDICATOR,4,PhyGuard,971,adaptation_mismatch,adaptation_mismatch,0.8918955236095438,0.999976294806552,0.8919166666666666
source,NO_ERROR_INDICATOR,4,PhyGuard,277,interference,ABSTAIN,0.2745253047633215,0.7753126987902702,0.3540833333333333
source,NO_ERROR_INDICATOR,4,PhyGuard,206,normal,ABSTAIN,0.0274816915055509,0.0383318032855516,0.7169423076923076
source,NO_ERROR_INDICATOR,4,PhyGuard,600,blockage,blockage,0.5164867044389966,0.6732392410675602,0.7671666666666667
source,NO_ERROR_INDICATOR,4,PhyGuard,313,interference,adaptation_mismatch,0.472579659815117,0.9999922267292196,0.4725833333333332
source,NO_ERROR_INDICATOR,4,PhyGuard,1049,nonphysical_goodput,ABSTAIN,0.0289565722664535,0.0523918496122333,0.5526923076923077
source,NO_ERROR_INDICATOR,4,PhyGuard,173,adaptation_mismatch,adaptation_mismatch,0.9792307561333166,0.9999999866247538,0.9792307692307692
source,NO_ERROR_INDICATOR,4,PhyGuard,437,adaptation_mismatch,adaptation_mismatch,0.8371661710683729,0.9999994080052234,0.8371666666666667
source,NO_ERROR_INDICATOR,4,PhyGuard,998,normal,ABSTAIN,0.0144455720835177,0.0253988080589322,0.5687499999999998
source,NO_ERROR_INDICATOR,4,PhyGuard,137,adaptation_mismatch,adaptation_mismatch,0.8366378440142209,0.9999885353342358,0.836647435897436
source,NO_ERROR_INDICATOR,4,PhyGuard,762,normal,ABSTAIN,0.0689326345324612,0.17359740071134,0.3970833333333332
source,NO_ERROR_INDICATOR,4,PhyGuard,79,blockage,blockage,0.9757305312538774,0.9984938128199512,0.977202380952381
source,NO_ERROR_INDICATOR,4,PhyGuard,687,adaptation_mismatch,adaptation_mismatch,0.361428674672869,0.6267549271783857,0.5766666666666667
source,NO_ERROR_INDICATOR,4,PhyGuard,451,normal,ABSTAIN,0.4354236259511017,0.5120121030292231,0.8504166666666666
source,NO_ERROR_INDICATOR,4,PhyGuard,748,normal,ABSTAIN,0.1184090241285671,0.2654910854900608,0.4459999999999999
source,NO_ERROR_INDICATOR,4,PhyGuard,702,adaptation_mismatch,adaptation_mismatch,0.7931185681254356,0.9500322237477764,0.8348333333333335
source,NO_ERROR_INDICATOR,4,PhyGuard,431,adaptation_mismatch,adaptation_mismatch,0.7000262431260673,0.9687827145096076,0.7225833333333334
source,NO_ERROR_INDICATOR,4,PhyGuard,129,mobility,mobility,0.9915019801381466,0.9998339295510724,0.9916666666666666
source,NO_ERROR_INDICATOR,4,PhyGuard,885,blockage,blockage,0.8528610642482491,0.9968182303476174,0.8555833333333335
source,NO_ERROR_INDICATOR,4,PhyGuard,25,interference,interference,0.9916666099716702,0.999999942828575,0.9916666666666668
source,NO_ERROR_INDICATOR,4,PhyGuard,856,blockage,blockage,0.7626422770712404,0.844643038749874,0.9029166666666668
source,NO_ERROR_INDICATOR,4,PhyGuard,831,interference,interference,0.6966660392428599,0.999999099391665,0.6966666666666665
source,NO_ERROR_INDICATOR,4,PhyGuard,1075,nonphysical_goodput,ABSTAIN,0.018426423940299,0.0378588105612249,0.4867142857142857
source,NO_ERROR_INDICATOR,4,PhyGuard,244,nonphysical_goodput,ABSTAIN,0.0212539806701742,0.0480678040034095,0.4421666666666665
source,NO_ERROR_INDICATOR,4,PhyGuard,434,adaptation_mismatch,adaptation_mismatch,0.7747331677214849,0.9987965204832208,0.7756666666666667
source,NO_ERROR_INDICATOR,4,PhyGuard,989,adaptation_mismatch,adaptation_mismatch,0.7733333330641275,0.9999999996518892,0.7733333333333333
source,NO_ERROR_INDICATOR,4,PhyGuard,340,blockage,blockage,0.640544376125273,0.8923302198169578,0.7178333333333335
source,NO_ERROR_INDICATOR,4,PhyGuard,723,normal,ABSTAIN,0.1078247144215052,0.1580235189372328,0.6823333333333333
source,NO_ERROR_INDICATOR,4,PhyGuard,588,blockage,ABSTAIN,0.0941697648988941,0.2079391253004682,0.4528717948717948
source,NO_ERROR_INDICATOR,4,PhyGuard,338,blockage,blockage,0.6368874099209105,0.9540193382912152,0.6675833333333335
source,NO_ERROR_INDICATOR,4,PhyGuard,73,blockage,blockage,0.7120030723653106,0.7128941901029392,0.99875
source,NO_ERROR_INDICATOR,4,PhyGuard,624,blockage,blockage,0.8948676750612838,0.952493533859802,0.9395
source,NO_ERROR_INDICATOR,4,PhyGuard,598,blockage,blockage,0.4207682820347206,0.6190803561079756,0.6796666666666665
source,NO_ERROR_INDICATOR,4,PhyGuard,530,nonphysical_goodput,ABSTAIN,0.0261682143726417,0.0515460558883291,0.5076666666666667
source,NO_ERROR_INDICATOR,4,PhyGuard,942,mobility,mobility,0.9895331517990852,0.9978485564360524,0.9916666666666666
source,NO_ERROR_INDICATOR,4,PhyGuard,38,interference,interference,0.9796666664018456,0.9999999997296825,0.9796666666666666
source,NO_ERROR_INDICATOR,4,PhyGuard,294,interference,interference,0.7254120259848631,0.9544895078748196,0.7600000000000002
source,NO_ERROR_INDICATOR,4,PhyGuard,721,normal,ABSTAIN,0.0277976320469402,0.0850230496112519,0.3269423076923077
source,NO_ERROR_INDICATOR,4,PhyGuard,994,normal,ABSTAIN,0.0364774202105124,0.0659727268313714,0.5529166666666666
source,NO_ERROR_INDICATOR,4,PhyGuard,1064,nonphysical_goodput,ABSTAIN,0.1457645158215389,0.2090063555811288,0.6974166666666665
source,NO_ERROR_INDICATOR,4,PhyGuard,549,interference,ABSTAIN,0.2313404626976247,0.4066928731865655,0.5688333333333334
source,NO_ERROR_INDICATOR,4,PhyGuard,391,mobility,mobility,0.961973468409816,0.9879905529713964,0.9736666666666666
source,NO_ERROR_INDICATOR,4,PhyGuard,72,blockage,blockage,0.9913108048438278,0.9920193901224869,0.9992857142857144
source,NO_ERROR_INDICATOR,4,PhyGuard,727,normal,ABSTAIN,0.0311787167594393,0.049294413848916,0.6324999999999998
source,NO_ERROR_INDICATOR,4,PhyGuard,32,interference,interference,0.9425833332969408,0.9999999999613908,0.9425833333333332
source,NO_ERROR_INDICATOR,4,PhyGuard,655,mobility,mobility,0.5636810400697143,0.5876778871274172,0.9591666666666666
source,NO_ERROR_INDICATOR,4,PhyGuard,763,normal,ABSTAIN,0.0590828321680628,0.1210920556817684,0.4879166666666667
source,NO_ERROR_INDICATOR,4,PhyGuard,177,adaptation_mismatch,adaptation_mismatch,0.8733140897797349,0.9999999853610888,0.8733141025641025
source,NO_ERROR_INDICATOR,4,PhyGuard,990,normal,ABSTAIN,0.0234149072717082,0.0722125127886143,0.32425
source,NO_ERROR_INDICATOR,4,PhyGuard,268,nonphysical_goodput,ABSTAIN,0.0310740191631083,0.0512599081025812,0.6062051282051283
source,NO_ERROR_INDICATOR,4,PhyGuard,13,interference,interference,0.866934652829694,0.99982852801118,0.8670833333333333
source,NO_ERROR_INDICATOR,4,PhyGuard,393,mobility,mobility,0.9754975470236688,0.9979514547556714,0.9775
source,NO_ERROR_INDICATOR,4,PhyGuard,681,adaptation_mismatch,ABSTAIN,0.0694789617664505,0.2455587583671193,0.2829423076923077
source,NO_ERROR_INDICATOR,4,PhyGuard,824,interference,ABSTAIN,0.0329863375849648,0.0979960134686926,0.3366089743589743
source,NO_ERROR_INDICATOR,4,PhyGuard,899,blockage,blockage,0.8799048973949338,0.9994187192370284,0.8804166666666667
source,NO_ERROR_INDICATOR,4,PhyGuard,209,normal,ABSTAIN,0.0268232560197624,0.0644531582373145,0.4161666666666668
source,NO_ERROR_INDICATOR,4,PhyGuard,843,interference,interference,0.8333333252872898,0.999999990344748,0.8333333333333331
source,NO_ERROR_INDICATOR,4,PhyGuard,632,mobility,ABSTAIN,0.1402103916853695,0.3932970313755106,0.3565
source,NO_ERROR_INDICATOR,4,PhyGuard,222,normal,ABSTAIN,0.1035599208219506,0.1267563290354352,0.8170000000000001
source,NO_ERROR_INDICATOR,4,PhyGuard,49,blockage,ABSTAIN,0.0570887554254621,0.0659350399524105,0.8658333333333335
source,NO_ERROR_INDICATOR,4,PhyGuard,468,normal,ABSTAIN,0.1847974436393509,0.306251805506451,0.6034166666666666
source,NO_ERROR_INDICATOR,4,PhyGuard,297,interference,interference,0.8511047789555232,0.993990982721779,0.85625
source,NO_ERROR_INDICATOR,4,PhyGuard,302,interference,interference,0.7531666538814874,0.9999999830247676,0.7531666666666667
source,NO_ERROR_INDICATOR,4,PhyGuard,1013,normal,ABSTAIN,0.0731737575543943,0.2012571832804796,0.3635833333333332
source,NO_ERROR_INDICATOR,4,PhyGuard,941,mobility,mobility,0.9964510829589254,0.9964510829589254,1.0
source,NO_ERROR_INDICATOR,4,PhyGuard,272,interference,interference,0.9319885943399946,0.9998983578077726,0.9320833333333332
source,NO_ERROR_INDICATOR,4,PhyGuard,408,adaptation_mismatch,adaptation_mismatch,0.5958404024497175,0.9875807775409678,0.6033333333333335
source,NO_ERROR_INDICATOR,4,PhyGuard,182,normal,ABSTAIN,0.0846693868706986,0.1834987615041328,0.4614166666666668
source,NO_ERROR_INDICATOR,4,PhyGuard,332,blockage,blockage,0.6519070470021241,0.7256850244921604,0.8983333333333333
source,NO_ERROR_INDICATOR,4,PhyGuard,862,blockage,blockage,0.8614957267646225,0.9969092305858696,0.8641666666666667
source,NO_ERROR_INDICATOR,4,PhyGuard,12,interference,interference,0.5625855765345852,0.9992639014823892,0.5630000000000001
source,NO_ERROR_INDICATOR,4,PhyGuard,643,mobility,ABSTAIN,0.0581345886591688,0.1144757243042378,0.5078333333333334
source,NO_ERROR_INDICATOR,4,PhyGuard,781,nonphysical_goodput,ABSTAIN,0.1609850295539904,0.3920090005373143,0.4106666666666668
source,NO_ERROR_INDICATOR,4,PhyGuard,442,adaptation_mismatch,adaptation_mismatch,0.807564090843445,0.999999985486406,0.8075641025641026
source,NO_ERROR_INDICATOR,4,PhyGuard,353,blockage,blockage,0.6931147262629094,0.9822126494042174,0.7056666666666667
source,NO_ERROR_INDICATOR,4,PhyGuard,1051,nonphysical_goodput,ABSTAIN,0.0173905917207308,0.0314842204581052,0.5523589743589744
source,NO_ERROR_INDICATOR,4,PhyGuard,382,mobility,mobility,0.988818697697935,0.9988067653514494,0.99
source,NO_ERROR_INDICATOR,4,PhyGuard,749,normal,ABSTAIN,0.1342888862044754,0.2853163304627666,0.4706666666666666
source,NO_ERROR_INDICATOR,4,PhyGuard,321,blockage,blockage,0.4514668724326672,0.6070142822624097,0.7437499999999999
source,NO_ERROR_INDICATOR,4,PhyGuard,66,blockage,blockage,0.9278137281990112,0.9905484642694068,0.9366666666666668
source,NO_ERROR_INDICATOR,4,PhyGuard,200,normal,ABSTAIN,0.018458739677168,0.0373954701717882,0.4936089743589743
source,NO_ERROR_INDICATOR,4,PhyGuard,609,blockage,blockage,0.6927254142130003,0.7650901951731252,0.9054166666666664
source,NO_ERROR_INDICATOR,4,PhyGuard,854,interference,interference,0.8554117966315128,0.9999943068269024,0.8554166666666666
source,NO_ERROR_INDICATOR,4,PhyGuard,455,normal,ABSTAIN,0.0485678157809024,0.1313827297950471,0.3696666666666666
source,NO_ERROR_INDICATOR,4,PhyGuard,111,mobility,mobility,0.998643111971513,0.998643111971513,1.0
source,NO_ERROR_INDICATOR,4,PhyGuard,675,adaptation_mismatch,adaptation_mismatch,0.302983376783948,0.6431630145776359,0.4710833333333333
source,NO_ERROR_INDICATOR,4,PhyGuard,647,mobility,ABSTAIN,0.2045194067347238,0.2376980998369671,0.8604166666666667
source,NO_ERROR_INDICATOR,4,PhyGuard,554,interference,interference,0.4612212032789441,0.7673317701610479,0.6010714285714286
source,NO_ERROR_INDICATOR,4,PhyGuard,718,adaptation_mismatch,adaptation_mismatch,0.8547373755231817,0.9987194261225104,0.8558333333333331
source,NO_ERROR_INDICATOR,4,PhyGuard,378,mobility,mobility,0.9710654807841989,0.996816575655294,0.9741666666666666
source,NO_ERROR_INDICATOR,4,PhyGuard,142,adaptation_mismatch,adaptation_mismatch,0.6500414882612608,0.9997286133718152,0.6502179487179487
source,NO_ERROR_INDICATOR,4,PhyGuard,235,nonphysical_goodput,ABSTAIN,0.0448158465307157,0.0625410115558307,0.7165833333333333
source,NO_ERROR_INDICATOR,4,PhyGuard,972,adaptation_mismatch,adaptation_mismatch,0.8094999771705954,0.9999999717981416,0.8094999999999999
source,NO_ERROR_INDICATOR,4,PhyGuard,829,interference,ABSTAIN,0.3604542358110745,0.8678922179645787,0.4153214285714285
source,NO_ERROR_INDICATOR,4,PhyGuard,915,mobility,mobility,0.9881542550090416,0.997296136258074,0.9908333333333336
source,NO_ERROR_INDICATOR,4,PhyGuard,525,nonphysical_goodput,ABSTAIN,0.0164706716534125,0.0419991627371336,0.3921666666666666
source,NO_ERROR_INDICATOR,4,PhyGuard,482,normal,ABSTAIN,0.011128203340976,0.0329724543436326,0.3375000000000001
source,NO_ERROR_INDICATOR,4,PhyGuard,1026,normal,ABSTAIN,0.0232996333962719,0.0621876336199429,0.3746666666666667
source,NO_ERROR_INDICATOR,4,PhyGuard,432,adaptation_mismatch,adaptation_mismatch,0.8533129359418938,0.9999760968069068,0.8533333333333333
source,NO_ERROR_INDICATOR,4,PhyGuard,835,interference,interference,0.7944382662480953,0.995640646995002,0.7979166666666666
source,NO_ERROR_INDICATOR,4,PhyGuard,881,blockage,blockage,0.5728711435753739,0.7546052385186047,0.7591666666666665
source,NO_ERROR_INDICATOR,4,PhyGuard,797,nonphysical_goodput,ABSTAIN,0.02547085426823,0.0488992255020291,0.5208846153846154
source,NO_ERROR_INDICATOR,4,PhyGuard,404,mobility,mobility,0.9378683681286344,0.9982632976355872,0.9395
source,NO_ERROR_INDICATOR,4,PhyGuard,567,interference,interference,0.5006402275452175,0.9581631149190768,0.5225
source,NO_ERROR_INDICATOR,4,PhyGuard,1060,nonphysical_goodput,ABSTAIN,0.016329131529562,0.0506068125916179,0.3226666666666666
source,NO_ERROR_INDICATOR,4,PhyGuard,623,blockage,blockage,0.8008070059801529,0.9349760723644518,0.8564999999999999
source,NO_ERROR_INDICATOR,4,PhyGuard,242,nonphysical_goodput,ABSTAIN,0.0396529728106715,0.0830984939179385,0.477180402930403
source,NO_ERROR_INDICATOR,4,PhyGuard,47,blockage,blockage,0.7465743647458967,0.8546115021416352,0.8735833333333332
source,NO_ERROR_INDICATOR,4,PhyGuard,93,mobility,mobility,0.9045907365125498,0.9222675308539164,0.9808333333333334
source,NO_ERROR_INDICATOR,4,PhyGuard,369,mobility,mobility,0.7495913556410863,0.7571629854960468,0.99
source,NO_ERROR_INDICATOR,4,PhyGuard,101,mobility,mobility,0.990591402821452,0.990591402821452,1.0
source,NO_ERROR_INDICATOR,4,PhyGuard,123,mobility,mobility,0.9993110790764322,0.9993110790764322,1.0
source,NO_ERROR_INDICATOR,4,PhyGuard,310,interference,interference,0.9687499993105816,0.9999999992883422,0.96875
source,NO_ERROR_INDICATOR,4,PhyGuard,557,interference,interference,0.3539089234408964,0.6348142124500384,0.5575
source,NO_ERROR_INDICATOR,4,PhyGuard,521,nonphysical_goodput,ABSTAIN,0.0061701953948887,0.0172996132566975,0.3566666666666666
source,NO_ERROR_INDICATOR,4,PhyGuard,884,blockage,blockage,0.9751099189898952,0.9853742339266308,0.9895833333333331
source,NO_ERROR_INDICATOR,4,PhyGuard,323,blockage,ABSTAIN,0.2556902267641311,0.7310656948223907,0.34975
source,NO_ERROR_INDICATOR,4,PhyGuard,515,nonphysical_goodput,ABSTAIN,0.0300696266725422,0.0827925758218891,0.3631923076923077
source,NO_ERROR_INDICATOR,4,PhyGuard,17,interference,interference,0.984999982780817,0.999999982518596,0.985
source,NO_ERROR_INDICATOR,4,PhyGuard,147,adaptation_mismatch,adaptation_mismatch,0.715546438667999,0.9995992158342244,0.7158333333333334
source,NO_ERROR_INDICATOR,4,PhyGuard,10,interference,interference,0.9757882369126394,0.999953786759323,0.9758333333333332
source,NO_ERROR_INDICATOR,4,PhyGuard,318,blockage,ABSTAIN,0.1482735402828267,0.307074214535764,0.4828589743589743
source,NO_ERROR_INDICATOR,4,PhyGuard,261,nonphysical_goodput,ABSTAIN,0.0341177304734785,0.0705742341951759,0.483430402930403
source,NO_ERROR_INDICATOR,4,PhyGuard,1065,nonphysical_goodput,ABSTAIN,0.0396563696063812,0.0817235849693585,0.4852500000000001
source,NO_ERROR_INDICATOR,4,PhyGuard,923,mobility,mobility,0.8781317651227042,0.8998788370172885,0.9758333333333334
source,NO_ERROR_INDICATOR,4,PhyGuard,264,nonphysical_goodput,ABSTAIN,0.0245178869783445,0.0670622556704896,0.3655989010989011
source,NO_ERROR_INDICATOR,4,PhyGuard,581,interference,interference,0.8876487445758606,0.9999798098864372,0.8876666666666666
source,NO_ERROR_INDICATOR,4,PhyGuard,755,normal,ABSTAIN,0.0282795725169441,0.0678709740406659,0.4166666666666667
source,NO_ERROR_INDICATOR,4,PhyGuard,661,mobility,mobility,0.8620032044354582,0.9744737120325482,0.8845833333333333
