held_out_regime,method,selected_accuracy,coverage,false_specific_rate,macro_f1,balanced_accuracy,tau,feasible,penalty,tau_g,tau_c
indoor,Random forest,0.9327731092436975,0.8947368421052632,0.05714285714285714,0.8817689689012732,0.8360863095238096,0.05,False,0.14285714285714277,,
indoor,Random forest,0.9327731092436975,0.8947368421052632,0.05714285714285714,0.8817689689012732,0.8360863095238096,0.1,False,0.14285714285714277,,
indoor,Random forest,0.9327731092436975,0.8947368421052632,0.05714285714285714,0.8817689689012732,0.8360863095238096,0.15,False,0.14285714285714277,,
indoor,Random forest,0.9327731092436975,0.8947368421052632,0.05714285714285714,0.8817689689012732,0.8360863095238096,0.2,False,0.14285714285714277,,
indoor,Random forest,0.9327731092436975,0.8947368421052632,0.05714285714285714,0.8817689689012732,0.8360863095238096,0.25,False,0.14285714285714277,,
indoor,Random forest,0.9327731092436975,0.8947368421052632,0.05714285714285714,0.8817689689012732,0.8360863095238096,0.3,False,0.14285714285714277,,
indoor,Random forest,0.9396551724137931,0.8721804511278195,0.014285714285714285,0.8763030997918293,0.8209347943722944,0.35,True,0.0,,
indoor,Random forest,0.9391304347826087,0.8646616541353384,0.014285714285714285,0.8715667966684295,0.8133590367965369,0.4,True,0.0,,
indoor,Random forest,0.9357798165137615,0.8195488721804511,0.0,0.8435319548142106,0.7685335497835497,0.45,True,0.0,,
indoor,Random forest,0.9523809523809523,0.7894736842105263,0.0,0.8402298850574712,0.753814935064935,0.5,True,0.0,,
indoor,Random forest,0.9603960396039604,0.7593984962406015,0.0,0.8288438073559117,0.7308509199134199,0.55,True,0.0,,
indoor,Random forest,0.9565217391304348,0.6917293233082706,0.0,0.7791891433996349,0.6635349025974026,0.6,True,0.0,,
indoor,Random forest,0.9529411764705882,0.6390977443609023,0.0,0.7366302709123304,0.6113704004329005,0.65,True,0.0,,
indoor,Random forest,0.9726027397260274,0.5488721804511278,0.0,0.6814417568646891,0.5364380411255412,0.7,True,0.0,,
indoor,Random forest,0.9857142857142858,0.5263157894736842,0.0,0.674115626015322,0.5208130411255412,0.75,True,0.0,,
indoor,Random forest,1.0,0.45864661654135336,0.0,0.6181498663952717,0.4604031385281385,0.8,True,0.0,,
indoor,Random forest,1.0,0.3684210526315789,0.0,0.5204156391581121,0.3709889069264069,0.85,True,0.0,,
indoor,Random forest,1.0,0.2706766917293233,0.0,0.404908781694496,0.27285579004329,0.9,True,0.0,,
indoor,Random forest,1.0,0.13533834586466165,0.0,0.220855694692904,0.1372362012987013,0.95,True,0.0,,
indoor,Gradient boosting,0.9435483870967742,0.9323308270676691,0.15714285714285714,0.9101066820688487,0.8809117965367965,0.05,False,2.142857142857143,,
indoor,Gradient boosting,0.9435483870967742,0.9323308270676691,0.15714285714285714,0.9101066820688487,0.8809117965367965,0.1,False,2.142857142857143,,
indoor,Gradient boosting,0.9435483870967742,0.9323308270676691,0.15714285714285714,0.9101066820688487,0.8809117965367965,0.15,False,2.142857142857143,,
indoor,Gradient boosting,0.9435483870967742,0.9323308270676691,0.15714285714285714,0.9101066820688487,0.8809117965367965,0.2,False,2.142857142857143,,
indoor,Gradient boosting,0.9435483870967742,0.9323308270676691,0.15714285714285714,0.9101066820688487,0.8809117965367965,0.25,False,2.142857142857143,,
indoor,Gradient boosting,0.9435483870967742,0.9323308270676691,0.15714285714285714,0.9101066820688487,0.8809117965367965,0.3,False,2.142857142857143,,
indoor,Gradient boosting,0.9435483870967742,0.9323308270676691,0.15714285714285714,0.9101066820688487,0.8809117965367965,0.35,False,2.142857142857143,,
indoor,Gradient boosting,0.9512195121951219,0.924812030075188,0.15714285714285714,0.9138269201640868,0.8809117965367965,0.4,False,2.142857142857143,,
indoor,Gradient boosting,0.9512195121951219,0.924812030075188,0.14285714285714285,0.9138269201640868,0.8809117965367965,0.45,False,1.8571428571428568,,
indoor,Gradient boosting,0.9512195121951219,0.924812030075188,0.14285714285714285,0.9138269201640868,0.8809117965367965,0.5,False,1.8571428571428568,,
indoor,Gradient boosting,0.9590163934426229,0.9172932330827067,0.12857142857142856,0.9176671659398165,0.8809117965367965,0.55,False,1.571428571428571,,
indoor,Gradient boosting,0.9590163934426229,0.9172932330827067,0.11428571428571428,0.9176671659398165,0.8809117965367965,0.6,False,1.2857142857142856,,
indoor,Gradient boosting,0.9583333333333334,0.9022556390977443,0.11428571428571428,0.90940080543465,0.8657602813852814,0.65,False,1.2857142857142856,,
indoor,Gradient boosting,0.957983193277311,0.8947368421052632,0.11428571428571428,0.9050738823577269,0.8586174242424243,0.7,False,1.2857142857142856,,
indoor,Gradient boosting,0.9576271186440678,0.8872180451127819,0.11428571428571428,0.9004290736145575,0.8510416666666667,0.75,False,1.2857142857142856,,
indoor,Gradient boosting,0.9572649572649573,0.8796992481203008,0.1,0.8961021505376344,0.8434659090909091,0.8,False,1.0,,
indoor,Gradient boosting,0.9565217391304348,0.8646616541353384,0.05714285714285714,0.8863320355951056,0.828314393939394,0.85,False,0.14285714285714277,,
indoor,Gradient boosting,0.9646017699115044,0.849624060150376,0.02857142857142857,0.8853399721030422,0.8211715367965369,0.9,True,0.0,,
indoor,Gradient boosting,0.9724770642201835,0.8195488721804511,0.0,0.875061543791827,0.7988771645021646,0.95,True,0.0,,
indoor,Two-stage without physics,0.9015151515151515,0.9924812030075187,0.7,0.8990058960647196,0.896969696969697,,False,12.999999999999998,0.05,0.05
indoor,Two-stage without physics,0.9015151515151515,0.9924812030075187,0.7,0.8990058960647196,0.896969696969697,,False,12.999999999999998,0.05,0.1
indoor,Two-stage without physics,0.9015151515151515,0.9924812030075187,0.7,0.8990058960647196,0.896969696969697,,False,12.999999999999998,0.05,0.15
indoor,Two-stage without physics,0.9015151515151515,0.9924812030075187,0.7,0.8990058960647196,0.896969696969697,,False,12.999999999999998,0.05,0.2
indoor,Two-stage without physics,0.9015151515151515,0.9924812030075187,0.7,0.8990058960647196,0.896969696969697,,False,12.999999999999998,0.05,0.25
indoor,Two-stage without physics,0.9015151515151515,0.9924812030075187,0.7,0.8990058960647196,0.896969696969697,,False,12.999999999999998,0.05,0.3
indoor,Two-stage without physics,0.9083969465648855,0.9849624060150376,0.6428571428571429,0.9022692993281228,0.896969696969697,,False,11.857142857142856,0.05,0.35
indoor,Two-stage without physics,0.9212598425196851,0.9548872180451128,0.44285714285714284,0.9004625582750583,0.8815814393939394,,False,7.857142857142857,0.05,0.4
indoor,Two-stage without physics,0.9256198347107438,0.9097744360902256,0.34285714285714286,0.8823721081785598,0.8434659090909091,,False,5.857142857142857,0.05,0.45
indoor,Two-stage without physics,0.9469026548672567,0.849624060150376,0.22857142857142856,0.8694939689254866,0.8064529220779222,,False,3.5714285714285707,0.05,0.5
indoor,Two-stage without physics,0.970873786407767,0.7744360902255639,0.14285714285714285,0.8446897211591033,0.7547213203463203,,False,1.8571428571428568,0.05,0.55
indoor,Two-stage without physics,0.9690721649484536,0.7293233082706767,0.12857142857142856,0.8125982519021568,0.7101325757575757,,False,1.571428571428571,0.05,0.6
indoor,Two-stage without physics,0.9659090909090909,0.6616541353383458,0.08571428571428572,0.7597287275565964,0.6430127164502165,,False,0.7142857142857142,0.05,0.65
indoor,Two-stage without physics,0.975,0.6015037593984962,0.04285714285714286,0.7200767129045819,0.5908482142857143,,True,0.0,0.05,0.7
indoor,Two-stage without physics,0.9857142857142858,0.5263157894736842,0.014285714285714285,0.6662185745196023,0.5230587121212121,,True,0.0,0.05,0.75
indoor,Two-stage without physics,1.0,0.42857142857142855,0.0,0.5757621679082071,0.43254193722943723,,True,0.0,0.05,0.8
indoor,Two-stage without physics,1.0,0.3157894736842105,0.0,0.43727474076311285,0.3205965909090909,,True,0.0,0.05,0.85
indoor,Two-stage without physics,1.0,0.23308270676691728,0.0,0.3293423521279747,0.23828463203463204,,True,0.0,0.05,0.9
indoor,Two-stage without physics,1.0,0.13533834586466165,0.0,0.20124113475177305,0.13991477272727273,,True,0.0,0.05,0.95
indoor,Two-stage without physics,0.90625,0.9624060150375939,0.4857142857142857,0.8899409048662781,0.8737689393939394,,False,8.714285714285714,0.1,0.05
indoor,Two-stage without physics,0.90625,0.9624060150375939,0.4857142857142857,0.8899409048662781,0.8737689393939394,,False,8.714285714285714,0.1,0.1
indoor,Two-stage without physics,0.90625,0.9624060150375939,0.4857142857142857,0.8899409048662781,0.8737689393939394,,False,8.714285714285714,0.1,0.15
indoor,Two-stage without physics,0.90625,0.9624060150375939,0.4857142857142857,0.8899409048662781,0.8737689393939394,,False,8.714285714285714,0.1,0.2
indoor,Two-stage without physics,0.90625,0.9624060150375939,0.4857142857142857,0.8899409048662781,0.8737689393939394,,False,8.714285714285714,0.1,0.25
indoor,Two-stage without physics,0.90625,0.9624060150375939,0.4857142857142857,0.8899409048662781,0.8737689393939394,,False,8.714285714285714,0.1,0.3
indoor,Two-stage without physics,0.9133858267716536,0.9548872180451128,0.4714285714285714,0.8932043081296813,0.8737689393939394,,False,8.428571428571429,0.1,0.35
indoor,Two-stage without physics,0.926829268292683,0.924812030075188,0.32857142857142857,0.8912026985111663,0.8583806818181818,,False,5.571428571428571,0.1,0.4
indoor,Two-stage without physics,0.9322033898305084,0.8872180451127819,0.24285714285714285,0.8769162648855933,0.8280776515151516,,False,3.8571428571428568,0.1,0.45
indoor,Two-stage without physics,0.9459459459459459,0.8345864661654135,0.14285714285714285,0.8606086816230315,0.7910646645021646,,False,1.8571428571428568,0.1,0.5
indoor,Two-stage without physics,0.9702970297029703,0.7593984962406015,0.08571428571428572,0.8356374136493854,0.7393330627705628,,False,0.7142857142857142,0.1,0.55
indoor,Two-stage without physics,0.968421052631579,0.7142857142857143,0.07142857142857142,0.8031985131316451,0.6947443181818181,,False,0.42857142857142844,0.1,0.6
indoor,Two-stage without physics,0.9651162790697675,0.6466165413533834,0.02857142857142857,0.7500000000000001,0.6276244588744588,,True,0.0,0.1,0.65
indoor,Two-stage without physics,0.9743589743589743,0.5864661654135338,0.014285714285714285,0.7094834087481147,0.5754599567099566,,True,0.0,0.1,0.7
indoor,Two-stage without physics,0.9852941176470589,0.5112781954887218,0.0,0.6542291164448171,0.5076704545454546,,True,0.0,0.1,0.75
indoor,Two-stage without physics,1.0,0.42105263157894735,0.0,0.5707496365798863,0.42472943722943723,,True,0.0,0.1,0.8
indoor,Two-stage without physics,1.0,0.3082706766917293,0.0,0.43188753537590746,0.3127840909090909,,True,0.0,0.1,0.85
indoor,Two-stage without physics,1.0,0.22556390977443608,0.0,0.323309169624204,0.23047213203463204,,True,0.0,0.1,0.9
indoor,Two-stage without physics,1.0,0.12781954887218044,0.0,0.19384057971014493,0.13210227272727273,,True,0.0,0.1,0.95
indoor,Two-stage without physics,0.90625,0.9624060150375939,0.37142857142857144,0.8899409048662781,0.8737689393939394,,False,6.428571428571429,0.15,0.05
indoor,Two-stage without physics,0.90625,0.9624060150375939,0.37142857142857144,0.8899409048662781,0.8737689393939394,,False,6.428571428571429,0.15,0.1
indoor,Two-stage without physics,0.90625,0.9624060150375939,0.37142857142857144,0.8899409048662781,0.8737689393939394,,False,6.428571428571429,0.15,0.15
indoor,Two-stage without physics,0.90625,0.9624060150375939,0.37142857142857144,0.8899409048662781,0.8737689393939394,,False,6.428571428571429,0.15,0.2
indoor,Two-stage without physics,0.90625,0.9624060150375939,0.37142857142857144,0.8899409048662781,0.8737689393939394,,False,6.428571428571429,0.15,0.25
indoor,Two-stage without physics,0.90625,0.9624060150375939,0.37142857142857144,0.8899409048662781,0.8737689393939394,,False,6.428571428571429,0.15,0.3
indoor,Two-stage without physics,0.9133858267716536,0.9548872180451128,0.37142857142857144,0.8932043081296813,0.8737689393939394,,False,6.428571428571429,0.15,0.35
indoor,Two-stage without physics,0.926829268292683,0.924812030075188,0.2571428571428571,0.8912026985111663,0.8583806818181818,,False,4.142857142857142,0.15,0.4
indoor,Two-stage without physics,0.9322033898305084,0.8872180451127819,0.18571428571428572,0.8769162648855933,0.8280776515151516,,False,2.7142857142857144,0.15,0.45
indoor,Two-stage without physics,0.9459459459459459,0.8345864661654135,0.12857142857142856,0.8606086816230315,0.7910646645021646,,False,1.571428571428571,0.15,0.5
indoor,Two-stage without physics,0.9702970297029703,0.7593984962406015,0.07142857142857142,0.8356374136493854,0.7393330627705628,,False,0.42857142857142844,0.15,0.55
indoor,Two-stage without physics,0.968421052631579,0.7142857142857143,0.05714285714285714,0.8031985131316451,0.6947443181818181,,False,0.14285714285714277,0.15,0.6
indoor,Two-stage without physics,0.9651162790697675,0.6466165413533834,0.014285714285714285,0.7500000000000001,0.6276244588744588,,True,0.0,0.15,0.65
indoor,Two-stage without physics,0.9743589743589743,0.5864661654135338,0.014285714285714285,0.7094834087481147,0.5754599567099566,,True,0.0,0.15,0.7
indoor,Two-stage without physics,0.9852941176470589,0.5112781954887218,0.0,0.6542291164448171,0.5076704545454546,,True,0.0,0.15,0.75
indoor,Two-stage without physics,1.0,0.42105263157894735,0.0,0.5707496365798863,0.42472943722943723,,True,0.0,0.15,0.8
indoor,Two-stage without physics,1.0,0.3082706766917293,0.0,0.43188753537590746,0.3127840909090909,,True,0.0,0.15,0.85
indoor,Two-stage without physics,1.0,0.22556390977443608,0.0,0.323309169624204,0.23047213203463204,,True,0.0,0.15,0.9
indoor,Two-stage without physics,1.0,0.12781954887218044,0.0,0.19384057971014493,0.13210227272727273,,True,0.0,0.15,0.95
indoor,Two-stage without physics,0.9047619047619048,0.9473684210526315,0.3,0.8815099037437446,0.8583806818181818,,False,5.0,0.2,0.05
indoor,Two-stage without physics,0.9047619047619048,0.9473684210526315,0.3,0.8815099037437446,0.8583806818181818,,False,5.0,0.2,0.1
indoor,Two-stage without physics,0.9047619047619048,0.9473684210526315,0.3,0.8815099037437446,0.8583806818181818,,False,5.0,0.2,0.15
indoor,Two-stage without physics,0.9047619047619048,0.9473684210526315,0.3,0.8815099037437446,0.8583806818181818,,False,5.0,0.2,0.2
indoor,Two-stage without physics,0.9047619047619048,0.9473684210526315,0.3,0.8815099037437446,0.8583806818181818,,False,5.0,0.2,0.25
indoor,Two-stage without physics,0.9047619047619048,0.9473684210526315,0.3,0.8815099037437446,0.8583806818181818,,False,5.0,0.2,0.3
indoor,Two-stage without physics,0.912,0.9398496240601504,0.3,0.8847733070071478,0.8583806818181818,,False,5.0,0.2,0.35
indoor,Two-stage without physics,0.9262295081967213,0.9172932330827067,0.21428571428571427,0.8868624207333885,0.8508049242424243,,False,3.285714285714285,0.2,0.4
indoor,Two-stage without physics,0.9316239316239316,0.8796992481203008,0.14285714285714285,0.8722714561424239,0.820501893939394,,False,1.8571428571428568,0.2,0.45
indoor,Two-stage without physics,0.9454545454545454,0.8270676691729323,0.1,0.8557869399514944,0.783488906926407,,False,1.0,0.2,0.5
indoor,Two-stage without physics,0.97,0.7518796992481203,0.05714285714285714,0.8306464880595488,0.7317573051948052,,False,0.14285714285714277,0.2,0.55
indoor,Two-stage without physics,0.9680851063829787,0.706766917293233,0.04285714285714286,0.7978413702745023,0.6871685606060606,,True,0.0,0.2,0.6
indoor,Two-stage without physics,0.9647058823529412,0.6390977443609023,0.014285714285714285,0.7444444444444445,0.6200487012987013,,True,0.0,0.2,0.65
indoor,Two-stage without physics,0.974025974025974,0.5789473684210527,0.014285714285714285,0.7030128205128207,0.5678841991341991,,True,0.0,0.2,0.7
indoor,Two-stage without physics,0.9850746268656716,0.5037593984962406,0.0,0.6465972940581382,0.500094696969697,,True,0.0,0.2,0.75
indoor,Two-stage without physics,1.0,0.41353383458646614,0.0,0.5627786220871327,0.41715367965367967,,True,0.0,0.2,0.8
indoor,Two-stage without physics,1.0,0.3082706766917293,0.0,0.43188753537590746,0.3127840909090909,,True,0.0,0.2,0.85
indoor,Two-stage without physics,1.0,0.22556390977443608,0.0,0.323309169624204,0.23047213203463204,,True,0.0,0.2,0.9
indoor,Two-stage without physics,1.0,0.12781954887218044,0.0,0.19384057971014493,0.13210227272727273,,True,0.0,0.2,0.95
indoor,Two-stage without physics,0.9032258064516129,0.9323308270676691,0.18571428571428572,0.8728068549453428,0.8429924242424243,,False,2.7142857142857144,0.25,0.05
indoor,Two-stage without physics,0.9032258064516129,0.9323308270676691,0.18571428571428572,0.8728068549453428,0.8429924242424243,,False,2.7142857142857144,0.25,0.1
indoor,Two-stage without physics,0.9032258064516129,0.9323308270676691,0.18571428571428572,0.8728068549453428,0.8429924242424243,,False,2.7142857142857144,0.25,0.15
indoor,Two-stage without physics,0.9032258064516129,0.9323308270676691,0.18571428571428572,0.8728068549453428,0.8429924242424243,,False,2.7142857142857144,0.25,0.2
indoor,Two-stage without physics,0.9032258064516129,0.9323308270676691,0.18571428571428572,0.8728068549453428,0.8429924242424243,,False,2.7142857142857144,0.25,0.25
indoor,Two-stage without physics,0.9032258064516129,0.9323308270676691,0.18571428571428572,0.8728068549453428,0.8429924242424243,,False,2.7142857142857144,0.25,0.3
indoor,Two-stage without physics,0.9105691056910569,0.924812030075188,0.18571428571428572,0.8760702582087461,0.8429924242424243,,False,2.7142857142857144,0.25,0.35
indoor,Two-stage without physics,0.925,0.9022556390977443,0.12857142857142856,0.8780193629744133,0.8354166666666667,,False,1.571428571428571,0.25,0.4
indoor,Two-stage without physics,0.9304347826086956,0.8646616541353384,0.08571428571428572,0.8631064252347942,0.8051136363636364,,False,0.7142857142857142,0.25,0.45
indoor,Two-stage without physics,0.9444444444444444,0.8120300751879699,0.04285714285714286,0.8464332433410338,0.7681006493506495,,True,0.0,0.25,0.5
indoor,Two-stage without physics,0.9693877551020408,0.7368421052631579,0.02857142857142857,0.8211057304277642,0.7163690476190476,,True,0.0,0.25,0.55
indoor,Two-stage without physics,0.967391304347826,0.6917293233082706,0.014285714285714285,0.7879142300194931,0.671780303030303,,True,0.0,0.25,0.6
indoor,Two-stage without physics,0.963855421686747,0.6240601503759399,0.0,0.7341594712717195,0.6046604437229437,,True,0.0,0.25,0.65
indoor,Two-stage without physics,0.9733333333333334,0.5639097744360902,0.0,0.69175835262397,0.5524959415584415,,True,0.0,0.25,0.7
indoor,Two-stage without physics,0.9848484848484849,0.49624060150375937,0.0,0.6417576086376905,0.492282196969697,,True,0.0,0.25,0.75
indoor,Two-stage without physics,1.0,0.40601503759398494,0.0,0.5575838168923275,0.40934117965367967,,True,0.0,0.25,0.8
indoor,Two-stage without physics,1.0,0.3007518796992481,0.0,0.42629703921937356,0.3049715909090909,,True,0.0,0.25,0.85
indoor,Two-stage without physics,1.0,0.21804511278195488,0.0,0.3170346598202824,0.22265963203463204,,True,0.0,0.25,0.9
indoor,Two-stage without physics,1.0,0.12781954887218044,0.0,0.19384057971014493,0.13210227272727273,,True,0.0,0.25,0.95
indoor,Two-stage without physics,0.9008264462809917,0.9097744360902256,0.14285714285714285,0.858917966056454,0.8202651515151516,,False,1.8571428571428568,0.3,0.05
indoor,Two-stage without physics,0.9008264462809917,0.9097744360902256,0.14285714285714285,0.858917966056454,0.8202651515151516,,False,1.8571428571428568,0.3,0.1
indoor,Two-stage without physics,0.9008264462809917,0.9097744360902256,0.14285714285714285,0.858917966056454,0.8202651515151516,,False,1.8571428571428568,0.3,0.15
indoor,Two-stage without physics,0.9008264462809917,0.9097744360902256,0.14285714285714285,0.858917966056454,0.8202651515151516,,False,1.8571428571428568,0.3,0.2
indoor,Two-stage without physics,0.9008264462809917,0.9097744360902256,0.14285714285714285,0.858917966056454,0.8202651515151516,,False,1.8571428571428568,0.3,0.25
indoor,Two-stage without physics,0.9008264462809917,0.9097744360902256,0.14285714285714285,0.858917966056454,0.8202651515151516,,False,1.8571428571428568,0.3,0.3
indoor,Two-stage without physics,0.9083333333333333,0.9022556390977443,0.14285714285714285,0.8621813693198572,0.8202651515151516,,False,1.8571428571428568,0.3,0.35
indoor,Two-stage without physics,0.9230769230769231,0.8796992481203008,0.1,0.8636672579990169,0.812689393939394,,False,1.0,0.3,0.4
indoor,Two-stage without physics,0.9292035398230089,0.849624060150376,0.07142857142857142,0.8529964044200455,0.7899621212121213,,False,0.42857142857142844,0.3,0.45
indoor,Two-stage without physics,0.9433962264150944,0.7969924812030075,0.04285714285714286,0.83590692755156,0.7529491341991341,,True,0.0,0.3,0.5
indoor,Two-stage without physics,0.96875,0.7218045112781954,0.02857142857142857,0.8101930320150659,0.7012175324675324,,True,0.0,0.3,0.55
indoor,Two-stage without physics,0.967032967032967,0.6842105263157895,0.014285714285714285,0.7821490308580675,0.6642045454545454,,True,0.0,0.3,0.6
indoor,Two-stage without physics,0.9634146341463414,0.6165413533834586,0.0,0.7281725336810082,0.5970846861471861,,True,0.0,0.3,0.65
indoor,Two-stage without physics,0.9733333333333334,0.5639097744360902,0.0,0.69175835262397,0.5524959415584415,,True,0.0,0.3,0.7
indoor,Two-stage without physics,0.9848484848484849,0.49624060150375937,0.0,0.6417576086376905,0.492282196969697,,True,0.0,0.3,0.75
indoor,Two-stage without physics,1.0,0.40601503759398494,0.0,0.5575838168923275,0.40934117965367967,,True,0.0,0.3,0.8
indoor,Two-stage without physics,1.0,0.3007518796992481,0.0,0.42629703921937356,0.3049715909090909,,True,0.0,0.3,0.85
indoor,Two-stage without physics,1.0,0.21804511278195488,0.0,0.3170346598202824,0.22265963203463204,,True,0.0,0.3,0.9
indoor,Two-stage without physics,1.0,0.12781954887218044,0.0,0.19384057971014493,0.13210227272727273,,True,0.0,0.3,0.95
indoor,Two-stage without physics,0.8991596638655462,0.8947368421052632,0.08571428571428572,0.8497487523859899,0.8046401515151516,,False,0.7152194211017739,0.35,0.05
indoor,Two-stage without physics,0.8991596638655462,0.8947368421052632,0.08571428571428572,0.8497487523859899,0.8046401515151516,,False,0.7152194211017739,0.35,0.1
indoor,Two-stage without physics,0.8991596638655462,0.8947368421052632,0.08571428571428572,0.8497487523859899,0.8046401515151516,,False,0.7152194211017739,0.35,0.15
indoor,Two-stage without physics,0.8991596638655462,0.8947368421052632,0.08571428571428572,0.8497487523859899,0.8046401515151516,,False,0.7152194211017739,0.35,0.2
indoor,Two-stage without physics,0.8991596638655462,0.8947368421052632,0.08571428571428572,0.8497487523859899,0.8046401515151516,,False,0.7152194211017739,0.35,0.25
indoor,Two-stage without physics,0.8991596638655462,0.8947368421052632,0.08571428571428572,0.8497487523859899,0.8046401515151516,,False,0.7152194211017739,0.35,0.3
indoor,Two-stage without physics,0.9067796610169492,0.8872180451127819,0.08571428571428572,0.8530121556493931,0.8046401515151516,,False,0.7142857142857142,0.35,0.35
indoor,Two-stage without physics,0.9217391304347826,0.8646616541353384,0.04285714285714286,0.8544980443285528,0.797064393939394,,True,0.0,0.35,0.4
indoor,Two-stage without physics,0.9279279279279279,0.8345864661654135,0.02857142857142857,0.8438271907495813,0.7743371212121213,,True,0.0,0.35,0.45
indoor,Two-stage without physics,0.9423076923076923,0.7819548872180451,0.0,0.826737713881096,0.7373241341991341,,True,0.0,0.35,0.5
indoor,Two-stage without physics,0.9680851063829787,0.706766917293233,0.0,0.8009976297162154,0.6855925324675324,,True,0.0,0.35,0.55
indoor,Two-stage without physics,0.9662921348314607,0.6691729323308271,0.0,0.772953628559217,0.6485795454545454,,True,0.0,0.35,0.6
indoor,Two-stage without physics,0.9625,0.6015037593984962,0.0,0.7186572199730095,0.5814596861471861,,True,0.0,0.35,0.65
indoor,Two-stage without physics,0.9726027397260274,0.5488721804511278,0.0,0.6822430389159713,0.5368709415584415,,True,0.0,0.35,0.7
indoor,Two-stage without physics,0.9846153846153847,0.48872180451127817,0.0,0.6367450773093697,0.484469696969697,,True,0.0,0.35,0.75
indoor,Two-stage without physics,1.0,0.39849624060150374,0.0,0.5521966115051221,0.40152867965367967,,True,0.0,0.35,0.8
indoor,Two-stage without physics,1.0,0.2932330827067669,0.0,0.4204915239798961,0.2971590909090909,,True,0.0,0.35,0.85
indoor,Two-stage without physics,1.0,0.21052631578947367,0.0,0.3105040475753844,0.21484713203463204,,True,0.0,0.35,0.9
indoor,Two-stage without physics,1.0,0.12781954887218044,0.0,0.19384057971014493,0.13210227272727273,,True,0.0,0.35,0.95
indoor,Two-stage without physics,0.9043478260869565,0.8646616541353384,0.08571428571428572,0.8391134289439375,0.7823457792207793,,False,0.7142857142857142,0.4,0.05
indoor,Two-stage without physics,0.9043478260869565,0.8646616541353384,0.08571428571428572,0.8391134289439375,0.7823457792207793,,False,0.7142857142857142,0.4,0.1
indoor,Two-stage without physics,0.9043478260869565,0.8646616541353384,0.08571428571428572,0.8391134289439375,0.7823457792207793,,False,0.7142857142857142,0.4,0.15
indoor,Two-stage without physics,0.9043478260869565,0.8646616541353384,0.08571428571428572,0.8391134289439375,0.7823457792207793,,False,0.7142857142857142,0.4,0.2
indoor,Two-stage without physics,0.9043478260869565,0.8646616541353384,0.08571428571428572,0.8391134289439375,0.7823457792207793,,False,0.7142857142857142,0.4,0.25
indoor,Two-stage without physics,0.9043478260869565,0.8646616541353384,0.08571428571428572,0.8391134289439375,0.7823457792207793,,False,0.7142857142857142,0.4,0.3
indoor,Two-stage without physics,0.9122807017543859,0.8571428571428571,0.08571428571428572,0.8423586212516297,0.7823457792207793,,False,0.7142857142857142,0.4,0.35
indoor,Two-stage without physics,0.9203539823008849,0.849624060150376,0.04285714285714286,0.845603813559322,0.7823457792207793,,True,0.0,0.4,0.4
indoor,Two-stage without physics,0.9272727272727272,0.8270676691729323,0.02857142857142857,0.8393800753649661,0.7671942640692642,,True,0.0,0.4,0.45
indoor,Two-stage without physics,0.941747572815534,0.7744360902255639,0.0,0.8219783273131426,0.730181277056277,,True,0.0,0.4,0.5
indoor,Two-stage without physics,0.9680851063829787,0.706766917293233,0.0,0.8009976297162154,0.6855925324675324,,True,0.0,0.4,0.55
indoor,Two-stage without physics,0.9662921348314607,0.6691729323308271,0.0,0.772953628559217,0.6485795454545454,,True,0.0,0.4,0.6
indoor,Two-stage without physics,0.9625,0.6015037593984962,0.0,0.7186572199730095,0.5814596861471861,,True,0.0,0.4,0.65
indoor,Two-stage without physics,0.9726027397260274,0.5488721804511278,0.0,0.6822430389159713,0.5368709415584415,,True,0.0,0.4,0.7
indoor,Two-stage without physics,0.9846153846153847,0.48872180451127817,0.0,0.6367450773093697,0.484469696969697,,True,0.0,0.4,0.75
indoor,Two-stage without physics,1.0,0.39849624060150374,0.0,0.5521966115051221,0.40152867965367967,,True,0.0,0.4,0.8
indoor,Two-stage without physics,1.0,0.2932330827067669,0.0,0.4204915239798961,0.2971590909090909,,True,0.0,0.4,0.85
indoor,Two-stage without physics,1.0,0.21052631578947367,0.0,0.3105040475753844,0.21484713203463204,,True,0.0,0.4,0.9
indoor,Two-stage without physics,1.0,0.12781954887218044,0.0,0.19384057971014493,0.13210227272727273,,True,0.0,0.4,0.95
indoor,Two-stage without physics,0.911504424778761,0.849624060150376,0.08571428571428572,0.8375368795800926,0.7745332792207793,,False,0.7142857142857142,0.45,0.05
indoor,Two-stage without physics,0.911504424778761,0.849624060150376,0.08571428571428572,0.8375368795800926,0.7745332792207793,,False,0.7142857142857142,0.45,0.1
indoor,Two-stage without physics,0.911504424778761,0.849624060150376,0.08571428571428572,0.8375368795800926,0.7745332792207793,,False,0.7142857142857142,0.45,0.15
indoor,Two-stage without physics,0.911504424778761,0.849624060150376,0.08571428571428572,0.8375368795800926,0.7745332792207793,,False,0.7142857142857142,0.45,0.2
indoor,Two-stage without physics,0.911504424778761,0.849624060150376,0.08571428571428572,0.8375368795800926,0.7745332792207793,,False,0.7142857142857142,0.45,0.25
indoor,Two-stage without physics,0.911504424778761,0.849624060150376,0.08571428571428572,0.8375368795800926,0.7745332792207793,,False,0.7142857142857142,0.45,0.3
indoor,Two-stage without physics,0.911504424778761,0.849624060150376,0.08571428571428572,0.8375368795800926,0.7745332792207793,,False,0.7142857142857142,0.45,0.35
indoor,Two-stage without physics,0.9196428571428571,0.8421052631578947,0.04285714285714286,0.840782071887785,0.7745332792207793,,True,0.0,0.45,0.4
indoor,Two-stage without physics,0.926605504587156,0.8195488721804511,0.02857142857142857,0.8345583336934288,0.7593817640692642,,True,0.0,0.45,0.45
indoor,Two-stage without physics,0.9411764705882353,0.7669172932330827,0.0,0.8171565856416054,0.722368777056277,,True,0.0,0.45,0.5
indoor,Two-stage without physics,0.967741935483871,0.6992481203007519,0.0,0.7961579442957677,0.6777800324675324,,True,0.0,0.45,0.55
indoor,Two-stage without physics,0.9659090909090909,0.6616541353383458,0.0,0.7681139431387694,0.6407670454545454,,True,0.0,0.45,0.6
indoor,Two-stage without physics,0.9625,0.6015037593984962,0.0,0.7186572199730095,0.5814596861471861,,True,0.0,0.45,0.65
indoor,Two-stage without physics,0.9726027397260274,0.5488721804511278,0.0,0.6822430389159713,0.5368709415584415,,True,0.0,0.45,0.7
indoor,Two-stage without physics,0.9846153846153847,0.48872180451127817,0.0,0.6367450773093697,0.484469696969697,,True,0.0,0.45,0.75
indoor,Two-stage without physics,1.0,0.39849624060150374,0.0,0.5521966115051221,0.40152867965367967,,True,0.0,0.45,0.8
indoor,Two-stage without physics,1.0,0.2932330827067669,0.0,0.4204915239798961,0.2971590909090909,,True,0.0,0.45,0.85
indoor,Two-stage without physics,1.0,0.21052631578947367,0.0,0.3105040475753844,0.21484713203463204,,True,0.0,0.45,0.9
indoor,Two-stage without physics,1.0,0.12781954887218044,0.0,0.19384057971014493,0.13210227272727273,,True,0.0,0.45,0.95
indoor,Two-stage without physics,0.9074074074074074,0.8120300751879699,0.05714285714285714,0.8114869505494506,0.7361810064935066,,False,0.14285714285714277,0.5,0.05
indoor,Two-stage without physics,0.9074074074074074,0.8120300751879699,0.05714285714285714,0.8114869505494506,0.7361810064935066,,False,0.14285714285714277,0.5,0.1
indoor,Two-stage without physics,0.9074074074074074,0.8120300751879699,0.05714285714285714,0.8114869505494506,0.7361810064935066,,False,0.14285714285714277,0.5,0.15
indoor,Two-stage without physics,0.9074074074074074,0.8120300751879699,0.05714285714285714,0.8114869505494506,0.7361810064935066,,False,0.14285714285714277,0.5,0.2
indoor,Two-stage without physics,0.9074074074074074,0.8120300751879699,0.05714285714285714,0.8114869505494506,0.7361810064935066,,False,0.14285714285714277,0.5,0.25
indoor,Two-stage without physics,0.9074074074074074,0.8120300751879699,0.05714285714285714,0.8114869505494506,0.7361810064935066,,False,0.14285714285714277,0.5,0.3
indoor,Two-stage without physics,0.9074074074074074,0.8120300751879699,0.05714285714285714,0.8114869505494506,0.7361810064935066,,False,0.14285714285714277,0.5,0.35
indoor,Two-stage without physics,0.9158878504672897,0.8045112781954887,0.02857142857142857,0.8147321428571428,0.7361810064935066,,True,0.0,0.5,0.4
indoor,Two-stage without physics,0.9230769230769231,0.7819548872180451,0.014285714285714285,0.8078290343915344,0.7210294913419915,,True,0.0,0.5,0.45
indoor,Two-stage without physics,0.9387755102040817,0.7368421052631579,0.0,0.7956757324024568,0.6915922619047619,,True,0.0,0.5,0.5
indoor,Two-stage without physics,0.9666666666666667,0.6766917293233082,0.0,0.7801854086112161,0.6545792748917749,,True,0.0,0.5,0.55
indoor,Two-stage without physics,0.9647058823529412,0.6390977443609023,0.0,0.7519196690249321,0.6175662878787879,,True,0.0,0.5,0.6
indoor,Two-stage without physics,0.961038961038961,0.5789473684210527,0.0,0.7022281639928699,0.5582589285714286,,True,0.0,0.5,0.65
indoor,Two-stage without physics,0.9714285714285714,0.5263157894736842,0.0,0.6650203962703963,0.5136701839826839,,True,0.0,0.5,0.7
indoor,Two-stage without physics,0.9838709677419355,0.46616541353383456,0.0,0.6181920522346055,0.4612689393939394,,True,0.0,0.5,0.75
indoor,Two-stage without physics,1.0,0.38345864661654133,0.0,0.5382727820152549,0.3861404220779221,,True,0.0,0.5,0.8
indoor,Two-stage without physics,1.0,0.2857142857142857,0.0,0.41445834147612537,0.2893465909090909,,True,0.0,0.5,0.85
indoor,Two-stage without physics,1.0,0.20300751879699247,0.0,0.30370132648694903,0.20703463203463204,,True,0.0,0.5,0.9
indoor,Two-stage without physics,1.0,0.12781954887218044,0.0,0.19384057971014493,0.13210227272727273,,True,0.0,0.5,0.95
indoor,Two-stage without physics,0.9056603773584906,0.7969924812030075,0.02857142857142857,0.8004479895104895,0.720792748917749,,True,0.0,0.55,0.05
indoor,Two-stage without physics,0.9056603773584906,0.7969924812030075,0.02857142857142857,0.8004479895104895,0.720792748917749,,True,0.0,0.55,0.1
indoor,Two-stage without physics,0.9056603773584906,0.7969924812030075,0.02857142857142857,0.8004479895104895,0.720792748917749,,True,0.0,0.55,0.15
indoor,Two-stage without physics,0.9056603773584906,0.7969924812030075,0.02857142857142857,0.8004479895104895,0.720792748917749,,True,0.0,0.55,0.2
indoor,Two-stage without physics,0.9056603773584906,0.7969924812030075,0.02857142857142857,0.8004479895104895,0.720792748917749,,True,0.0,0.55,0.25
indoor,Two-stage without physics,0.9056603773584906,0.7969924812030075,0.02857142857142857,0.8004479895104895,0.720792748917749,,True,0.0,0.55,0.3
indoor,Two-stage without physics,0.9056603773584906,0.7969924812030075,0.02857142857142857,0.8004479895104895,0.720792748917749,,True,0.0,0.55,0.35
indoor,Two-stage without physics,0.9142857142857143,0.7894736842105263,0.02857142857142857,0.8036931818181818,0.720792748917749,,True,0.0,0.55,0.4
indoor,Two-stage without physics,0.9215686274509803,0.7669172932330827,0.014285714285714285,0.7965319893680742,0.7056412337662339,,True,0.0,0.55,0.45
indoor,Two-stage without physics,0.9375,0.7218045112781954,0.0,0.7843316519546029,0.6762040043290043,,True,0.0,0.55,0.5
indoor,Two-stage without physics,0.9659090909090909,0.6616541353383458,0.0,0.7688112656332995,0.6391910173160174,,True,0.0,0.55,0.55
indoor,Two-stage without physics,0.963855421686747,0.6240601503759399,0.0,0.7403107441807132,0.6021780303030303,,True,0.0,0.55,0.6
indoor,Two-stage without physics,0.96,0.5639097744360902,0.0,0.6903703703703704,0.542870670995671,,True,0.0,0.55,0.65
indoor,Two-stage without physics,0.9705882352941176,0.5112781954887218,0.0,0.6523193610959569,0.4982819264069264,,True,0.0,0.55,0.7
indoor,Two-stage without physics,0.9836065573770492,0.45864661654135336,0.0,0.6126015560780715,0.4534564393939394,,True,0.0,0.55,0.75
indoor,Two-stage without physics,1.0,0.37593984962406013,0.0,0.5324672667757774,0.3783279220779221,,True,0.0,0.55,0.8
indoor,Two-stage without physics,1.0,0.2857142857142857,0.0,0.41445834147612537,0.2893465909090909,,True,0.0,0.55,0.85
indoor,Two-stage without physics,1.0,0.20300751879699247,0.0,0.30370132648694903,0.20703463203463204,,True,0.0,0.55,0.9
indoor,Two-stage without physics,1.0,0.12781954887218044,0.0,0.19384057971014493,0.13210227272727273,,True,0.0,0.55,0.95
indoor,Two-stage without physics,0.9,0.7518796992481203,0.02857142857142857,0.7614869505494506,0.6753382034632035,,True,0.0,0.6,0.05
indoor,Two-stage without physics,0.9,0.7518796992481203,0.02857142857142857,0.7614869505494506,0.6753382034632035,,True,0.0,0.6,0.1
indoor,Two-stage without physics,0.9,0.7518796992481203,0.02857142857142857,0.7614869505494506,0.6753382034632035,,True,0.0,0.6,0.15
indoor,Two-stage without physics,0.9,0.7518796992481203,0.02857142857142857,0.7614869505494506,0.6753382034632035,,True,0.0,0.6,0.2
indoor,Two-stage without physics,0.9,0.7518796992481203,0.02857142857142857,0.7614869505494506,0.6753382034632035,,True,0.0,0.6,0.25
indoor,Two-stage without physics,0.9,0.7518796992481203,0.02857142857142857,0.7614869505494506,0.6753382034632035,,True,0.0,0.6,0.3
indoor,Two-stage without physics,0.9,0.7518796992481203,0.02857142857142857,0.7614869505494506,0.6753382034632035,,True,0.0,0.6,0.35
indoor,Two-stage without physics,0.9090909090909091,0.7443609022556391,0.02857142857142857,0.7647321428571429,0.6753382034632035,,True,0.0,0.6,0.4
indoor,Two-stage without physics,0.9166666666666666,0.7218045112781954,0.014285714285714285,0.7555845786896318,0.6601866883116883,,True,0.0,0.6,0.45
indoor,Two-stage without physics,0.9333333333333333,0.6766917293233082,0.0,0.7429436920883821,0.6307494588744589,,True,0.0,0.6,0.5
indoor,Two-stage without physics,0.9634146341463414,0.6165413533834586,0.0,0.7274233057670788,0.5937364718614718,,True,0.0,0.6,0.55
indoor,Two-stage without physics,0.961038961038961,0.5789473684210527,0.0,0.6971734892787524,0.5567234848484849,,True,0.0,0.6,0.6
indoor,Two-stage without physics,0.9571428571428572,0.5263157894736842,0.0,0.6537037037037037,0.5049918831168831,,True,0.0,0.6,0.65
indoor,Two-stage without physics,0.96875,0.48120300751879697,0.0,0.6196622606506328,0.4679788961038961,,True,0.0,0.6,0.7
indoor,Two-stage without physics,0.9824561403508771,0.42857142857142855,0.0,0.5768291983544943,0.42315340909090915,,True,0.0,0.6,0.75
indoor,Two-stage without physics,1.0,0.3533834586466165,0.0,0.5050282423855336,0.35560064935064933,,True,0.0,0.6,0.8
indoor,Two-stage without physics,1.0,0.2631578947368421,0.0,0.3856792717086835,0.26661931818181817,,True,0.0,0.6,0.85
indoor,Two-stage without physics,1.0,0.18796992481203006,0.0,0.2830634278002699,0.19188311688311688,,True,0.0,0.6,0.9
indoor,Two-stage without physics,1.0,0.12781954887218044,0.0,0.19384057971014493,0.13210227272727273,,True,0.0,0.6,0.95
indoor,Two-stage without physics,0.8969072164948454,0.7293233082706767,0.02857142857142857,0.7407338266048372,0.6523741883116884,,False,0.0034364261168384758,0.65,0.05
indoor,Two-stage without physics,0.8969072164948454,0.7293233082706767,0.02857142857142857,0.7407338266048372,0.6523741883116884,,False,0.0034364261168384758,0.65,0.1
indoor,Two-stage without physics,0.8969072164948454,0.7293233082706767,0.02857142857142857,0.7407338266048372,0.6523741883116884,,False,0.0034364261168384758,0.65,0.15
indoor,Two-stage without physics,0.8969072164948454,0.7293233082706767,0.02857142857142857,0.7407338266048372,0.6523741883116884,,False,0.0034364261168384758,0.65,0.2
indoor,Two-stage without physics,0.8969072164948454,0.7293233082706767,0.02857142857142857,0.7407338266048372,0.6523741883116884,,False,0.0034364261168384758,0.65,0.25
indoor,Two-stage without physics,0.8969072164948454,0.7293233082706767,0.02857142857142857,0.7407338266048372,0.6523741883116884,,False,0.0034364261168384758,0.65,0.3
indoor,Two-stage without physics,0.8969072164948454,0.7293233082706767,0.02857142857142857,0.7407338266048372,0.6523741883116884,,False,0.0034364261168384758,0.65,0.35
indoor,Two-stage without physics,0.90625,0.7218045112781954,0.02857142857142857,0.7439790189125295,0.6523741883116884,,True,0.0,0.65,0.4
indoor,Two-stage without physics,0.9139784946236559,0.6992481203007519,0.014285714285714285,0.7339533730158729,0.6372226731601731,,True,0.0,0.65,0.45
indoor,Two-stage without physics,0.9310344827586207,0.6541353383458647,0.0,0.7210837887067395,0.6077854437229437,,True,0.0,0.65,0.5
indoor,Two-stage without physics,0.9620253164556962,0.5939849624060151,0.0,0.7055284617844579,0.5707724567099567,,True,0.0,0.65,0.55
indoor,Two-stage without physics,0.9594594594594594,0.556390977443609,0.0,0.6745287295563271,0.5337594696969697,,True,0.0,0.65,0.6
indoor,Two-stage without physics,0.9552238805970149,0.5037593984962406,0.0,0.6310589439812784,0.48202786796536795,,True,0.0,0.65,0.65
indoor,Two-stage without physics,0.9672131147540983,0.45864661654135336,0.0,0.5953536703364131,0.44501488095238095,,True,0.0,0.65,0.7
indoor,Two-stage without physics,0.9814814814814815,0.40601503759398494,0.0,0.5503857844283376,0.4001893939393939,,True,0.0,0.65,0.75
indoor,Two-stage without physics,1.0,0.3308270676691729,0.0,0.47835716119508365,0.3326366341991342,,True,0.0,0.65,0.8
indoor,Two-stage without physics,1.0,0.24812030075187969,0.0,0.3688278388278388,0.2512310606060606,,True,0.0,0.65,0.85
indoor,Two-stage without physics,1.0,0.18045112781954886,0.0,0.27192982456140347,0.1843073593073593,,True,0.0,0.65,0.9
indoor,Two-stage without physics,1.0,0.12781954887218044,0.0,0.19384057971014493,0.13210227272727273,,True,0.0,0.65,0.95
indoor,Two-stage without physics,0.8936170212765957,0.706766917293233,0.014285714285714285,0.7184201640864376,0.6294101731601732,,False,0.0070921985815603555,0.7,0.05
indoor,Two-stage without physics,0.8936170212765957,0.706766917293233,0.014285714285714285,0.7184201640864376,0.6294101731601732,,False,0.0070921985815603555,0.7,0.1
indoor,Two-stage without physics,0.8936170212765957,0.706766917293233,0.014285714285714285,0.7184201640864376,0.6294101731601732,,False,0.0070921985815603555,0.7,0.15
indoor,Two-stage without physics,0.8936170212765957,0.706766917293233,0.014285714285714285,0.7184201640864376,0.6294101731601732,,False,0.0070921985815603555,0.7,0.2
indoor,Two-stage without physics,0.8936170212765957,0.706766917293233,0.014285714285714285,0.7184201640864376,0.6294101731601732,,False,0.0070921985815603555,0.7,0.25
indoor,Two-stage without physics,0.8936170212765957,0.706766917293233,0.014285714285714285,0.7184201640864376,0.6294101731601732,,False,0.0070921985815603555,0.7,0.3
indoor,Two-stage without physics,0.8936170212765957,0.706766917293233,0.014285714285714285,0.7184201640864376,0.6294101731601732,,False,0.0070921985815603555,0.7,0.35
indoor,Two-stage without physics,0.9032258064516129,0.6992481203007519,0.014285714285714285,0.72166535639413,0.6294101731601732,,True,0.0,0.7,0.4
indoor,Two-stage without physics,0.9111111111111111,0.6766917293233082,0.014285714285714285,0.710617114422923,0.614258658008658,,True,0.0,0.7,0.45
indoor,Two-stage without physics,0.9285714285714286,0.631578947368421,0.0,0.6974614466881711,0.5848214285714286,,True,0.0,0.7,0.5
indoor,Two-stage without physics,0.9605263157894737,0.5714285714285714,0.0,0.6818658036878376,0.5478084415584416,,True,0.0,0.7,0.55
indoor,Two-stage without physics,0.9577464788732394,0.5338345864661654,0.0,0.6500051201591638,0.5107954545454545,,True,0.0,0.7,0.6
indoor,Two-stage without physics,0.953125,0.48120300751879697,0.0,0.6065353345841151,0.4590638528138528,,True,0.0,0.7,0.65
indoor,Two-stage without physics,0.9655172413793104,0.43609022556390975,0.0,0.5689102564102565,0.4220508658008658,,True,0.0,0.7,0.7
indoor,Two-stage without physics,0.9807692307692307,0.39097744360902253,0.0,0.5332189986857004,0.38480113636363633,,True,0.0,0.7,0.75
indoor,Two-stage without physics,1.0,0.3157894736842105,0.0,0.46094904815229565,0.3172483766233766,,True,0.0,0.7,0.8
indoor,Two-stage without physics,1.0,0.23308270676691728,0.0,0.35116362334407447,0.23584280303030303,,True,0.0,0.7,0.85
indoor,Two-stage without physics,1.0,0.17293233082706766,0.0,0.260194404931247,0.17673160173160174,,True,0.0,0.7,0.9
indoor,Two-stage without physics,1.0,0.12781954887218044,0.0,0.19384057971014493,0.13210227272727273,,True,0.0,0.7,0.95
indoor,Two-stage without physics,0.8901098901098901,0.6842105263157895,0.0,0.6957440151384864,0.6066829004329004,,False,0.010989010989011073,0.75,0.05
indoor,Two-stage without physics,0.8901098901098901,0.6842105263157895,0.0,0.6957440151384864,0.6066829004329004,,False,0.010989010989011073,0.75,0.1
indoor,Two-stage without physics,0.8901098901098901,0.6842105263157895,0.0,0.6957440151384864,0.6066829004329004,,False,0.010989010989011073,0.75,0.15
indoor,Two-stage without physics,0.8901098901098901,0.6842105263157895,0.0,0.6957440151384864,0.6066829004329004,,False,0.010989010989011073,0.75,0.2
indoor,Two-stage without physics,0.8901098901098901,0.6842105263157895,0.0,0.6957440151384864,0.6066829004329004,,False,0.010989010989011073,0.75,0.25
indoor,Two-stage without physics,0.8901098901098901,0.6842105263157895,0.0,0.6957440151384864,0.6066829004329004,,False,0.010989010989011073,0.75,0.3
indoor,Two-stage without physics,0.8901098901098901,0.6842105263157895,0.0,0.6957440151384864,0.6066829004329004,,False,0.010989010989011073,0.75,0.35
indoor,Two-stage without physics,0.9,0.6766917293233082,0.0,0.6989892074461788,0.6066829004329004,,True,0.0,0.75,0.4
indoor,Two-stage without physics,0.9080459770114943,0.6541353383458647,0.0,0.686595502167362,0.5915313852813853,,True,0.0,0.75,0.45
indoor,Two-stage without physics,0.9259259259259259,0.6090225563909775,0.0,0.6727639447365709,0.5620941558441559,,True,0.0,0.75,0.5
indoor,Two-stage without physics,0.958904109589041,0.5488721804511278,0.0,0.6565411283631624,0.5250811688311688,,True,0.0,0.75,0.55
indoor,Two-stage without physics,0.9565217391304348,0.518796992481203,0.0,0.6293672214724846,0.49564393939393936,,True,0.0,0.75,0.6
indoor,Two-stage without physics,0.9516129032258065,0.46616541353383456,0.0,0.5858974358974359,0.4439123376623377,,True,0.0,0.75,0.65
indoor,Two-stage without physics,0.9649122807017544,0.42857142857142855,0.0,0.55777665317139,0.41447510822510825,,True,0.0,0.75,0.7
indoor,Two-stage without physics,0.9807692307692307,0.39097744360902253,0.0,0.5332189986857004,0.38480113636363633,,True,0.0,0.75,0.75
indoor,Two-stage without physics,1.0,0.3157894736842105,0.0,0.46094904815229565,0.3172483766233766,,True,0.0,0.75,0.8
indoor,Two-stage without physics,1.0,0.23308270676691728,0.0,0.35116362334407447,0.23584280303030303,,True,0.0,0.75,0.85
indoor,Two-stage without physics,1.0,0.17293233082706766,0.0,0.260194404931247,0.17673160173160174,,True,0.0,0.75,0.9
indoor,Two-stage without physics,1.0,0.12781954887218044,0.0,0.19384057971014493,0.13210227272727273,,True,0.0,0.75,0.95
indoor,Two-stage without physics,0.8837209302325582,0.6466165413533834,0.0,0.6591155262918176,0.5687635281385282,,False,0.01808785529715763,0.8,0.05
indoor,Two-stage without physics,0.8837209302325582,0.6466165413533834,0.0,0.6591155262918176,0.5687635281385282,,False,0.01808785529715763,0.8,0.1
indoor,Two-stage without physics,0.8837209302325582,0.6466165413533834,0.0,0.6591155262918176,0.5687635281385282,,False,0.01808785529715763,0.8,0.15
indoor,Two-stage without physics,0.8837209302325582,0.6466165413533834,0.0,0.6591155262918176,0.5687635281385282,,False,0.01808785529715763,0.8,0.2
indoor,Two-stage without physics,0.8837209302325582,0.6466165413533834,0.0,0.6591155262918176,0.5687635281385282,,False,0.01808785529715763,0.8,0.25
indoor,Two-stage without physics,0.8837209302325582,0.6466165413533834,0.0,0.6591155262918176,0.5687635281385282,,False,0.01808785529715763,0.8,0.3
indoor,Two-stage without physics,0.8837209302325582,0.6466165413533834,0.0,0.6591155262918176,0.5687635281385282,,False,0.01808785529715763,0.8,0.35
indoor,Two-stage without physics,0.8941176470588236,0.6390977443609023,0.0,0.6623397326410239,0.5687635281385282,,False,0.006535947712418277,0.8,0.4
indoor,Two-stage without physics,0.9024390243902439,0.6165413533834586,0.0,0.648535261912871,0.553612012987013,,True,0.0,0.8,0.45
indoor,Two-stage without physics,0.922077922077922,0.5789473684210527,0.0,0.6388447613730566,0.5313176406926408,,True,0.0,0.8,0.5
indoor,Two-stage without physics,0.9565217391304348,0.518796992481203,0.0,0.6225229097396805,0.4943046536796537,,True,0.0,0.8,0.55
indoor,Two-stage without physics,0.9538461538461539,0.48872180451127817,0.0,0.5941905062957694,0.4648674242424242,,True,0.0,0.8,0.6
indoor,Two-stage without physics,0.9482758620689655,0.43609022556390975,0.0,0.5507207207207208,0.4131358225108225,,True,0.0,0.8,0.65
indoor,Two-stage without physics,0.9622641509433962,0.39849624060150374,0.0,0.5213461538461539,0.3836985930735931,,True,0.0,0.8,0.7
indoor,Two-stage without physics,0.9791666666666666,0.3609022556390977,0.0,0.4962910696193371,0.3540246212121212,,True,0.0,0.8,0.75
indoor,Two-stage without physics,1.0,0.2857142857142857,0.0,0.42349290780141846,0.2864718614718615,,True,0.0,0.8,0.8
indoor,Two-stage without physics,1.0,0.20300751879699247,0.0,0.31314589665653497,0.2050662878787879,,True,0.0,0.8,0.85
indoor,Two-stage without physics,1.0,0.15037593984962405,0.0,0.23331426392067126,0.15353084415584417,,True,0.0,0.8,0.9
indoor,Two-stage without physics,1.0,0.12030075187969924,0.0,0.1861111111111111,0.12428977272727273,,True,0.0,0.8,0.95
indoor,Two-stage without physics,0.8902439024390244,0.6165413533834586,0.0,0.6342256453863597,0.545799512987013,,False,0.01084010840108402,0.85,0.05
indoor,Two-stage without physics,0.8902439024390244,0.6165413533834586,0.0,0.6342256453863597,0.545799512987013,,False,0.01084010840108402,0.85,0.1
indoor,Two-stage without physics,0.8902439024390244,0.6165413533834586,0.0,0.6342256453863597,0.545799512987013,,False,0.01084010840108402,0.85,0.15
indoor,Two-stage without physics,0.8902439024390244,0.6165413533834586,0.0,0.6342256453863597,0.545799512987013,,False,0.01084010840108402,0.85,0.2
indoor,Two-stage without physics,0.8902439024390244,0.6165413533834586,0.0,0.6342256453863597,0.545799512987013,,False,0.01084010840108402,0.85,0.25
indoor,Two-stage without physics,0.8902439024390244,0.6165413533834586,0.0,0.6342256453863597,0.545799512987013,,False,0.01084010840108402,0.85,0.3
indoor,Two-stage without physics,0.8902439024390244,0.6165413533834586,0.0,0.6342256453863597,0.545799512987013,,False,0.01084010840108402,0.85,0.35
indoor,Two-stage without physics,0.9012345679012346,0.6090225563909775,0.0,0.637449851735566,0.545799512987013,,True,0.0,0.85,0.4
indoor,Two-stage without physics,0.9102564102564102,0.5864661654135338,0.0,0.6219720378706554,0.5306479978354979,,True,0.0,0.85,0.45
indoor,Two-stage without physics,0.9315068493150684,0.5488721804511278,0.0,0.6117207538753207,0.5083536255411256,,True,0.0,0.85,0.5
indoor,Two-stage without physics,0.9545454545454546,0.49624060150375937,0.0,0.5918694904772386,0.47134063852813857,,True,0.0,0.85,0.55
indoor,Two-stage without physics,0.9523809523809523,0.47368421052631576,0.0,0.5752725066634841,0.44947916666666665,,True,0.0,0.85,0.6
indoor,Two-stage without physics,0.9464285714285714,0.42105263157894735,0.0,0.5318027210884354,0.3977475649350649,,True,0.0,0.85,0.65
indoor,Two-stage without physics,0.9615384615384616,0.39097744360902253,0.0,0.5148155416012559,0.3758860930735931,,True,0.0,0.85,0.7
indoor,Two-stage without physics,0.9787234042553191,0.3533834586466165,0.0,0.48948834853090173,0.3462121212121212,,True,0.0,0.85,0.75
indoor,Two-stage without physics,1.0,0.2781954887218045,0.0,0.41640070921985817,0.2786593614718615,,True,0.0,0.85,0.8
indoor,Two-stage without physics,1.0,0.19548872180451127,0.0,0.30574534161490685,0.1972537878787879,,True,0.0,0.85,0.85
indoor,Two-stage without physics,1.0,0.14285714285714285,0.0,0.22558479532163742,0.14571834415584417,,True,0.0,0.85,0.9
indoor,Two-stage without physics,1.0,0.11278195488721804,0.0,0.178030303030303,0.11647727272727273,,True,0.0,0.85,0.95
indoor,Two-stage without physics,0.8846153846153846,0.5864661654135338,0.0,0.608193867551336,0.5147862554112554,,False,0.017094017094017155,0.9,0.05
indoor,Two-stage without physics,0.8846153846153846,0.5864661654135338,0.0,0.608193867551336,0.5147862554112554,,False,0.017094017094017155,0.9,0.1
indoor,Two-stage without physics,0.8846153846153846,0.5864661654135338,0.0,0.608193867551336,0.5147862554112554,,False,0.017094017094017155,0.9,0.15
indoor,Two-stage without physics,0.8846153846153846,0.5864661654135338,0.0,0.608193867551336,0.5147862554112554,,False,0.017094017094017155,0.9,0.2
indoor,Two-stage without physics,0.8846153846153846,0.5864661654135338,0.0,0.608193867551336,0.5147862554112554,,False,0.017094017094017155,0.9,0.25
indoor,Two-stage without physics,0.8846153846153846,0.5864661654135338,0.0,0.608193867551336,0.5147862554112554,,False,0.017094017094017155,0.9,0.3
indoor,Two-stage without physics,0.8846153846153846,0.5864661654135338,0.0,0.608193867551336,0.5147862554112554,,False,0.017094017094017155,0.9,0.35
indoor,Two-stage without physics,0.8961038961038961,0.5789473684210527,0.0,0.6114180739005424,0.5147862554112554,,False,0.004329004329004392,0.9,0.4
indoor,Two-stage without physics,0.9054054054054054,0.556390977443609,0.0,0.595784971408635,0.49963474025974025,,True,0.0,0.9,0.45
indoor,Two-stage without physics,0.9285714285714286,0.5263157894736842,0.0,0.5904252791636968,0.48491612554112556,,True,0.0,0.9,0.5
indoor,Two-stage without physics,0.9523809523809523,0.47368421052631576,0.0,0.570574015765615,0.44790313852813857,,True,0.0,0.9,0.55
indoor,Two-stage without physics,0.95,0.45112781954887216,0.0,0.5539770319518603,0.42604166666666665,,True,0.0,0.9,0.6
indoor,Two-stage without physics,0.9433962264150944,0.39849624060150374,0.0,0.5105072463768116,0.3743100649350649,,True,0.0,0.9,0.65
indoor,Two-stage without physics,0.9591836734693877,0.3684210526315789,0.0,0.4935200668896321,0.35244859307359305,,True,0.0,0.9,0.7
indoor,Two-stage without physics,0.9772727272727273,0.3308270676691729,0.0,0.4672661263086795,0.3227746212121212,,True,0.0,0.9,0.75
indoor,Two-stage without physics,1.0,0.2556390977443609,0.0,0.3931898774983881,0.2552218614718615,,True,0.0,0.9,0.8
indoor,Two-stage without physics,1.0,0.17293233082706766,0.0,0.28147840531561463,0.1738162878787879,,True,0.0,0.9,0.85
indoor,Two-stage without physics,1.0,0.12030075187969924,0.0,0.20018796992481203,0.12228084415584416,,True,0.0,0.9,0.9
indoor,Two-stage without physics,1.0,0.09022556390977443,0.0,0.15142276422764228,0.09303977272727273,,True,0.0,0.9,0.95
indoor,Two-stage without physics,0.8840579710144928,0.518796992481203,0.0,0.5398361198703631,0.45346996753246754,,False,0.017713365539452474,0.95,0.05
indoor,Two-stage without physics,0.8840579710144928,0.518796992481203,0.0,0.5398361198703631,0.45346996753246754,,False,0.017713365539452474,0.95,0.1
indoor,Two-stage without physics,0.8840579710144928,0.518796992481203,0.0,0.5398361198703631,0.45346996753246754,,False,0.017713365539452474,0.95,0.15
indoor,Two-stage without physics,0.8840579710144928,0.518796992481203,0.0,0.5398361198703631,0.45346996753246754,,False,0.017713365539452474,0.95,0.2
indoor,Two-stage without physics,0.8840579710144928,0.518796992481203,0.0,0.5398361198703631,0.45346996753246754,,False,0.017713365539452474,0.95,0.25
indoor,Two-stage without physics,0.8840579710144928,0.518796992481203,0.0,0.5398361198703631,0.45346996753246754,,False,0.017713365539452474,0.95,0.3
indoor,Two-stage without physics,0.8840579710144928,0.518796992481203,0.0,0.5398361198703631,0.45346996753246754,,False,0.017713365539452474,0.95,0.35
indoor,Two-stage without physics,0.8970588235294118,0.5112781954887218,0.0,0.5430603262195695,0.45346996753246754,,False,0.0032679738562091387,0.95,0.4
indoor,Two-stage without physics,0.9104477611940298,0.5037593984962406,0.0,0.5434571516163949,0.45346996753246754,,True,0.0,0.95,0.45
indoor,Two-stage without physics,0.9365079365079365,0.47368421052631576,0.0,0.5371860642978056,0.4387513528138528,,True,0.0,0.95,0.5
indoor,Two-stage without physics,0.9482758620689655,0.43609022556390975,0.0,0.5193462951525971,0.4093141233766233,,True,0.0,0.95,0.55
indoor,Two-stage without physics,0.9454545454545454,0.41353383458646614,0.0,0.5027493113388426,0.3874526515151515,,True,0.0,0.95,0.6
indoor,Two-stage without physics,0.9375,0.3609022556390977,0.0,0.45927952576379394,0.3357210497835498,,True,0.0,0.95,0.65
indoor,Two-stage without physics,0.9545454545454546,0.3308270676691729,0.0,0.4422923462766144,0.3138595779220779,,True,0.0,0.95,0.7
indoor,Two-stage without physics,0.9743589743589743,0.2932330827067669,0.0,0.41490851659812866,0.28418560606060606,,True,0.0,0.95,0.75
indoor,Two-stage without physics,1.0,0.21804511278195488,0.0,0.3396215543820019,0.21663284632034632,,True,0.0,0.95,0.8
indoor,Two-stage without physics,1.0,0.13533834586466165,0.0,0.2266106442577031,0.13522727272727275,,True,0.0,0.95,0.85
indoor,Two-stage without physics,1.0,0.08270676691729323,0.0,0.14392315630705724,0.083691829004329,,True,0.0,0.95,0.9
indoor,Two-stage without physics,1.0,0.05263157894736842,0.0,0.0936532507739938,0.054450757575757576,,True,0.0,0.95,0.95
indoor,PhyGuard,0.9,0.9774436090225563,0.7714285714285715,0.8905366632745364,0.8820143398268399,,False,14.428571428571427,0.05,0.05
indoor,PhyGuard,0.9,0.9774436090225563,0.7714285714285715,0.8905366632745364,0.8820143398268399,,False,14.428571428571427,0.05,0.1
indoor,PhyGuard,0.9,0.9774436090225563,0.7714285714285715,0.8905366632745364,0.8820143398268399,,False,14.428571428571427,0.05,0.15
indoor,PhyGuard,0.9,0.9774436090225563,0.7714285714285715,0.8905366632745364,0.8820143398268399,,False,14.428571428571427,0.05,0.2
indoor,PhyGuard,0.9,0.9774436090225563,0.7714285714285715,0.8905366632745364,0.8820143398268399,,False,14.428571428571427,0.05,0.25
indoor,PhyGuard,0.9,0.9774436090225563,0.7714285714285715,0.8905366632745364,0.8820143398268399,,False,14.428571428571427,0.05,0.3
indoor,PhyGuard,0.9,0.9774436090225563,0.6714285714285714,0.8905366632745364,0.8820143398268399,,False,12.428571428571425,0.05,0.35
indoor,PhyGuard,0.905511811023622,0.9548872180451128,0.5571428571428572,0.8855311355311355,0.8666260822510823,,False,10.142857142857142,0.05,0.4
indoor,PhyGuard,0.9173553719008265,0.9097744360902256,0.38571428571428573,0.8736263736263736,0.8367559523809525,,False,6.714285714285714,0.05,0.45
indoor,PhyGuard,0.9545454545454546,0.8270676691729323,0.2857142857142857,0.8638873701476217,0.7917343073593073,,False,4.7142857142857135,0.05,0.5
indoor,PhyGuard,0.9705882352941176,0.7669172932330827,0.14285714285714285,0.8392709070684599,0.7467126623376623,,False,1.8571428571428568,0.05,0.55
indoor,PhyGuard,0.9690721649484536,0.7293233082706767,0.12857142857142856,0.8128737250678296,0.7096996753246753,,False,1.571428571428571,0.05,0.6
indoor,PhyGuard,0.9655172413793104,0.6541353383458647,0.07142857142857142,0.7523128423615338,0.6361066017316017,,False,0.42857142857142844,0.05,0.65
indoor,PhyGuard,0.9620253164556962,0.5939849624060151,0.05714285714285714,0.7047637415621987,0.5761295995670995,,False,0.14285714285714277,0.05,0.7
indoor,PhyGuard,0.9726027397260274,0.5488721804511278,0.0,0.6719977841153901,0.5382508116883117,,True,0.0,0.05,0.75
indoor,PhyGuard,1.0,0.43609022556390975,0.0,0.5874340105583106,0.4401176948051948,,True,0.0,0.05,0.8
indoor,PhyGuard,1.0,0.39097744360902253,0.0,0.5357740086000955,0.39485930735930735,,True,0.0,0.05,0.85
indoor,PhyGuard,1.0,0.2631578947368421,0.0,0.3712439983250194,0.2683915043290043,,True,0.0,0.05,0.9
indoor,PhyGuard,1.0,0.15789473684210525,0.0,0.2324561403508772,0.16287878787878787,,True,0.0,0.05,0.95
indoor,PhyGuard,0.9,0.9774436090225563,0.44285714285714284,0.8905366632745364,0.8820143398268399,,False,7.857142857142857,0.1,0.05
indoor,PhyGuard,0.9,0.9774436090225563,0.44285714285714284,0.8905366632745364,0.8820143398268399,,False,7.857142857142857,0.1,0.1
indoor,PhyGuard,0.9,0.9774436090225563,0.44285714285714284,0.8905366632745364,0.8820143398268399,,False,7.857142857142857,0.1,0.15
indoor,PhyGuard,0.9,0.9774436090225563,0.44285714285714284,0.8905366632745364,0.8820143398268399,,False,7.857142857142857,0.1,0.2
indoor,PhyGuard,0.9,0.9774436090225563,0.44285714285714284,0.8905366632745364,0.8820143398268399,,False,7.857142857142857,0.1,0.25
indoor,PhyGuard,0.9,0.9774436090225563,0.44285714285714284,0.8905366632745364,0.8820143398268399,,False,7.857142857142857,0.1,0.3
indoor,PhyGuard,0.9,0.9774436090225563,0.4142857142857143,0.8905366632745364,0.8820143398268399,,False,7.2857142857142865,0.1,0.35
indoor,PhyGuard,0.905511811023622,0.9548872180451128,0.34285714285714286,0.8855311355311355,0.8666260822510823,,False,5.857142857142857,0.1,0.4
indoor,PhyGuard,0.9173553719008265,0.9097744360902256,0.24285714285714285,0.8736263736263736,0.8367559523809525,,False,3.8571428571428568,0.1,0.45
indoor,PhyGuard,0.9545454545454546,0.8270676691729323,0.18571428571428572,0.8638873701476217,0.7917343073593073,,False,2.7142857142857144,0.1,0.5
indoor,PhyGuard,0.9705882352941176,0.7669172932330827,0.1,0.8392709070684599,0.7467126623376623,,False,1.0,0.1,0.55
indoor,PhyGuard,0.9690721649484536,0.7293233082706767,0.1,0.8128737250678296,0.7096996753246753,,False,1.0,0.1,0.6
indoor,PhyGuard,0.9655172413793104,0.6541353383458647,0.05714285714285714,0.7523128423615338,0.6361066017316017,,False,0.14285714285714277,0.1,0.65
indoor,PhyGuard,0.9620253164556962,0.5939849624060151,0.04285714285714286,0.7047637415621987,0.5761295995670995,,True,0.0,0.1,0.7
indoor,PhyGuard,0.9726027397260274,0.5488721804511278,0.0,0.6719977841153901,0.5382508116883117,,True,0.0,0.1,0.75
indoor,PhyGuard,1.0,0.43609022556390975,0.0,0.5874340105583106,0.4401176948051948,,True,0.0,0.1,0.8
indoor,PhyGuard,1.0,0.39097744360902253,0.0,0.5357740086000955,0.39485930735930735,,True,0.0,0.1,0.85
indoor,PhyGuard,1.0,0.2631578947368421,0.0,0.3712439983250194,0.2683915043290043,,True,0.0,0.1,0.9
indoor,PhyGuard,1.0,0.15789473684210525,0.0,0.2324561403508772,0.16287878787878787,,True,0.0,0.1,0.95
indoor,PhyGuard,0.9047619047619048,0.9473684210526315,0.2571428571428571,0.8808712121212121,0.8597199675324676,,False,4.142857142857142,0.15,0.05
indoor,PhyGuard,0.9047619047619048,0.9473684210526315,0.2571428571428571,0.8808712121212121,0.8597199675324676,,False,4.142857142857142,0.15,0.1
indoor,PhyGuard,0.9047619047619048,0.9473684210526315,0.2571428571428571,0.8808712121212121,0.8597199675324676,,False,4.142857142857142,0.15,0.15
indoor,PhyGuard,0.9047619047619048,0.9473684210526315,0.2571428571428571,0.8808712121212121,0.8597199675324676,,False,4.142857142857142,0.15,0.2
indoor,PhyGuard,0.9047619047619048,0.9473684210526315,0.2571428571428571,0.8808712121212121,0.8597199675324676,,False,4.142857142857142,0.15,0.25
indoor,PhyGuard,0.9047619047619048,0.9473684210526315,0.2571428571428571,0.8808712121212121,0.8597199675324676,,False,4.142857142857142,0.15,0.3
indoor,PhyGuard,0.9047619047619048,0.9473684210526315,0.22857142857142856,0.8808712121212121,0.8597199675324676,,False,3.5714285714285707,0.15,0.35
indoor,PhyGuard,0.9032258064516129,0.9323308270676691,0.18571428571428572,0.8724386724386725,0.84433170995671,,False,2.7142857142857144,0.15,0.4
indoor,PhyGuard,0.9152542372881356,0.8872180451127819,0.14285714285714285,0.8603430619559651,0.8144615800865802,,False,1.8571428571428568,0.15,0.45
indoor,PhyGuard,0.9532710280373832,0.8045112781954887,0.11428571428571428,0.8491831111358512,0.769439935064935,,False,1.2857142857142856,0.15,0.5
indoor,PhyGuard,0.97,0.7518796992481203,0.02857142857142857,0.8291108085462924,0.7315611471861472,,True,0.0,0.15,0.55
indoor,PhyGuard,0.968421052631579,0.7142857142857143,0.02857142857142857,0.8019610266551312,0.6945481601731601,,True,0.0,0.15,0.6
indoor,PhyGuard,0.9647058823529412,0.6390977443609023,0.02857142857142857,0.7409920876445527,0.6209550865800866,,True,0.0,0.15,0.65
indoor,PhyGuard,0.961038961038961,0.5789473684210527,0.014285714285714285,0.6910137415621987,0.5609780844155844,,True,0.0,0.15,0.7
indoor,PhyGuard,0.9722222222222222,0.5413533834586466,0.0,0.6643659617287112,0.5306750541125541,,True,0.0,0.15,0.75
indoor,PhyGuard,1.0,0.43609022556390975,0.0,0.5874340105583106,0.4401176948051948,,True,0.0,0.15,0.8
indoor,PhyGuard,1.0,0.39097744360902253,0.0,0.5357740086000955,0.39485930735930735,,True,0.0,0.15,0.85
indoor,PhyGuard,1.0,0.2631578947368421,0.0,0.3712439983250194,0.2683915043290043,,True,0.0,0.15,0.9
indoor,PhyGuard,1.0,0.15789473684210525,0.0,0.2324561403508772,0.16287878787878787,,True,0.0,0.15,0.95
indoor,PhyGuard,0.9112903225806451,0.9323308270676691,0.18571428571428572,0.8799039502164503,0.8519074675324676,,False,2.7142857142857144,0.2,0.05
indoor,PhyGuard,0.9112903225806451,0.9323308270676691,0.18571428571428572,0.8799039502164503,0.8519074675324676,,False,2.7142857142857144,0.2,0.1
indoor,PhyGuard,0.9112903225806451,0.9323308270676691,0.18571428571428572,0.8799039502164503,0.8519074675324676,,False,2.7142857142857144,0.2,0.15
indoor,PhyGuard,0.9112903225806451,0.9323308270676691,0.18571428571428572,0.8799039502164503,0.8519074675324676,,False,2.7142857142857144,0.2,0.2
indoor,PhyGuard,0.9112903225806451,0.9323308270676691,0.18571428571428572,0.8799039502164503,0.8519074675324676,,False,2.7142857142857144,0.2,0.25
indoor,PhyGuard,0.9112903225806451,0.9323308270676691,0.18571428571428572,0.8799039502164503,0.8519074675324676,,False,2.7142857142857144,0.2,0.3
indoor,PhyGuard,0.9112903225806451,0.9323308270676691,0.15714285714285714,0.8799039502164503,0.8519074675324676,,False,2.142857142857143,0.2,0.35
indoor,PhyGuard,0.9105691056910569,0.924812030075188,0.15714285714285714,0.8755636724386724,0.84433170995671,,False,2.142857142857143,0.2,0.4
indoor,PhyGuard,0.9152542372881356,0.8872180451127819,0.11428571428571428,0.8603430619559651,0.8144615800865802,,False,1.2857142857142856,0.2,0.45
indoor,PhyGuard,0.9532710280373832,0.8045112781954887,0.1,0.8491831111358512,0.769439935064935,,False,1.0,0.2,0.5
indoor,PhyGuard,0.97,0.7518796992481203,0.02857142857142857,0.8291108085462924,0.7315611471861472,,True,0.0,0.2,0.55
indoor,PhyGuard,0.968421052631579,0.7142857142857143,0.02857142857142857,0.8019610266551312,0.6945481601731601,,True,0.0,0.2,0.6
indoor,PhyGuard,0.9647058823529412,0.6390977443609023,0.02857142857142857,0.7409920876445527,0.6209550865800866,,True,0.0,0.2,0.65
indoor,PhyGuard,0.961038961038961,0.5789473684210527,0.014285714285714285,0.6910137415621987,0.5609780844155844,,True,0.0,0.2,0.7
indoor,PhyGuard,0.9722222222222222,0.5413533834586466,0.0,0.6643659617287112,0.5306750541125541,,True,0.0,0.2,0.75
indoor,PhyGuard,1.0,0.43609022556390975,0.0,0.5874340105583106,0.4401176948051948,,True,0.0,0.2,0.8
indoor,PhyGuard,1.0,0.39097744360902253,0.0,0.5357740086000955,0.39485930735930735,,True,0.0,0.2,0.85
indoor,PhyGuard,1.0,0.2631578947368421,0.0,0.3712439983250194,0.2683915043290043,,True,0.0,0.2,0.9
indoor,PhyGuard,1.0,0.15789473684210525,0.0,0.2324561403508772,0.16287878787878787,,True,0.0,0.2,0.95
indoor,PhyGuard,0.9090909090909091,0.9097744360902256,0.15714285714285714,0.8669104976564654,0.8289434523809525,,False,2.142857142857143,0.25,0.05
indoor,PhyGuard,0.9090909090909091,0.9097744360902256,0.15714285714285714,0.8669104976564654,0.8289434523809525,,False,2.142857142857143,0.25,0.1
indoor,PhyGuard,0.9090909090909091,0.9097744360902256,0.15714285714285714,0.8669104976564654,0.8289434523809525,,False,2.142857142857143,0.25,0.15
indoor,PhyGuard,0.9090909090909091,0.9097744360902256,0.15714285714285714,0.8669104976564654,0.8289434523809525,,False,2.142857142857143,0.25,0.2
indoor,PhyGuard,0.9090909090909091,0.9097744360902256,0.15714285714285714,0.8669104976564654,0.8289434523809525,,False,2.142857142857143,0.25,0.25
indoor,PhyGuard,0.9090909090909091,0.9097744360902256,0.15714285714285714,0.8669104976564654,0.8289434523809525,,False,2.142857142857143,0.25,0.3
indoor,PhyGuard,0.9090909090909091,0.9097744360902256,0.14285714285714285,0.8669104976564654,0.8289434523809525,,False,1.8571428571428568,0.25,0.35
indoor,PhyGuard,0.9083333333333333,0.9022556390977443,0.14285714285714285,0.8624302109181142,0.8213676948051949,,False,1.8571428571428568,0.25,0.4
indoor,PhyGuard,0.9137931034482759,0.8721804511278195,0.11428571428571428,0.8516385048643113,0.7990733225108226,,False,1.2857142857142856,0.25,0.45
indoor,PhyGuard,0.9523809523809523,0.7894736842105263,0.1,0.8397833723653396,0.7540516774891775,,False,1.0,0.25,0.5
indoor,PhyGuard,0.9696969696969697,0.7443609022556391,0.02857142857142857,0.8248802427081117,0.7237486471861472,,True,0.0,0.25,0.55
indoor,PhyGuard,0.9680851063829787,0.706766917293233,0.02857142857142857,0.7977304608169503,0.6867356601731601,,True,0.0,0.25,0.6
indoor,PhyGuard,0.9642857142857143,0.631578947368421,0.02857142857142857,0.7367615218063718,0.6131425865800866,,True,0.0,0.25,0.65
indoor,PhyGuard,0.9605263157894737,0.5714285714285714,0.014285714285714285,0.6866421568627451,0.5531655844155844,,True,0.0,0.25,0.7
indoor,PhyGuard,0.971830985915493,0.5338345864661654,0.0,0.6599943770292576,0.5228625541125541,,True,0.0,0.25,0.75
indoor,PhyGuard,1.0,0.42857142857142855,0.0,0.5824214792299898,0.4323051948051948,,True,0.0,0.25,0.8
indoor,PhyGuard,1.0,0.38345864661654133,0.0,0.5305792034052903,0.38704680735930735,,True,0.0,0.25,0.85
indoor,PhyGuard,1.0,0.2556390977443609,0.0,0.3654384830855419,0.2605790043290043,,True,0.0,0.25,0.9
indoor,PhyGuard,1.0,0.15037593984962405,0.0,0.2253639417693169,0.15506628787878787,,True,0.0,0.25,0.95
indoor,PhyGuard,0.9067796610169492,0.8872180451127819,0.12857142857142856,0.8535592431761787,0.8057426948051949,,False,1.571428571428571,0.3,0.05
indoor,PhyGuard,0.9067796610169492,0.8872180451127819,0.12857142857142856,0.8535592431761787,0.8057426948051949,,False,1.571428571428571,0.3,0.1
indoor,PhyGuard,0.9067796610169492,0.8872180451127819,0.12857142857142856,0.8535592431761787,0.8057426948051949,,False,1.571428571428571,0.3,0.15
indoor,PhyGuard,0.9067796610169492,0.8872180451127819,0.12857142857142856,0.8535592431761787,0.8057426948051949,,False,1.571428571428571,0.3,0.2
indoor,PhyGuard,0.9067796610169492,0.8872180451127819,0.12857142857142856,0.8535592431761787,0.8057426948051949,,False,1.571428571428571,0.3,0.25
indoor,PhyGuard,0.9067796610169492,0.8872180451127819,0.12857142857142856,0.8535592431761787,0.8057426948051949,,False,1.571428571428571,0.3,0.3
indoor,PhyGuard,0.9067796610169492,0.8872180451127819,0.11428571428571428,0.8535592431761787,0.8057426948051949,,False,1.2857142857142856,0.3,0.35
indoor,PhyGuard,0.9067796610169492,0.8872180451127819,0.11428571428571428,0.8535592431761787,0.8057426948051949,,False,1.2857142857142856,0.3,0.4
indoor,PhyGuard,0.9122807017543859,0.8571428571428571,0.08571428571428572,0.8427675371223757,0.7834483225108226,,False,0.7142857142857142,0.3,0.45
indoor,PhyGuard,0.9514563106796117,0.7744360902255639,0.07142857142857142,0.8308920136545865,0.7384266774891775,,False,0.42857142857142844,0.3,0.5
indoor,PhyGuard,0.9690721649484536,0.7293233082706767,0.014285714285714285,0.8159888839973586,0.7081236471861472,,True,0.0,0.3,0.55
indoor,PhyGuard,0.967391304347826,0.6917293233082706,0.014285714285714285,0.7888391021061975,0.6711106601731601,,True,0.0,0.3,0.6
indoor,PhyGuard,0.9634146341463414,0.6165413533834586,0.014285714285714285,0.7278701630956189,0.5975175865800866,,True,0.0,0.3,0.65
indoor,PhyGuard,0.9594594594594594,0.556390977443609,0.014285714285714285,0.6774467545638946,0.5375405844155844,,True,0.0,0.3,0.7
indoor,PhyGuard,0.9710144927536232,0.518796992481203,0.0,0.650798974730407,0.5072375541125541,,True,0.0,0.3,0.75
indoor,PhyGuard,1.0,0.42105263157894735,0.0,0.5772266740351846,0.4244926948051948,,True,0.0,0.3,0.8
indoor,PhyGuard,1.0,0.37593984962406013,0.0,0.525191998018085,0.37923430735930735,,True,0.0,0.3,0.85
indoor,PhyGuard,1.0,0.24812030075187969,0.0,0.35940530058177117,0.2527665043290043,,True,0.0,0.3,0.9
indoor,PhyGuard,1.0,0.15037593984962405,0.0,0.2253639417693169,0.15506628787878787,,True,0.0,0.3,0.95
indoor,PhyGuard,0.9137931034482759,0.8721804511278195,0.11428571428571428,0.8526605009109111,0.7985998376623378,,False,1.2857142857142856,0.35,0.05
indoor,PhyGuard,0.9137931034482759,0.8721804511278195,0.11428571428571428,0.8526605009109111,0.7985998376623378,,False,1.2857142857142856,0.35,0.1
indoor,PhyGuard,0.9137931034482759,0.8721804511278195,0.11428571428571428,0.8526605009109111,0.7985998376623378,,False,1.2857142857142856,0.35,0.15
indoor,PhyGuard,0.9137931034482759,0.8721804511278195,0.11428571428571428,0.8526605009109111,0.7985998376623378,,False,1.2857142857142856,0.35,0.2
indoor,PhyGuard,0.9137931034482759,0.8721804511278195,0.11428571428571428,0.8526605009109111,0.7985998376623378,,False,1.2857142857142856,0.35,0.25
indoor,PhyGuard,0.9137931034482759,0.8721804511278195,0.11428571428571428,0.8526605009109111,0.7985998376623378,,False,1.2857142857142856,0.35,0.3
indoor,PhyGuard,0.9137931034482759,0.8721804511278195,0.1,0.8526605009109111,0.7985998376623378,,False,1.0,0.35,0.35
indoor,PhyGuard,0.9137931034482759,0.8721804511278195,0.1,0.8526605009109111,0.7985998376623378,,False,1.0,0.35,0.4
indoor,PhyGuard,0.9203539823008849,0.849624060150376,0.08571428571428572,0.8465810964444096,0.7834483225108226,,False,0.7142857142857142,0.35,0.45
indoor,PhyGuard,0.9514563106796117,0.7744360902255639,0.07142857142857142,0.8308920136545865,0.7384266774891775,,False,0.42857142857142844,0.35,0.5
indoor,PhyGuard,0.9690721649484536,0.7293233082706767,0.014285714285714285,0.8159888839973586,0.7081236471861472,,True,0.0,0.35,0.55
indoor,PhyGuard,0.967391304347826,0.6917293233082706,0.014285714285714285,0.7888391021061975,0.6711106601731601,,True,0.0,0.35,0.6
indoor,PhyGuard,0.9634146341463414,0.6165413533834586,0.014285714285714285,0.7278701630956189,0.5975175865800866,,True,0.0,0.35,0.65
indoor,PhyGuard,0.9594594594594594,0.556390977443609,0.014285714285714285,0.6774467545638946,0.5375405844155844,,True,0.0,0.35,0.7
indoor,PhyGuard,0.9710144927536232,0.518796992481203,0.0,0.650798974730407,0.5072375541125541,,True,0.0,0.35,0.75
indoor,PhyGuard,1.0,0.42105263157894735,0.0,0.5772266740351846,0.4244926948051948,,True,0.0,0.35,0.8
indoor,PhyGuard,1.0,0.37593984962406013,0.0,0.525191998018085,0.37923430735930735,,True,0.0,0.35,0.85
indoor,PhyGuard,1.0,0.24812030075187969,0.0,0.35940530058177117,0.2527665043290043,,True,0.0,0.35,0.9
indoor,PhyGuard,1.0,0.15037593984962405,0.0,0.2253639417693169,0.15506628787878787,,True,0.0,0.35,0.95
indoor,PhyGuard,0.9130434782608695,0.8646616541353384,0.1,0.8480333195254007,0.7910240800865801,,False,1.0,0.4,0.05
indoor,PhyGuard,0.9130434782608695,0.8646616541353384,0.1,0.8480333195254007,0.7910240800865801,,False,1.0,0.4,0.1
indoor,PhyGuard,0.9130434782608695,0.8646616541353384,0.1,0.8480333195254007,0.7910240800865801,,False,1.0,0.4,0.15
indoor,PhyGuard,0.9130434782608695,0.8646616541353384,0.1,0.8480333195254007,0.7910240800865801,,False,1.0,0.4,0.2
indoor,PhyGuard,0.9130434782608695,0.8646616541353384,0.1,0.8480333195254007,0.7910240800865801,,False,1.0,0.4,0.25
indoor,PhyGuard,0.9130434782608695,0.8646616541353384,0.1,0.8480333195254007,0.7910240800865801,,False,1.0,0.4,0.3
indoor,PhyGuard,0.9130434782608695,0.8646616541353384,0.08571428571428572,0.8480333195254007,0.7910240800865801,,False,0.7142857142857142,0.4,0.35
indoor,PhyGuard,0.9130434782608695,0.8646616541353384,0.08571428571428572,0.8480333195254007,0.7910240800865801,,False,0.7142857142857142,0.4,0.4
indoor,PhyGuard,0.9196428571428571,0.8421052631578947,0.07142857142857142,0.8419539150588993,0.7758725649350648,,False,0.42857142857142844,0.4,0.45
indoor,PhyGuard,0.9509803921568627,0.7669172932330827,0.05714285714285714,0.8255348707974437,0.7308509199134199,,False,0.14285714285714277,0.4,0.5
indoor,PhyGuard,0.96875,0.7218045112781954,0.014285714285714285,0.8106317411402157,0.7005478896103896,,True,0.0,0.4,0.55
indoor,PhyGuard,0.967391304347826,0.6917293233082706,0.014285714285714285,0.7888391021061975,0.6711106601731601,,True,0.0,0.4,0.6
indoor,PhyGuard,0.9634146341463414,0.6165413533834586,0.014285714285714285,0.7278701630956189,0.5975175865800866,,True,0.0,0.4,0.65
indoor,PhyGuard,0.9594594594594594,0.556390977443609,0.014285714285714285,0.6774467545638946,0.5375405844155844,,True,0.0,0.4,0.7
indoor,PhyGuard,0.9710144927536232,0.518796992481203,0.0,0.650798974730407,0.5072375541125541,,True,0.0,0.4,0.75
indoor,PhyGuard,1.0,0.42105263157894735,0.0,0.5772266740351846,0.4244926948051948,,True,0.0,0.4,0.8
indoor,PhyGuard,1.0,0.37593984962406013,0.0,0.525191998018085,0.37923430735930735,,True,0.0,0.4,0.85
indoor,PhyGuard,1.0,0.24812030075187969,0.0,0.35940530058177117,0.2527665043290043,,True,0.0,0.4,0.9
indoor,PhyGuard,1.0,0.15037593984962405,0.0,0.2253639417693169,0.15506628787878787,,True,0.0,0.4,0.95
indoor,PhyGuard,0.911504424778761,0.849624060150376,0.08571428571428572,0.8385762704728222,0.7756358225108225,,False,0.7142857142857142,0.45,0.05
indoor,PhyGuard,0.911504424778761,0.849624060150376,0.08571428571428572,0.8385762704728222,0.7756358225108225,,False,0.7142857142857142,0.45,0.1
indoor,PhyGuard,0.911504424778761,0.849624060150376,0.08571428571428572,0.8385762704728222,0.7756358225108225,,False,0.7142857142857142,0.45,0.15
indoor,PhyGuard,0.911504424778761,0.849624060150376,0.08571428571428572,0.8385762704728222,0.7756358225108225,,False,0.7142857142857142,0.45,0.2
indoor,PhyGuard,0.911504424778761,0.849624060150376,0.08571428571428572,0.8385762704728222,0.7756358225108225,,False,0.7142857142857142,0.45,0.25
indoor,PhyGuard,0.911504424778761,0.849624060150376,0.08571428571428572,0.8385762704728222,0.7756358225108225,,False,0.7142857142857142,0.45,0.3
indoor,PhyGuard,0.911504424778761,0.849624060150376,0.07142857142857142,0.8385762704728222,0.7756358225108225,,False,0.42857142857142844,0.45,0.35
indoor,PhyGuard,0.911504424778761,0.849624060150376,0.07142857142857142,0.8385762704728222,0.7756358225108225,,False,0.42857142857142844,0.45,0.4
indoor,PhyGuard,0.9181818181818182,0.8270676691729323,0.05714285714285714,0.8324968660063209,0.7604843073593073,,False,0.14285714285714277,0.45,0.45
indoor,PhyGuard,0.9504950495049505,0.7593984962406015,0.05714285714285714,0.8208592425098926,0.7230384199134199,,False,0.14285714285714277,0.45,0.5
indoor,PhyGuard,0.968421052631579,0.7142857142857143,0.014285714285714285,0.8059561128526647,0.6927353896103896,,True,0.0,0.45,0.55
indoor,PhyGuard,0.967032967032967,0.6842105263157895,0.014285714285714285,0.7841634738186463,0.6632981601731601,,True,0.0,0.45,0.6
indoor,PhyGuard,0.9629629629629629,0.6090225563909775,0.014285714285714285,0.7231945348080677,0.5897050865800866,,True,0.0,0.45,0.65
indoor,PhyGuard,0.958904109589041,0.5488721804511278,0.014285714285714285,0.6726070691434469,0.5297280844155844,,True,0.0,0.45,0.7
indoor,PhyGuard,0.9705882352941176,0.5112781954887218,0.0,0.6459592893099594,0.4994250541125541,,True,0.0,0.45,0.75
indoor,PhyGuard,1.0,0.41353383458646614,0.0,0.5718394686479792,0.4166801948051948,,True,0.0,0.45,0.8
indoor,PhyGuard,1.0,0.3684210526315789,0.0,0.5196015018615512,0.37142180735930735,,True,0.0,0.45,0.85
indoor,PhyGuard,1.0,0.24060150375939848,0.0,0.3531307907778496,0.24495400432900433,,True,0.0,0.45,0.9
indoor,PhyGuard,1.0,0.15037593984962405,0.0,0.2253639417693169,0.15506628787878787,,True,0.0,0.45,0.95
indoor,PhyGuard,0.9099099099099099,0.8345864661654135,0.07142857142857142,0.8287930822275158,0.760247564935065,,False,0.42857142857142844,0.5,0.05
indoor,PhyGuard,0.9099099099099099,0.8345864661654135,0.07142857142857142,0.8287930822275158,0.760247564935065,,False,0.42857142857142844,0.5,0.1
indoor,PhyGuard,0.9099099099099099,0.8345864661654135,0.07142857142857142,0.8287930822275158,0.760247564935065,,False,0.42857142857142844,0.5,0.15
indoor,PhyGuard,0.9099099099099099,0.8345864661654135,0.07142857142857142,0.8287930822275158,0.760247564935065,,False,0.42857142857142844,0.5,0.2
indoor,PhyGuard,0.9099099099099099,0.8345864661654135,0.07142857142857142,0.8287930822275158,0.760247564935065,,False,0.42857142857142844,0.5,0.25
indoor,PhyGuard,0.9099099099099099,0.8345864661654135,0.07142857142857142,0.8287930822275158,0.760247564935065,,False,0.42857142857142844,0.5,0.3
indoor,PhyGuard,0.9099099099099099,0.8345864661654135,0.05714285714285714,0.8287930822275158,0.760247564935065,,False,0.14285714285714277,0.5,0.35
indoor,PhyGuard,0.9099099099099099,0.8345864661654135,0.05714285714285714,0.8287930822275158,0.760247564935065,,False,0.14285714285714277,0.5,0.4
indoor,PhyGuard,0.9166666666666666,0.8120300751879699,0.04285714285714286,0.8227136777610145,0.7450960497835497,,True,0.0,0.5,0.45
indoor,PhyGuard,0.95,0.7518796992481203,0.04285714285714286,0.8160195570894448,0.7152259199134199,,True,0.0,0.5,0.5
indoor,PhyGuard,0.9680851063829787,0.706766917293233,0.014285714285714285,0.8011164274322169,0.6849228896103896,,True,0.0,0.5,0.55
indoor,PhyGuard,0.9666666666666667,0.6766917293233082,0.014285714285714285,0.7793237883981986,0.6554856601731601,,True,0.0,0.5,0.6
indoor,PhyGuard,0.9625,0.6015037593984962,0.014285714285714285,0.7183548493876201,0.5818925865800866,,True,0.0,0.5,0.65
indoor,PhyGuard,0.9583333333333334,0.5413533834586466,0.014285714285714285,0.6675945378151261,0.5219155844155844,,True,0.0,0.5,0.7
indoor,PhyGuard,0.9701492537313433,0.5037593984962406,0.0,0.6409467579816386,0.4916125541125541,,True,0.0,0.5,0.75
indoor,PhyGuard,1.0,0.40601503759398494,0.0,0.5662489724914453,0.4088676948051948,,True,0.0,0.5,0.8
indoor,PhyGuard,1.0,0.3609022556390977,0.0,0.5137959866220736,0.36360930735930735,,True,0.0,0.5,0.85
indoor,PhyGuard,1.0,0.24060150375939848,0.0,0.3531307907778496,0.24495400432900433,,True,0.0,0.5,0.9
indoor,PhyGuard,1.0,0.15037593984962405,0.0,0.2253639417693169,0.15506628787878787,,True,0.0,0.5,0.95
indoor,PhyGuard,0.9099099099099099,0.8345864661654135,0.04285714285714286,0.8287930822275158,0.760247564935065,,True,0.0,0.55,0.05
indoor,PhyGuard,0.9099099099099099,0.8345864661654135,0.04285714285714286,0.8287930822275158,0.760247564935065,,True,0.0,0.55,0.1
indoor,PhyGuard,0.9099099099099099,0.8345864661654135,0.04285714285714286,0.8287930822275158,0.760247564935065,,True,0.0,0.55,0.15
indoor,PhyGuard,0.9099099099099099,0.8345864661654135,0.04285714285714286,0.8287930822275158,0.760247564935065,,True,0.0,0.55,0.2
indoor,PhyGuard,0.9099099099099099,0.8345864661654135,0.04285714285714286,0.8287930822275158,0.760247564935065,,True,0.0,0.55,0.25
indoor,PhyGuard,0.9099099099099099,0.8345864661654135,0.04285714285714286,0.8287930822275158,0.760247564935065,,True,0.0,0.55,0.3
indoor,PhyGuard,0.9099099099099099,0.8345864661654135,0.02857142857142857,0.8287930822275158,0.760247564935065,,True,0.0,0.55,0.35
indoor,PhyGuard,0.9099099099099099,0.8345864661654135,0.02857142857142857,0.8287930822275158,0.760247564935065,,True,0.0,0.55,0.4
indoor,PhyGuard,0.9166666666666666,0.8120300751879699,0.014285714285714285,0.8227136777610145,0.7450960497835497,,True,0.0,0.55,0.45
indoor,PhyGuard,0.95,0.7518796992481203,0.014285714285714285,0.8160195570894448,0.7152259199134199,,True,0.0,0.55,0.5
indoor,PhyGuard,0.9680851063829787,0.706766917293233,0.0,0.8011164274322169,0.6849228896103896,,True,0.0,0.55,0.55
indoor,PhyGuard,0.9666666666666667,0.6766917293233082,0.0,0.7793237883981986,0.6554856601731601,,True,0.0,0.55,0.6
indoor,PhyGuard,0.9625,0.6015037593984962,0.0,0.7183548493876201,0.5818925865800866,,True,0.0,0.55,0.65
indoor,PhyGuard,0.9583333333333334,0.5413533834586466,0.0,0.6675945378151261,0.5219155844155844,,True,0.0,0.55,0.7
indoor,PhyGuard,0.9701492537313433,0.5037593984962406,0.0,0.6409467579816386,0.4916125541125541,,True,0.0,0.55,0.75
indoor,PhyGuard,1.0,0.40601503759398494,0.0,0.5662489724914453,0.4088676948051948,,True,0.0,0.55,0.8
indoor,PhyGuard,1.0,0.3609022556390977,0.0,0.5137959866220736,0.36360930735930735,,True,0.0,0.55,0.85
indoor,PhyGuard,1.0,0.24060150375939848,0.0,0.3531307907778496,0.24495400432900433,,True,0.0,0.55,0.9
indoor,PhyGuard,1.0,0.15037593984962405,0.0,0.2253639417693169,0.15506628787878787,,True,0.0,0.55,0.95
indoor,PhyGuard,0.9074074074074074,0.8120300751879699,0.04285714285714286,0.8143995045083974,0.7375202922077921,,True,0.0,0.6,0.05
indoor,PhyGuard,0.9074074074074074,0.8120300751879699,0.04285714285714286,0.8143995045083974,0.7375202922077921,,True,0.0,0.6,0.1
indoor,PhyGuard,0.9074074074074074,0.8120300751879699,0.04285714285714286,0.8143995045083974,0.7375202922077921,,True,0.0,0.6,0.15
indoor,PhyGuard,0.9074074074074074,0.8120300751879699,0.04285714285714286,0.8143995045083974,0.7375202922077921,,True,0.0,0.6,0.2
indoor,PhyGuard,0.9074074074074074,0.8120300751879699,0.04285714285714286,0.8143995045083974,0.7375202922077921,,True,0.0,0.6,0.25
indoor,PhyGuard,0.9074074074074074,0.8120300751879699,0.04285714285714286,0.8143995045083974,0.7375202922077921,,True,0.0,0.6,0.3
indoor,PhyGuard,0.9074074074074074,0.8120300751879699,0.02857142857142857,0.8143995045083974,0.7375202922077921,,True,0.0,0.6,0.35
indoor,PhyGuard,0.9074074074074074,0.8120300751879699,0.02857142857142857,0.8143995045083974,0.7375202922077921,,True,0.0,0.6,0.4
indoor,PhyGuard,0.9158878504672897,0.8045112781954887,0.014285714285714285,0.8175997093215054,0.7375202922077921,,True,0.0,0.6,0.45
indoor,PhyGuard,0.9494949494949495,0.7443609022556391,0.014285714285714285,0.8104640015338893,0.7076501623376623,,True,0.0,0.6,0.5
indoor,PhyGuard,0.967741935483871,0.6992481203007519,0.0,0.7955608718766614,0.677347132034632,,True,0.0,0.6,0.55
indoor,PhyGuard,0.9666666666666667,0.6766917293233082,0.0,0.7793237883981986,0.6554856601731601,,True,0.0,0.6,0.6
indoor,PhyGuard,0.9625,0.6015037593984962,0.0,0.7183548493876201,0.5818925865800866,,True,0.0,0.6,0.65
indoor,PhyGuard,0.9583333333333334,0.5413533834586466,0.0,0.6675945378151261,0.5219155844155844,,True,0.0,0.6,0.7
indoor,PhyGuard,0.9701492537313433,0.5037593984962406,0.0,0.6409467579816386,0.4916125541125541,,True,0.0,0.6,0.75
indoor,PhyGuard,1.0,0.40601503759398494,0.0,0.5662489724914453,0.4088676948051948,,True,0.0,0.6,0.8
indoor,PhyGuard,1.0,0.3609022556390977,0.0,0.5137959866220736,0.36360930735930735,,True,0.0,0.6,0.85
indoor,PhyGuard,1.0,0.24060150375939848,0.0,0.3531307907778496,0.24495400432900433,,True,0.0,0.6,0.9
indoor,PhyGuard,1.0,0.15037593984962405,0.0,0.2253639417693169,0.15506628787878787,,True,0.0,0.6,0.95
indoor,PhyGuard,0.9056603773584906,0.7969924812030075,0.02857142857142857,0.8045226618641523,0.7221320346320346,,True,0.0,0.65,0.05
indoor,PhyGuard,0.9056603773584906,0.7969924812030075,0.02857142857142857,0.8045226618641523,0.7221320346320346,,True,0.0,0.65,0.1
indoor,PhyGuard,0.9056603773584906,0.7969924812030075,0.02857142857142857,0.8045226618641523,0.7221320346320346,,True,0.0,0.65,0.15
indoor,PhyGuard,0.9056603773584906,0.7969924812030075,0.02857142857142857,0.8045226618641523,0.7221320346320346,,True,0.0,0.65,0.2
indoor,PhyGuard,0.9056603773584906,0.7969924812030075,0.02857142857142857,0.8045226618641523,0.7221320346320346,,True,0.0,0.65,0.25
indoor,PhyGuard,0.9056603773584906,0.7969924812030075,0.02857142857142857,0.8045226618641523,0.7221320346320346,,True,0.0,0.65,0.3
indoor,PhyGuard,0.9056603773584906,0.7969924812030075,0.014285714285714285,0.8045226618641523,0.7221320346320346,,True,0.0,0.65,0.35
indoor,PhyGuard,0.9056603773584906,0.7969924812030075,0.014285714285714285,0.8045226618641523,0.7221320346320346,,True,0.0,0.65,0.4
indoor,PhyGuard,0.9142857142857143,0.7894736842105263,0.014285714285714285,0.8077228666772605,0.7221320346320346,,True,0.0,0.65,0.45
indoor,PhyGuard,0.9484536082474226,0.7293233082706767,0.014285714285714285,0.8003667244428567,0.6922619047619047,,True,0.0,0.65,0.5
indoor,PhyGuard,0.967032967032967,0.6842105263157895,0.0,0.7846560846560847,0.6619588744588745,,True,0.0,0.65,0.55
indoor,PhyGuard,0.9662921348314607,0.6691729323308271,0.0,0.7743112570698778,0.6476731601731601,,True,0.0,0.65,0.6
indoor,PhyGuard,0.9620253164556962,0.5939849624060151,0.0,0.7133423180592993,0.5740800865800866,,True,0.0,0.65,0.65
indoor,PhyGuard,0.9577464788732394,0.5338345864661654,0.0,0.6623997326203209,0.5141030844155844,,True,0.0,0.65,0.7
indoor,PhyGuard,0.9696969696969697,0.49624060150375937,0.0,0.6357519527868334,0.4838000541125541,,True,0.0,0.65,0.75
indoor,PhyGuard,1.0,0.40601503759398494,0.0,0.5662489724914453,0.4088676948051948,,True,0.0,0.65,0.8
indoor,PhyGuard,1.0,0.3609022556390977,0.0,0.5137959866220736,0.36360930735930735,,True,0.0,0.65,0.85
indoor,PhyGuard,1.0,0.24060150375939848,0.0,0.3531307907778496,0.24495400432900433,,True,0.0,0.65,0.9
indoor,PhyGuard,1.0,0.15037593984962405,0.0,0.2253639417693169,0.15506628787878787,,True,0.0,0.65,0.95
indoor,PhyGuard,0.9108910891089109,0.7593984962406015,0.02857142857142857,0.7867655249234197,0.6913555194805194,,True,0.0,0.7,0.05
indoor,PhyGuard,0.9108910891089109,0.7593984962406015,0.02857142857142857,0.7867655249234197,0.6913555194805194,,True,0.0,0.7,0.1
indoor,PhyGuard,0.9108910891089109,0.7593984962406015,0.02857142857142857,0.7867655249234197,0.6913555194805194,,True,0.0,0.7,0.15
indoor,PhyGuard,0.9108910891089109,0.7593984962406015,0.02857142857142857,0.7867655249234197,0.6913555194805194,,True,0.0,0.7,0.2
indoor,PhyGuard,0.9108910891089109,0.7593984962406015,0.02857142857142857,0.7867655249234197,0.6913555194805194,,True,0.0,0.7,0.25
indoor,PhyGuard,0.9108910891089109,0.7593984962406015,0.02857142857142857,0.7867655249234197,0.6913555194805194,,True,0.0,0.7,0.3
indoor,PhyGuard,0.9108910891089109,0.7593984962406015,0.014285714285714285,0.7867655249234197,0.6913555194805194,,True,0.0,0.7,0.35
indoor,PhyGuard,0.9108910891089109,0.7593984962406015,0.014285714285714285,0.7867655249234197,0.6913555194805194,,True,0.0,0.7,0.4
indoor,PhyGuard,0.92,0.7518796992481203,0.014285714285714285,0.7899657297365277,0.6913555194805194,,True,0.0,0.7,0.45
indoor,PhyGuard,0.946236559139785,0.6992481203007519,0.014285714285714285,0.7787594328759255,0.6614853896103896,,True,0.0,0.7,0.5
indoor,PhyGuard,0.9659090909090909,0.6616541353383458,0.0,0.7683088749126485,0.6387581168831169,,True,0.0,0.7,0.55
indoor,PhyGuard,0.9651162790697675,0.6466165413533834,0.0,0.7579640473264416,0.6244724025974026,,True,0.0,0.7,0.6
indoor,PhyGuard,0.9605263157894737,0.5714285714285714,0.0,0.6967733698865775,0.550879329004329,,True,0.0,0.7,0.65
indoor,PhyGuard,0.9565217391304348,0.518796992481203,0.0,0.6496986974458815,0.4987148268398268,,True,0.0,0.7,0.7
indoor,PhyGuard,0.96875,0.48120300751879697,0.0,0.6223937329068744,0.46841179653679654,,True,0.0,0.7,0.75
indoor,PhyGuard,1.0,0.39097744360902253,0.0,0.5521101239186345,0.39347943722943723,,True,0.0,0.7,0.8
indoor,PhyGuard,1.0,0.3458646616541353,0.0,0.4990418738857447,0.3482210497835498,,True,0.0,0.7,0.85
indoor,PhyGuard,1.0,0.23308270676691728,0.0,0.3466001785329516,0.23714150432900433,,True,0.0,0.7,0.9
indoor,PhyGuard,1.0,0.15037593984962405,0.0,0.2253639417693169,0.15506628787878787,,True,0.0,0.7,0.95
indoor,PhyGuard,0.9042553191489362,0.706766917293233,0.014285714285714285,0.7461651956380035,0.6376149891774892,,True,0.0,0.75,0.05
indoor,PhyGuard,0.9042553191489362,0.706766917293233,0.014285714285714285,0.7461651956380035,0.6376149891774892,,True,0.0,0.75,0.1
indoor,PhyGuard,0.9042553191489362,0.706766917293233,0.014285714285714285,0.7461651956380035,0.6376149891774892,,True,0.0,0.75,0.15
indoor,PhyGuard,0.9042553191489362,0.706766917293233,0.014285714285714285,0.7461651956380035,0.6376149891774892,,True,0.0,0.75,0.2
indoor,PhyGuard,0.9042553191489362,0.706766917293233,0.014285714285714285,0.7461651956380035,0.6376149891774892,,True,0.0,0.75,0.25
indoor,PhyGuard,0.9042553191489362,0.706766917293233,0.014285714285714285,0.7461651956380035,0.6376149891774892,,True,0.0,0.75,0.3
indoor,PhyGuard,0.9042553191489362,0.706766917293233,0.014285714285714285,0.7461651956380035,0.6376149891774892,,True,0.0,0.75,0.35
indoor,PhyGuard,0.9042553191489362,0.706766917293233,0.014285714285714285,0.7461651956380035,0.6376149891774892,,True,0.0,0.75,0.4
indoor,PhyGuard,0.9139784946236559,0.6992481203007519,0.014285714285714285,0.7493654004511117,0.6376149891774892,,True,0.0,0.75,0.45
indoor,PhyGuard,0.9425287356321839,0.6541353383458647,0.014285714285714285,0.7426509936931245,0.6153206168831169,,True,0.0,0.75,0.5
indoor,PhyGuard,0.9634146341463414,0.6165413533834586,0.0,0.7322004357298475,0.5925933441558442,,True,0.0,0.75,0.55
indoor,PhyGuard,0.9625,0.6015037593984962,0.0,0.7218556081436406,0.5783076298701298,,True,0.0,0.75,0.6
indoor,PhyGuard,0.9577464788732394,0.5338345864661654,0.0,0.6666518682944876,0.5122903138528139,,True,0.0,0.75,0.65
indoor,PhyGuard,0.953125,0.48120300751879697,0.0,0.6166666666666667,0.4601258116883117,,True,0.0,0.75,0.7
indoor,PhyGuard,0.9661016949152542,0.44360902255639095,0.0,0.5879102754412008,0.4298227813852814,,True,0.0,0.75,0.75
indoor,PhyGuard,1.0,0.3609022556390977,0.0,0.5219452887537993,0.36270292207792204,,True,0.0,0.75,0.8
indoor,PhyGuard,1.0,0.3157894736842105,0.0,0.46751865767923945,0.31744453463203465,,True,0.0,0.75,0.85
indoor,PhyGuard,1.0,0.21052631578947367,0.0,0.32312337732985497,0.21394074675324676,,True,0.0,0.75,0.9
indoor,PhyGuard,1.0,0.15037593984962405,0.0,0.2253639417693169,0.15506628787878787,,True,0.0,0.75,0.95
indoor,PhyGuard,0.9010989010989011,0.6842105263157895,0.014285714285714285,0.7269421101774043,0.614650974025974,,True,0.0,0.8,0.05
indoor,PhyGuard,0.9010989010989011,0.6842105263157895,0.014285714285714285,0.7269421101774043,0.614650974025974,,True,0.0,0.8,0.1
indoor,PhyGuard,0.9010989010989011,0.6842105263157895,0.014285714285714285,0.7269421101774043,0.614650974025974,,True,0.0,0.8,0.15
indoor,PhyGuard,0.9010989010989011,0.6842105263157895,0.014285714285714285,0.7269421101774043,0.614650974025974,,True,0.0,0.8,0.2
indoor,PhyGuard,0.9010989010989011,0.6842105263157895,0.014285714285714285,0.7269421101774043,0.614650974025974,,True,0.0,0.8,0.25
indoor,PhyGuard,0.9010989010989011,0.6842105263157895,0.014285714285714285,0.7269421101774043,0.614650974025974,,True,0.0,0.8,0.3
indoor,PhyGuard,0.9010989010989011,0.6842105263157895,0.014285714285714285,0.7269421101774043,0.614650974025974,,True,0.0,0.8,0.35
indoor,PhyGuard,0.9010989010989011,0.6842105263157895,0.014285714285714285,0.7269421101774043,0.614650974025974,,True,0.0,0.8,0.4
indoor,PhyGuard,0.9111111111111111,0.6766917293233082,0.014285714285714285,0.7301423149905123,0.614650974025974,,True,0.0,0.8,0.45
indoor,PhyGuard,0.9411764705882353,0.6390977443609023,0.014285714285714285,0.7296417900116519,0.5999323593073593,,True,0.0,0.8,0.5
indoor,PhyGuard,0.9625,0.6015037593984962,0.0,0.719191232048375,0.5772050865800866,,True,0.0,0.8,0.55
indoor,PhyGuard,0.9615384615384616,0.5864661654135338,0.0,0.708846404462168,0.5629193722943723,,True,0.0,0.8,0.6
indoor,PhyGuard,0.9565217391304348,0.518796992481203,0.0,0.653642664613015,0.4969020562770563,,True,0.0,0.8,0.65
indoor,PhyGuard,0.9523809523809523,0.47368421052631576,0.0,0.6103921568627451,0.4523133116883117,,True,0.0,0.8,0.7
indoor,PhyGuard,0.9655172413793104,0.43609022556390975,0.0,0.5816357656372791,0.4220102813852814,,True,0.0,0.8,0.75
indoor,PhyGuard,1.0,0.3533834586466165,0.0,0.5154146765089014,0.35489042207792204,,True,0.0,0.8,0.8
indoor,PhyGuard,1.0,0.3082706766917293,0.0,0.46071593659080406,0.30963203463203465,,True,0.0,0.8,0.85
indoor,PhyGuard,1.0,0.20300751879699247,0.0,0.31572282228822685,0.20612824675324676,,True,0.0,0.8,0.9
indoor,PhyGuard,1.0,0.14285714285714285,0.0,0.21796338672768878,0.14725378787878787,,True,0.0,0.8,0.95
indoor,PhyGuard,0.8953488372093024,0.6466165413533834,0.014285714285714285,0.6941011081852095,0.5769683441558442,,False,0.005167958656330734,0.85,0.05
indoor,PhyGuard,0.8953488372093024,0.6466165413533834,0.014285714285714285,0.6941011081852095,0.5769683441558442,,False,0.005167958656330734,0.85,0.1
indoor,PhyGuard,0.8953488372093024,0.6466165413533834,0.014285714285714285,0.6941011081852095,0.5769683441558442,,False,0.005167958656330734,0.85,0.15
indoor,PhyGuard,0.8953488372093024,0.6466165413533834,0.014285714285714285,0.6941011081852095,0.5769683441558442,,False,0.005167958656330734,0.85,0.2
indoor,PhyGuard,0.8953488372093024,0.6466165413533834,0.014285714285714285,0.6941011081852095,0.5769683441558442,,False,0.005167958656330734,0.85,0.25
indoor,PhyGuard,0.8953488372093024,0.6466165413533834,0.014285714285714285,0.6941011081852095,0.5769683441558442,,False,0.005167958656330734,0.85,0.3
indoor,PhyGuard,0.8953488372093024,0.6466165413533834,0.014285714285714285,0.6941011081852095,0.5769683441558442,,False,0.005167958656330734,0.85,0.35
indoor,PhyGuard,0.8953488372093024,0.6466165413533834,0.014285714285714285,0.6941011081852095,0.5769683441558442,,False,0.005167958656330734,0.85,0.4
indoor,PhyGuard,0.9058823529411765,0.6390977443609023,0.014285714285714285,0.6972740325638451,0.5769683441558442,,True,0.0,0.85,0.45
indoor,PhyGuard,0.9375,0.6015037593984962,0.014285714285714285,0.6960955746616488,0.5622497294372294,,True,0.0,0.85,0.5
indoor,PhyGuard,0.96,0.5639097744360902,0.0,0.685614915744403,0.5395224567099567,,True,0.0,0.85,0.55
indoor,PhyGuard,0.9594594594594594,0.556390977443609,0.0,0.680354833920908,0.5323795995670996,,True,0.0,0.85,0.6
indoor,PhyGuard,0.9538461538461539,0.48872180451127817,0.0,0.6251510940717551,0.46636228354978354,,True,0.0,0.85,0.65
indoor,PhyGuard,0.9516129032258065,0.46616541353383456,0.0,0.6038615446178471,0.4445008116883117,,True,0.0,0.85,0.7
indoor,PhyGuard,0.9649122807017544,0.42857142857142855,0.0,0.5751051533923812,0.4141977813852814,,True,0.0,0.85,0.75
indoor,PhyGuard,1.0,0.3458646616541353,0.0,0.508611955420466,0.34707792207792204,,True,0.0,0.85,0.8
indoor,PhyGuard,1.0,0.3007518796992481,0.0,0.45362373800924377,0.30181953463203465,,True,0.0,0.85,0.85
indoor,PhyGuard,1.0,0.19548872180451127,0.0,0.307993353689193,0.19831574675324676,,True,0.0,0.85,0.9
indoor,PhyGuard,1.0,0.13533834586466165,0.0,0.21023391812865494,0.13944128787878787,,True,0.0,0.85,0.95
indoor,PhyGuard,0.881578947368421,0.5714285714285714,0.014285714285714285,0.6129928315412186,0.5002637987012988,,False,0.020467836257310006,0.9,0.05
indoor,PhyGuard,0.881578947368421,0.5714285714285714,0.014285714285714285,0.6129928315412186,0.5002637987012988,,False,0.020467836257310006,0.9,0.1
indoor,PhyGuard,0.881578947368421,0.5714285714285714,0.014285714285714285,0.6129928315412186,0.5002637987012988,,False,0.020467836257310006,0.9,0.15
indoor,PhyGuard,0.881578947368421,0.5714285714285714,0.014285714285714285,0.6129928315412186,0.5002637987012988,,False,0.020467836257310006,0.9,0.2
indoor,PhyGuard,0.881578947368421,0.5714285714285714,0.014285714285714285,0.6129928315412186,0.5002637987012988,,False,0.020467836257310006,0.9,0.25
indoor,PhyGuard,0.881578947368421,0.5714285714285714,0.014285714285714285,0.6129928315412186,0.5002637987012988,,False,0.020467836257310006,0.9,0.3
indoor,PhyGuard,0.881578947368421,0.5714285714285714,0.014285714285714285,0.6129928315412186,0.5002637987012988,,False,0.020467836257310006,0.9,0.35
indoor,PhyGuard,0.881578947368421,0.5714285714285714,0.014285714285714285,0.6129928315412186,0.5002637987012988,,False,0.020467836257310006,0.9,0.4
indoor,PhyGuard,0.8933333333333333,0.5639097744360902,0.014285714285714285,0.6161657559198542,0.5002637987012988,,False,0.0074074074074074545,0.9,0.45
indoor,PhyGuard,0.9285714285714286,0.5263157894736842,0.014285714285714285,0.6132662835249042,0.485545183982684,,True,0.0,0.9,0.5
indoor,PhyGuard,0.9538461538461539,0.48872180451127817,0.0,0.6027856246076585,0.4628179112554113,,True,0.0,0.9,0.55
indoor,PhyGuard,0.953125,0.48120300751879697,0.0,0.5975255427841635,0.45567505411255416,,True,0.0,0.9,0.6
indoor,PhyGuard,0.9454545454545454,0.41353383458646614,0.0,0.5423218029350104,0.38965773809523807,,True,0.0,0.9,0.65
indoor,PhyGuard,0.9423076923076923,0.39097744360902253,0.0,0.5184263448969332,0.36779626623376627,,True,0.0,0.9,0.7
indoor,PhyGuard,0.9591836734693877,0.3684210526315789,0.0,0.5067242172373587,0.35264475108225113,,True,0.0,0.9,0.75
indoor,PhyGuard,1.0,0.3007518796992481,0.0,0.4561699529784636,0.30091314935064933,,True,0.0,0.9,0.8
indoor,PhyGuard,1.0,0.2631578947368421,0.0,0.40672221244303625,0.2634672619047619,,True,0.0,0.9,0.85
indoor,PhyGuard,1.0,0.17293233082706766,0.0,0.2762218517636474,0.17558847402597402,,True,0.0,0.9,0.9
indoor,PhyGuard,1.0,0.12030075187969924,0.0,0.1861111111111111,0.12428977272727273,,True,0.0,0.9,0.95
indoor,PhyGuard,0.8857142857142857,0.5263157894736842,0.0,0.5689842803738807,0.4621482683982684,,False,0.015873015873015938,0.95,0.05
indoor,PhyGuard,0.8857142857142857,0.5263157894736842,0.0,0.5689842803738807,0.4621482683982684,,False,0.015873015873015938,0.95,0.1
indoor,PhyGuard,0.8857142857142857,0.5263157894736842,0.0,0.5689842803738807,0.4621482683982684,,False,0.015873015873015938,0.95,0.15
indoor,PhyGuard,0.8857142857142857,0.5263157894736842,0.0,0.5689842803738807,0.4621482683982684,,False,0.015873015873015938,0.95,0.2
indoor,PhyGuard,0.8857142857142857,0.5263157894736842,0.0,0.5689842803738807,0.4621482683982684,,False,0.015873015873015938,0.95,0.25
indoor,PhyGuard,0.8857142857142857,0.5263157894736842,0.0,0.5689842803738807,0.4621482683982684,,False,0.015873015873015938,0.95,0.3
indoor,PhyGuard,0.8857142857142857,0.5263157894736842,0.0,0.5689842803738807,0.4621482683982684,,False,0.015873015873015938,0.95,0.35
indoor,PhyGuard,0.8857142857142857,0.5263157894736842,0.0,0.5689842803738807,0.4621482683982684,,False,0.015873015873015938,0.95,0.4
indoor,PhyGuard,0.8985507246376812,0.518796992481203,0.0,0.5721572047525163,0.4621482683982684,,False,0.001610305958132077,0.95,0.45
indoor,PhyGuard,0.9230769230769231,0.48872180451127817,0.0,0.5662948834001466,0.4474296536796537,,True,0.0,0.95,0.5
indoor,PhyGuard,0.95,0.45112781954887216,0.0,0.5551442654096955,0.42470238095238094,,True,0.0,0.95,0.55
indoor,PhyGuard,0.9491525423728814,0.44360902255639095,0.0,0.5498841835862005,0.41755952380952377,,True,0.0,0.95,0.6
indoor,PhyGuard,0.94,0.37593984962406013,0.0,0.49365219176539926,0.3515422077922078,,True,0.0,0.95,0.65
indoor,PhyGuard,0.9361702127659575,0.3533834586466165,0.0,0.46794626941685763,0.32968073593073594,,True,0.0,0.95,0.7
indoor,PhyGuard,0.9545454545454546,0.3308270676691729,0.0,0.45552390916841046,0.31452922077922074,,True,0.0,0.95,0.75
indoor,PhyGuard,1.0,0.2706766917293233,0.0,0.41283273464124526,0.2703733766233766,,True,0.0,0.95,0.8
indoor,PhyGuard,1.0,0.24060150375939848,0.0,0.3745185973446843,0.24050324675324675,,True,0.0,0.95,0.85
indoor,PhyGuard,1.0,0.15037593984962405,0.0,0.24401823666529548,0.15262445887445886,,True,0.0,0.95,0.9
indoor,PhyGuard,1.0,0.10526315789473684,0.0,0.16493506493506493,0.10890151515151515,,True,0.0,0.95,0.95
urban,Random forest,0.9274193548387096,0.9117647058823529,0.1044776119402985,0.8823679222932954,0.843508615567439,0.05,False,1.08955223880597,,
urban,Random forest,0.9274193548387096,0.9117647058823529,0.1044776119402985,0.8823679222932954,0.843508615567439,0.1,False,1.08955223880597,,
urban,Random forest,0.9274193548387096,0.9117647058823529,0.1044776119402985,0.8823679222932954,0.843508615567439,0.15,False,1.08955223880597,,
urban,Random forest,0.9274193548387096,0.9117647058823529,0.1044776119402985,0.8823679222932954,0.843508615567439,0.2,False,1.08955223880597,,
urban,Random forest,0.9274193548387096,0.9117647058823529,0.1044776119402985,0.8823679222932954,0.843508615567439,0.25,False,1.08955223880597,,
urban,Random forest,0.926829268292683,0.9044117647058824,0.08955223880597014,0.877958152958153,0.8361556743909684,0.3,False,0.7910447761194028,,
urban,Random forest,0.9262295081967213,0.8970588235294118,0.07462686567164178,0.8742314448836188,0.829211229946524,0.35,False,0.49253731343283563,,
urban,Random forest,0.9256198347107438,0.8897058823529411,0.014925373134328358,0.8696859903381642,0.8218582887700534,0.4,True,0.0,,
urban,Random forest,0.9243697478991597,0.875,0.0,0.860518203599813,0.8069295900178253,0.45,True,0.0,,
urban,Random forest,0.9310344827586207,0.8529411764705882,0.0,0.8544994319577499,0.7917780748663101,0.5,True,0.0,,
urban,Random forest,0.954954954954955,0.8161764705882353,0.0,0.8543621307529885,0.776626559714795,0.55,True,0.0,,
urban,Random forest,0.9807692307692307,0.7647058823529411,0.0,0.8439772977026205,0.7469919786096256,0.6,True,0.0,,
urban,Random forest,0.99,0.7352941176470589,0.0,0.8330997602802876,0.7251188354129531,0.65,True,0.0,,
urban,Random forest,0.9895833333333334,0.7058823529411765,0.0,0.8101254266888942,0.6954842543077837,0.7,True,0.0,,
urban,Random forest,0.9888888888888889,0.6617647058823529,0.0,0.7737088774903902,0.6506981580510993,0.75,True,0.0,,
urban,Random forest,0.9879518072289156,0.6102941176470589,0.0,0.7348622289660026,0.5991532976827094,0.8,True,0.0,,
urban,Random forest,0.9863013698630136,0.5367647058823529,0.0,0.6682801662613385,0.5244726678550208,0.85,True,0.0,,
urban,Random forest,1.0,0.4411764705882353,0.0,0.5884214341474294,0.43698009506833035,0.9,True,0.0,,
urban,Random forest,1.0,0.2867647058823529,0.0,0.402493925801327,0.2811200237670826,0.95,True,0.0,,
urban,Gradient boosting,0.9534883720930233,0.9485294117647058,0.1791044776119403,0.9268766005121639,0.9030377302436126,0.05,False,2.582089552238805,,
urban,Gradient boosting,0.9534883720930233,0.9485294117647058,0.1791044776119403,0.9268766005121639,0.9030377302436126,0.1,False,2.582089552238805,,
urban,Gradient boosting,0.9534883720930233,0.9485294117647058,0.1791044776119403,0.9268766005121639,0.9030377302436126,0.15,False,2.582089552238805,,
urban,Gradient boosting,0.9534883720930233,0.9485294117647058,0.1791044776119403,0.9268766005121639,0.9030377302436126,0.2,False,2.582089552238805,,
urban,Gradient boosting,0.9534883720930233,0.9485294117647058,0.1791044776119403,0.9268766005121639,0.9030377302436126,0.25,False,2.582089552238805,,
urban,Gradient boosting,0.9534883720930233,0.9485294117647058,0.1791044776119403,0.9268766005121639,0.9030377302436126,0.3,False,2.582089552238805,,
urban,Gradient boosting,0.9534883720930233,0.9485294117647058,0.1791044776119403,0.9268766005121639,0.9030377302436126,0.35,False,2.582089552238805,,
urban,Gradient boosting,0.9534883720930233,0.9485294117647058,0.1791044776119403,0.9268766005121639,0.9030377302436126,0.4,False,2.582089552238805,,
urban,Gradient boosting,0.9534883720930233,0.9485294117647058,0.16417910447761194,0.9268766005121639,0.9030377302436126,0.45,False,2.2835820895522385,,
urban,Gradient boosting,0.9534883720930233,0.9485294117647058,0.16417910447761194,0.9268766005121639,0.9030377302436126,0.5,False,2.2835820895522385,,
urban,Gradient boosting,0.9603174603174603,0.9264705882352942,0.14925373134328357,0.9225446428571429,0.8887403446226976,0.55,False,1.9850746268656712,,
urban,Gradient boosting,0.96,0.9191176470588235,0.14925373134328357,0.9182043650793651,0.881387403446227,0.6,False,1.9850746268656712,,
urban,Gradient boosting,0.96,0.9191176470588235,0.13432835820895522,0.9182043650793651,0.881387403446227,0.65,False,1.6865671641791042,,
urban,Gradient boosting,0.967479674796748,0.9044117647058824,0.11940298507462686,0.9179498792270532,0.8744429590017826,0.7,False,1.388059701492537,,
urban,Gradient boosting,0.9672131147540983,0.8970588235294118,0.1044776119402985,0.9137336093857832,0.866867201426025,0.75,False,1.08955223880597,,
urban,Gradient boosting,0.9666666666666667,0.8823529411764706,0.08955223880597014,0.9054170055118822,0.8525698158051098,0.8,False,0.7910447761194028,,
urban,Gradient boosting,0.9663865546218487,0.875,0.07462686567164178,0.9010647269660552,0.8449940582293523,0.85,False,0.49253731343283563,,
urban,Gradient boosting,0.9658119658119658,0.8602941176470589,0.05970149253731343,0.8916561248155176,0.8302881758764111,0.9,False,0.19402985074626858,,
urban,Gradient boosting,0.9739130434782609,0.8455882352941176,0.014925373134328358,0.890706911523494,0.8227124183006536,0.95,True,0.0,,
urban,Two-stage without physics,0.9259259259259259,0.9926470588235294,0.6268656716417911,0.9202108111944177,0.9173351158645277,,False,11.53731343283582,0.05,0.05
urban,Two-stage without physics,0.9259259259259259,0.9926470588235294,0.6268656716417911,0.9202108111944177,0.9173351158645277,,False,11.53731343283582,0.05,0.1
urban,Two-stage without physics,0.9259259259259259,0.9926470588235294,0.6268656716417911,0.9202108111944177,0.9173351158645277,,False,11.53731343283582,0.05,0.15
urban,Two-stage without physics,0.9259259259259259,0.9926470588235294,0.6268656716417911,0.9202108111944177,0.9173351158645277,,False,11.53731343283582,0.05,0.2
urban,Two-stage without physics,0.9259259259259259,0.9926470588235294,0.6268656716417911,0.9202108111944177,0.9173351158645277,,False,11.53731343283582,0.05,0.25
urban,Two-stage without physics,0.9259259259259259,0.9926470588235294,0.6268656716417911,0.9202108111944177,0.9173351158645277,,False,11.53731343283582,0.05,0.3
urban,Two-stage without physics,0.9259259259259259,0.9926470588235294,0.5970149253731343,0.9202108111944177,0.9173351158645277,,False,10.940298507462684,0.05,0.35
urban,Two-stage without physics,0.9384615384615385,0.9558823529411765,0.43283582089552236,0.9148115866775463,0.895053475935829,,False,7.656716417910447,0.05,0.4
urban,Two-stage without physics,0.9448818897637795,0.9338235294117647,0.31343283582089554,0.9091262437810945,0.8799019607843137,,False,5.268656716417911,0.05,0.45
urban,Two-stage without physics,0.9661016949152542,0.8676470588235294,0.22388059701492538,0.8915905354784812,0.8351158645276292,,False,3.477611940298507,0.05,0.5
urban,Two-stage without physics,0.972972972972973,0.8161764705882353,0.1791044776119403,0.8666666666666667,0.7901069518716578,,False,2.582089552238805,0.05,0.55
urban,Two-stage without physics,0.9907407407407407,0.7941176470588235,0.1044776119402985,0.868614845119813,0.7827540106951871,,False,1.08955223880597,0.05,0.6
urban,Two-stage without physics,1.0,0.7352941176470589,0.1044776119402985,0.8343907462576776,0.7303921568627452,,False,1.08955223880597,0.05,0.65
urban,Two-stage without physics,1.0,0.7205882352941176,0.04477611940298507,0.8249297173307971,0.7160947712418302,,True,0.0,0.05,0.7
urban,Two-stage without physics,1.0,0.6838235294117647,0.0,0.7945283237888872,0.6788844325609033,,True,0.0,0.05,0.75
urban,Two-stage without physics,1.0,0.6323529411764706,0.0,0.7538988953583283,0.6277852049910873,,True,0.0,0.05,0.8
urban,Two-stage without physics,1.0,0.5147058823529411,0.0,0.639888142768512,0.5100267379679144,,True,0.0,0.05,0.85
urban,Two-stage without physics,1.0,0.375,0.0,0.4748290273556231,0.36868686868686873,,True,0.0,0.05,0.9
urban,Two-stage without physics,1.0,0.2426470588235294,0.0,0.32888281469021585,0.23611111111111113,,True,0.0,0.05,0.95
urban,Two-stage without physics,0.924812030075188,0.9779411764705882,0.40298507462686567,0.9127308913857308,0.9028149138443256,,False,7.059701492537314,0.1,0.05
urban,Two-stage without physics,0.924812030075188,0.9779411764705882,0.40298507462686567,0.9127308913857308,0.9028149138443256,,False,7.059701492537314,0.1,0.1
urban,Two-stage without physics,0.924812030075188,0.9779411764705882,0.40298507462686567,0.9127308913857308,0.9028149138443256,,False,7.059701492537314,0.1,0.15
urban,Two-stage without physics,0.924812030075188,0.9779411764705882,0.40298507462686567,0.9127308913857308,0.9028149138443256,,False,7.059701492537314,0.1,0.2
urban,Two-stage without physics,0.924812030075188,0.9779411764705882,0.40298507462686567,0.9127308913857308,0.9028149138443256,,False,7.059701492537314,0.1,0.25
urban,Two-stage without physics,0.924812030075188,0.9779411764705882,0.40298507462686567,0.9127308913857308,0.9028149138443256,,False,7.059701492537314,0.1,0.3
urban,Two-stage without physics,0.924812030075188,0.9779411764705882,0.373134328358209,0.9127308913857308,0.9028149138443256,,False,6.462686567164179,0.1,0.35
urban,Two-stage without physics,0.9375,0.9411764705882353,0.26865671641791045,0.9072039214554444,0.8805332739156269,,False,4.3731343283582085,0.1,0.4
urban,Two-stage without physics,0.944,0.9191176470588235,0.19402985074626866,0.9013888471792613,0.8653817587641117,,False,2.8805970149253732,0.1,0.45
urban,Two-stage without physics,0.9655172413793104,0.8529411764705882,0.13432835820895522,0.8837171301720909,0.8205956625074272,,False,1.6865671641791042,0.1,0.5
urban,Two-stage without physics,0.9724770642201835,0.8014705882352942,0.1044776119402985,0.8583432800190975,0.7755867498514558,,False,1.08955223880597,0.1,0.55
urban,Two-stage without physics,0.9905660377358491,0.7794117647058824,0.04477611940298507,0.8602719766877125,0.7682338086749851,,True,0.0,0.1,0.6
urban,Two-stage without physics,1.0,0.7205882352941176,0.04477611940298507,0.8257004465647835,0.7158719548425432,,True,0.0,0.1,0.65
urban,Two-stage without physics,1.0,0.7058823529411765,0.014925373134328358,0.8161388140161725,0.701574569221628,,True,0.0,0.1,0.7
urban,Two-stage without physics,1.0,0.6691176470588235,0.0,0.7855494505494506,0.6643642305407012,,True,0.0,0.1,0.75
urban,Two-stage without physics,1.0,0.6176470588235294,0.0,0.744507022667223,0.6132650029708853,,True,0.0,0.1,0.8
urban,Two-stage without physics,1.0,0.5073529411764706,0.0,0.6339012051778009,0.5024509803921569,,True,0.0,0.1,0.85
urban,Two-stage without physics,1.0,0.375,0.0,0.4748290273556231,0.36868686868686873,,True,0.0,0.1,0.9
urban,Two-stage without physics,1.0,0.2426470588235294,0.0,0.32888281469021585,0.23611111111111113,,True,0.0,0.1,0.95
urban,Two-stage without physics,0.9296875,0.9411764705882353,0.31343283582089554,0.8997863968581451,0.8731431966726083,,False,5.268656716417911,0.15,0.05
urban,Two-stage without physics,0.9296875,0.9411764705882353,0.31343283582089554,0.8997863968581451,0.8731431966726083,,False,5.268656716417911,0.15,0.1
urban,Two-stage without physics,0.9296875,0.9411764705882353,0.31343283582089554,0.8997863968581451,0.8731431966726083,,False,5.268656716417911,0.15,0.15
urban,Two-stage without physics,0.9296875,0.9411764705882353,0.31343283582089554,0.8997863968581451,0.8731431966726083,,False,5.268656716417911,0.15,0.2
urban,Two-stage without physics,0.9296875,0.9411764705882353,0.31343283582089554,0.8997863968581451,0.8731431966726083,,False,5.268656716417911,0.15,0.25
urban,Two-stage without physics,0.9296875,0.9411764705882353,0.31343283582089554,0.8997863968581451,0.8731431966726083,,False,5.268656716417911,0.15,0.3
urban,Two-stage without physics,0.9296875,0.9411764705882353,0.29850746268656714,0.8997863968581451,0.8731431966726083,,False,4.970149253731343,0.15,0.35
urban,Two-stage without physics,0.9354838709677419,0.9117647058823529,0.22388059701492538,0.8905186664829866,0.8508615567439096,,False,3.477611940298507,0.15,0.4
urban,Two-stage without physics,0.9426229508196722,0.8970588235294118,0.16417910447761194,0.8889198620480734,0.843285799168152,,False,2.2835820895522385,0.15,0.45
urban,Two-stage without physics,0.9646017699115044,0.8308823529411765,0.11940298507462686,0.8709556148435605,0.7984997029114675,,False,1.388059701492537,0.15,0.5
urban,Two-stage without physics,0.9716981132075472,0.7794117647058824,0.08955223880597014,0.8446115288220553,0.7534907902554961,,False,0.7910447761194028,0.15,0.55
urban,Two-stage without physics,0.9902912621359223,0.7573529411764706,0.04477611940298507,0.8464901477832513,0.7461378490790256,,True,0.0,0.15,0.6
urban,Two-stage without physics,1.0,0.7058823529411765,0.04477611940298507,0.816721573325347,0.7013517528223411,,True,0.0,0.15,0.65
urban,Two-stage without physics,1.0,0.6985294117647058,0.014925373134328358,0.8107816711590297,0.6939988116458704,,True,0.0,0.15,0.7
urban,Two-stage without physics,1.0,0.6617647058823529,0.0,0.779993894993895,0.6567884729649436,,True,0.0,0.15,0.75
urban,Two-stage without physics,1.0,0.6102941176470589,0.0,0.7387418235057974,0.6056892453951277,,True,0.0,0.15,0.8
urban,Two-stage without physics,1.0,0.5,0.0,0.6276794857207874,0.49487522281639934,,True,0.0,0.15,0.85
urban,Two-stage without physics,1.0,0.375,0.0,0.4748290273556231,0.36868686868686873,,True,0.0,0.15,0.9
urban,Two-stage without physics,1.0,0.2426470588235294,0.0,0.32888281469021585,0.23611111111111113,,True,0.0,0.15,0.95
urban,Two-stage without physics,0.9291338582677166,0.9338235294117647,0.2537313432835821,0.8950049760931178,0.8655674390968507,,False,4.074626865671642,0.2,0.05
urban,Two-stage without physics,0.9291338582677166,0.9338235294117647,0.2537313432835821,0.8950049760931178,0.8655674390968507,,False,4.074626865671642,0.2,0.1
urban,Two-stage without physics,0.9291338582677166,0.9338235294117647,0.2537313432835821,0.8950049760931178,0.8655674390968507,,False,4.074626865671642,0.2,0.15
urban,Two-stage without physics,0.9291338582677166,0.9338235294117647,0.2537313432835821,0.8950049760931178,0.8655674390968507,,False,4.074626865671642,0.2,0.2
urban,Two-stage without physics,0.9291338582677166,0.9338235294117647,0.2537313432835821,0.8950049760931178,0.8655674390968507,,False,4.074626865671642,0.2,0.25
urban,Two-stage without physics,0.9291338582677166,0.9338235294117647,0.2537313432835821,0.8950049760931178,0.8655674390968507,,False,4.074626865671642,0.2,0.3
urban,Two-stage without physics,0.9291338582677166,0.9338235294117647,0.23880597014925373,0.8950049760931178,0.8655674390968507,,False,3.776119402985074,0.2,0.35
urban,Two-stage without physics,0.9349593495934959,0.9044117647058824,0.1791044776119403,0.8857372457179593,0.843285799168152,,False,2.582089552238805,0.2,0.4
urban,Two-stage without physics,0.9421487603305785,0.8897058823529411,0.11940298507462686,0.8839763592232147,0.8357100415923945,,False,1.388059701492537,0.2,0.45
urban,Two-stage without physics,0.9646017699115044,0.8308823529411765,0.07462686567164178,0.8709556148435605,0.7984997029114675,,False,0.49253731343283563,0.2,0.5
urban,Two-stage without physics,0.9716981132075472,0.7794117647058824,0.04477611940298507,0.8446115288220553,0.7534907902554961,,True,0.0,0.2,0.55
urban,Two-stage without physics,0.9902912621359223,0.7573529411764706,0.014925373134328358,0.8464901477832513,0.7461378490790256,,True,0.0,0.2,0.6
urban,Two-stage without physics,1.0,0.7058823529411765,0.014925373134328358,0.816721573325347,0.7013517528223411,,True,0.0,0.2,0.65
urban,Two-stage without physics,1.0,0.6985294117647058,0.0,0.8107816711590297,0.6939988116458704,,True,0.0,0.2,0.7
urban,Two-stage without physics,1.0,0.6617647058823529,0.0,0.779993894993895,0.6567884729649436,,True,0.0,0.2,0.75
urban,Two-stage without physics,1.0,0.6102941176470589,0.0,0.7387418235057974,0.6056892453951277,,True,0.0,0.2,0.8
urban,Two-stage without physics,1.0,0.5,0.0,0.6276794857207874,0.49487522281639934,,True,0.0,0.2,0.85
urban,Two-stage without physics,1.0,0.375,0.0,0.4748290273556231,0.36868686868686873,,True,0.0,0.2,0.9
urban,Two-stage without physics,1.0,0.2426470588235294,0.0,0.32888281469021585,0.23611111111111113,,True,0.0,0.2,0.95
urban,Two-stage without physics,0.9262295081967213,0.8970588235294118,0.19402985074626866,0.8749539771866662,0.8302139037433155,,False,2.8805970149253732,0.25,0.05
urban,Two-stage without physics,0.9262295081967213,0.8970588235294118,0.19402985074626866,0.8749539771866662,0.8302139037433155,,False,2.8805970149253732,0.25,0.1
urban,Two-stage without physics,0.9262295081967213,0.8970588235294118,0.19402985074626866,0.8749539771866662,0.8302139037433155,,False,2.8805970149253732,0.25,0.15
urban,Two-stage without physics,0.9262295081967213,0.8970588235294118,0.19402985074626866,0.8749539771866662,0.8302139037433155,,False,2.8805970149253732,0.25,0.2
urban,Two-stage without physics,0.9262295081967213,0.8970588235294118,0.19402985074626866,0.8749539771866662,0.8302139037433155,,False,2.8805970149253732,0.25,0.25
urban,Two-stage without physics,0.9262295081967213,0.8970588235294118,0.19402985074626866,0.8749539771866662,0.8302139037433155,,False,2.8805970149253732,0.25,0.3
urban,Two-stage without physics,0.9262295081967213,0.8970588235294118,0.19402985074626866,0.8749539771866662,0.8302139037433155,,False,2.8805970149253732,0.25,0.35
urban,Two-stage without physics,0.9327731092436975,0.875,0.13432835820895522,0.8701528301335437,0.8155080213903744,,False,1.6865671641791042,0.25,0.4
urban,Two-stage without physics,0.9401709401709402,0.8602941176470589,0.08955223880597014,0.8683919436387991,0.8079322638146168,,False,0.7910447761194028,0.25,0.45
urban,Two-stage without physics,0.963302752293578,0.8014705882352942,0.05970149253731343,0.855371199259145,0.7707219251336899,,False,0.19402985074626858,0.25,0.5
urban,Two-stage without physics,0.9705882352941176,0.75,0.029850746268656716,0.8290271132376397,0.7257130124777185,,True,0.0,0.25,0.55
urban,Two-stage without physics,0.98989898989899,0.7279411764705882,0.014925373134328358,0.8309057321988357,0.7183600713012479,,True,0.0,0.25,0.6
urban,Two-stage without physics,1.0,0.6764705882352942,0.014925373134328358,0.8011371577409314,0.6735739750445633,,True,0.0,0.25,0.65
urban,Two-stage without physics,1.0,0.6691176470588235,0.0,0.7951972555746141,0.6662210338680927,,True,0.0,0.25,0.7
urban,Two-stage without physics,1.0,0.6323529411764706,0.0,0.7644094794094795,0.6290106951871658,,True,0.0,0.25,0.75
urban,Two-stage without physics,1.0,0.5882352941176471,0.0,0.7265246289356616,0.5848559120617944,,True,0.0,0.25,0.8
urban,Two-stage without physics,1.0,0.4852941176470588,0.0,0.6191567584480601,0.4809863339275104,,True,0.0,0.25,0.85
urban,Two-stage without physics,1.0,0.3602941176470588,0.0,0.4657564467104618,0.3547979797979798,,True,0.0,0.25,0.9
urban,Two-stage without physics,1.0,0.2426470588235294,0.0,0.32888281469021585,0.23611111111111113,,True,0.0,0.25,0.95
urban,Two-stage without physics,0.9256198347107438,0.8897058823529411,0.1791044776119403,0.8707703498687105,0.8232694592988711,,False,2.582089552238805,0.3,0.05
urban,Two-stage without physics,0.9256198347107438,0.8897058823529411,0.1791044776119403,0.8707703498687105,0.8232694592988711,,False,2.582089552238805,0.3,0.1
urban,Two-stage without physics,0.9256198347107438,0.8897058823529411,0.1791044776119403,0.8707703498687105,0.8232694592988711,,False,2.582089552238805,0.3,0.15
urban,Two-stage without physics,0.9256198347107438,0.8897058823529411,0.1791044776119403,0.8707703498687105,0.8232694592988711,,False,2.582089552238805,0.3,0.2
urban,Two-stage without physics,0.9256198347107438,0.8897058823529411,0.1791044776119403,0.8707703498687105,0.8232694592988711,,False,2.582089552238805,0.3,0.25
urban,Two-stage without physics,0.9256198347107438,0.8897058823529411,0.1791044776119403,0.8707703498687105,0.8232694592988711,,False,2.582089552238805,0.3,0.3
urban,Two-stage without physics,0.9256198347107438,0.8897058823529411,0.1791044776119403,0.8707703498687105,0.8232694592988711,,False,2.582089552238805,0.3,0.35
urban,Two-stage without physics,0.9322033898305084,0.8676470588235294,0.11940298507462686,0.8659570259377396,0.80856357694593,,False,1.388059701492537,0.3,0.4
urban,Two-stage without physics,0.9396551724137931,0.8529411764705882,0.07462686567164178,0.8641961394429949,0.8009878193701724,,False,0.49253731343283563,0.3,0.45
urban,Two-stage without physics,0.9629629629629629,0.7941176470588235,0.04477611940298507,0.8511753950633407,0.7637774806892454,,True,0.0,0.3,0.5
urban,Two-stage without physics,0.9702970297029703,0.7426470588235294,0.014925373134328358,0.8248313090418353,0.718768568033274,,True,0.0,0.3,0.55
urban,Two-stage without physics,0.9897959183673469,0.7205882352941176,0.0,0.8267099280030314,0.7114156268568035,,True,0.0,0.3,0.6
urban,Two-stage without physics,1.0,0.6691176470588235,0.0,0.7969413535451271,0.6666295306001189,,True,0.0,0.3,0.65
urban,Two-stage without physics,1.0,0.6617647058823529,0.0,0.7910014513788098,0.6592765894236483,,True,0.0,0.3,0.7
urban,Two-stage without physics,1.0,0.625,0.0,0.7602136752136752,0.6220662507427214,,True,0.0,0.3,0.75
urban,Two-stage without physics,1.0,0.5808823529411765,0.0,0.7221977058587385,0.5779114676173499,,True,0.0,0.3,0.8
urban,Two-stage without physics,1.0,0.47794117647058826,0.0,0.6146924727337744,0.47404188948306597,,True,0.0,0.3,0.85
urban,Two-stage without physics,1.0,0.35294117647058826,0.0,0.46099706014250835,0.34785353535353536,,True,0.0,0.3,0.9
urban,Two-stage without physics,1.0,0.2426470588235294,0.0,0.32888281469021585,0.23611111111111113,,True,0.0,0.3,0.95
urban,Two-stage without physics,0.925,0.8823529411764706,0.13432835820895522,0.8661255411255412,0.8156937017231135,,False,1.6865671641791042,0.35,0.05
urban,Two-stage without physics,0.925,0.8823529411764706,0.13432835820895522,0.8661255411255412,0.8156937017231135,,False,1.6865671641791042,0.35,0.1
urban,Two-stage without physics,0.925,0.8823529411764706,0.13432835820895522,0.8661255411255412,0.8156937017231135,,False,1.6865671641791042,0.35,0.15
urban,Two-stage without physics,0.925,0.8823529411764706,0.13432835820895522,0.8661255411255412,0.8156937017231135,,False,1.6865671641791042,0.35,0.2
urban,Two-stage without physics,0.925,0.8823529411764706,0.13432835820895522,0.8661255411255412,0.8156937017231135,,False,1.6865671641791042,0.35,0.25
urban,Two-stage without physics,0.925,0.8823529411764706,0.13432835820895522,0.8661255411255412,0.8156937017231135,,False,1.6865671641791042,0.35,0.3
urban,Two-stage without physics,0.925,0.8823529411764706,0.13432835820895522,0.8661255411255412,0.8156937017231135,,False,1.6865671641791042,0.35,0.35
urban,Two-stage without physics,0.9316239316239316,0.8602941176470589,0.07462686567164178,0.8613122171945702,0.8009878193701724,,False,0.49253731343283563,0.35,0.4
urban,Two-stage without physics,0.9391304347826087,0.8455882352941176,0.029850746268656716,0.8595513306998255,0.7934120617944148,,True,0.0,0.35,0.45
urban,Two-stage without physics,0.9626168224299065,0.7867647058823529,0.014925373134328358,0.8463731351763351,0.7562017231134879,,True,0.0,0.35,0.5
urban,Two-stage without physics,0.97,0.7352941176470589,0.014925373134328358,0.8195054945054945,0.7111928104575164,,True,0.0,0.35,0.55
urban,Two-stage without physics,0.9896907216494846,0.7132352941176471,0.0,0.8213527851458886,0.7038398692810457,,True,0.0,0.35,0.6
urban,Two-stage without physics,1.0,0.6617647058823529,0.0,0.7913857979895715,0.6590537730243613,,True,0.0,0.35,0.65
urban,Two-stage without physics,1.0,0.6544117647058824,0.0,0.7854458958232543,0.6517008318478907,,True,0.0,0.35,0.7
urban,Two-stage without physics,1.0,0.6176470588235294,0.0,0.7544484760522496,0.6144904931669638,,True,0.0,0.35,0.75
urban,Two-stage without physics,1.0,0.5735294117647058,0.0,0.7162107682680274,0.5703357100415923,,True,0.0,0.35,0.8
urban,Two-stage without physics,1.0,0.47794117647058826,0.0,0.6146924727337744,0.47404188948306597,,True,0.0,0.35,0.85
urban,Two-stage without physics,1.0,0.35294117647058826,0.0,0.46099706014250835,0.34785353535353536,,True,0.0,0.35,0.9
urban,Two-stage without physics,1.0,0.2426470588235294,0.0,0.32888281469021585,0.23611111111111113,,True,0.0,0.35,0.95
urban,Two-stage without physics,0.923728813559322,0.8676470588235294,0.13432835820895522,0.8572860141577902,0.8007650029708854,,False,1.6865671641791042,0.4,0.05
urban,Two-stage without physics,0.923728813559322,0.8676470588235294,0.13432835820895522,0.8572860141577902,0.8007650029708854,,False,1.6865671641791042,0.4,0.1
urban,Two-stage without physics,0.923728813559322,0.8676470588235294,0.13432835820895522,0.8572860141577902,0.8007650029708854,,False,1.6865671641791042,0.4,0.15
urban,Two-stage without physics,0.923728813559322,0.8676470588235294,0.13432835820895522,0.8572860141577902,0.8007650029708854,,False,1.6865671641791042,0.4,0.2
urban,Two-stage without physics,0.923728813559322,0.8676470588235294,0.13432835820895522,0.8572860141577902,0.8007650029708854,,False,1.6865671641791042,0.4,0.25
urban,Two-stage without physics,0.923728813559322,0.8676470588235294,0.13432835820895522,0.8572860141577902,0.8007650029708854,,False,1.6865671641791042,0.4,0.3
urban,Two-stage without physics,0.923728813559322,0.8676470588235294,0.13432835820895522,0.8572860141577902,0.8007650029708854,,False,1.6865671641791042,0.4,0.35
urban,Two-stage without physics,0.9310344827586207,0.8529411764705882,0.07462686567164178,0.8565099573075645,0.7934120617944148,,False,0.49253731343283563,0.4,0.4
urban,Two-stage without physics,0.9385964912280702,0.8382352941176471,0.029850746268656716,0.8547490708128198,0.7858363042186572,,True,0.0,0.4,0.45
urban,Two-stage without physics,0.9622641509433962,0.7794117647058824,0.014925373134328358,0.8414052801208121,0.7486259655377303,,True,0.0,0.4,0.5
urban,Two-stage without physics,0.9696969696969697,0.7279411764705882,0.014925373134328358,0.813986013986014,0.7036170528817588,,True,0.0,0.4,0.55
urban,Two-stage without physics,0.9895833333333334,0.7058823529411765,0.0,0.8157972295903331,0.6962641117052881,,True,0.0,0.4,0.6
urban,Two-stage without physics,1.0,0.6544117647058824,0.0,0.7856205988281459,0.6514780154486037,,True,0.0,0.4,0.65
urban,Two-stage without physics,1.0,0.6470588235294118,0.0,0.7796806966618287,0.6441250742721332,,True,0.0,0.4,0.7
urban,Two-stage without physics,1.0,0.6176470588235294,0.0,0.7544484760522496,0.6144904931669638,,True,0.0,0.4,0.75
urban,Two-stage without physics,1.0,0.5735294117647058,0.0,0.7162107682680274,0.5703357100415923,,True,0.0,0.4,0.8
urban,Two-stage without physics,1.0,0.47794117647058826,0.0,0.6146924727337744,0.47404188948306597,,True,0.0,0.4,0.85
urban,Two-stage without physics,1.0,0.35294117647058826,0.0,0.46099706014250835,0.34785353535353536,,True,0.0,0.4,0.9
urban,Two-stage without physics,1.0,0.2426470588235294,0.0,0.32888281469021585,0.23611111111111113,,True,0.0,0.4,0.95
urban,Two-stage without physics,0.9224137931034483,0.8529411764705882,0.11940298507462686,0.8485265444608204,0.7868761140819964,,False,1.388059701492537,0.45,0.05
urban,Two-stage without physics,0.9224137931034483,0.8529411764705882,0.11940298507462686,0.8485265444608204,0.7868761140819964,,False,1.388059701492537,0.45,0.1
urban,Two-stage without physics,0.9224137931034483,0.8529411764705882,0.11940298507462686,0.8485265444608204,0.7868761140819964,,False,1.388059701492537,0.45,0.15
urban,Two-stage without physics,0.9224137931034483,0.8529411764705882,0.11940298507462686,0.8485265444608204,0.7868761140819964,,False,1.388059701492537,0.45,0.2
urban,Two-stage without physics,0.9224137931034483,0.8529411764705882,0.11940298507462686,0.8485265444608204,0.7868761140819964,,False,1.388059701492537,0.45,0.25
urban,Two-stage without physics,0.9224137931034483,0.8529411764705882,0.11940298507462686,0.8485265444608204,0.7868761140819964,,False,1.388059701492537,0.45,0.3
urban,Two-stage without physics,0.9224137931034483,0.8529411764705882,0.11940298507462686,0.8485265444608204,0.7868761140819964,,False,1.388059701492537,0.45,0.35
urban,Two-stage without physics,0.9298245614035088,0.8382352941176471,0.07462686567164178,0.8477187485163558,0.7795231729055259,,False,0.49253731343283563,0.45,0.4
urban,Two-stage without physics,0.9375,0.8235294117647058,0.029850746268656716,0.845957862021611,0.7719474153297683,,True,0.0,0.45,0.45
urban,Two-stage without physics,0.9615384615384616,0.7647058823529411,0.014925373134328358,0.8326140713296032,0.7347370766488414,,True,0.0,0.45,0.5
urban,Two-stage without physics,0.9690721649484536,0.7132352941176471,0.014925373134328358,0.8051948051948052,0.6897281639928698,,True,0.0,0.45,0.55
urban,Two-stage without physics,0.9893617021276596,0.6911764705882353,0.0,0.8070060207991243,0.6823752228163993,,True,0.0,0.45,0.6
urban,Two-stage without physics,1.0,0.6397058823529411,0.0,0.7768293900369372,0.6375891265597148,,True,0.0,0.45,0.65
urban,Two-stage without physics,1.0,0.6323529411764706,0.0,0.77088948787062,0.6302361853832442,,True,0.0,0.45,0.7
urban,Two-stage without physics,1.0,0.6029411764705882,0.0,0.7456572672610409,0.6006016042780749,,True,0.0,0.45,0.75
urban,Two-stage without physics,1.0,0.5588235294117647,0.0,0.7071381876228661,0.5564468211527035,,True,0.0,0.45,0.8
urban,Two-stage without physics,1.0,0.47058823529411764,0.0,0.6100841778028988,0.46709744503862155,,True,0.0,0.45,0.85
urban,Two-stage without physics,1.0,0.34558823529411764,0.0,0.4560790273556231,0.34090909090909094,,True,0.0,0.45,0.9
urban,Two-stage without physics,1.0,0.2426470588235294,0.0,0.32888281469021585,0.23611111111111113,,True,0.0,0.45,0.95
urban,Two-stage without physics,0.9210526315789473,0.8382352941176471,0.11940298507462686,0.8389703957545037,0.7723559120617944,,False,1.388059701492537,0.5,0.05
urban,Two-stage without physics,0.9210526315789473,0.8382352941176471,0.11940298507462686,0.8389703957545037,0.7723559120617944,,False,1.388059701492537,0.5,0.1
urban,Two-stage without physics,0.9210526315789473,0.8382352941176471,0.11940298507462686,0.8389703957545037,0.7723559120617944,,False,1.388059701492537,0.5,0.15
urban,Two-stage without physics,0.9210526315789473,0.8382352941176471,0.11940298507462686,0.8389703957545037,0.7723559120617944,,False,1.388059701492537,0.5,0.2
urban,Two-stage without physics,0.9210526315789473,0.8382352941176471,0.11940298507462686,0.8389703957545037,0.7723559120617944,,False,1.388059701492537,0.5,0.25
urban,Two-stage without physics,0.9210526315789473,0.8382352941176471,0.11940298507462686,0.8389703957545037,0.7723559120617944,,False,1.388059701492537,0.5,0.3
urban,Two-stage without physics,0.9210526315789473,0.8382352941176471,0.11940298507462686,0.8389703957545037,0.7723559120617944,,False,1.388059701492537,0.5,0.35
urban,Two-stage without physics,0.9285714285714286,0.8235294117647058,0.07462686567164178,0.8381425985299571,0.7650029708853239,,False,0.49253731343283563,0.5,0.4
urban,Two-stage without physics,0.9363636363636364,0.8088235294117647,0.029850746268656716,0.8363817120352124,0.7574272133095663,,True,0.0,0.5,0.45
urban,Two-stage without physics,0.9607843137254902,0.75,0.014925373134328358,0.822863610639502,0.7202168746286394,,True,0.0,0.5,0.5
urban,Two-stage without physics,0.96875,0.7058823529411765,0.014925373134328358,0.8005865102639296,0.6827837195484254,,True,0.0,0.5,0.55
urban,Two-stage without physics,0.989247311827957,0.6838235294117647,0.0,0.8023977258682488,0.6754307783719549,,True,0.0,0.5,0.6
urban,Two-stage without physics,1.0,0.6323529411764706,0.0,0.7722210951060617,0.6306446821152704,,True,0.0,0.5,0.65
urban,Two-stage without physics,1.0,0.625,0.0,0.7662811929397444,0.6232917409387997,,True,0.0,0.5,0.7
urban,Two-stage without physics,1.0,0.5955882352941176,0.0,0.7410489723301653,0.5936571598336304,,True,0.0,0.5,0.75
urban,Two-stage without physics,1.0,0.5514705882352942,0.0,0.7023788010549126,0.549502376708259,,True,0.0,0.5,0.8
urban,Two-stage without physics,1.0,0.4632352941176471,0.0,0.6053247912349453,0.4601530005941771,,True,0.0,0.5,0.85
urban,Two-stage without physics,1.0,0.34558823529411764,0.0,0.4560790273556231,0.34090909090909094,,True,0.0,0.5,0.9
urban,Two-stage without physics,1.0,0.2426470588235294,0.0,0.32888281469021585,0.23611111111111113,,True,0.0,0.5,0.95
urban,Two-stage without physics,0.9210526315789473,0.8382352941176471,0.1044776119402985,0.8389703957545037,0.7723559120617944,,False,1.08955223880597,0.55,0.05
urban,Two-stage without physics,0.9210526315789473,0.8382352941176471,0.1044776119402985,0.8389703957545037,0.7723559120617944,,False,1.08955223880597,0.55,0.1
urban,Two-stage without physics,0.9210526315789473,0.8382352941176471,0.1044776119402985,0.8389703957545037,0.7723559120617944,,False,1.08955223880597,0.55,0.15
urban,Two-stage without physics,0.9210526315789473,0.8382352941176471,0.1044776119402985,0.8389703957545037,0.7723559120617944,,False,1.08955223880597,0.55,0.2
urban,Two-stage without physics,0.9210526315789473,0.8382352941176471,0.1044776119402985,0.8389703957545037,0.7723559120617944,,False,1.08955223880597,0.55,0.25
urban,Two-stage without physics,0.9210526315789473,0.8382352941176471,0.1044776119402985,0.8389703957545037,0.7723559120617944,,False,1.08955223880597,0.55,0.3
urban,Two-stage without physics,0.9210526315789473,0.8382352941176471,0.1044776119402985,0.8389703957545037,0.7723559120617944,,False,1.08955223880597,0.55,0.35
urban,Two-stage without physics,0.9285714285714286,0.8235294117647058,0.07462686567164178,0.8381425985299571,0.7650029708853239,,False,0.49253731343283563,0.55,0.4
urban,Two-stage without physics,0.9363636363636364,0.8088235294117647,0.029850746268656716,0.8363817120352124,0.7574272133095663,,True,0.0,0.55,0.45
urban,Two-stage without physics,0.9607843137254902,0.75,0.014925373134328358,0.822863610639502,0.7202168746286394,,True,0.0,0.55,0.5
urban,Two-stage without physics,0.96875,0.7058823529411765,0.014925373134328358,0.8005865102639296,0.6827837195484254,,True,0.0,0.55,0.55
urban,Two-stage without physics,0.989247311827957,0.6838235294117647,0.0,0.8023977258682488,0.6754307783719549,,True,0.0,0.55,0.6
urban,Two-stage without physics,1.0,0.6323529411764706,0.0,0.7722210951060617,0.6306446821152704,,True,0.0,0.55,0.65
urban,Two-stage without physics,1.0,0.625,0.0,0.7662811929397444,0.6232917409387997,,True,0.0,0.55,0.7
urban,Two-stage without physics,1.0,0.5955882352941176,0.0,0.7410489723301653,0.5936571598336304,,True,0.0,0.55,0.75
urban,Two-stage without physics,1.0,0.5514705882352942,0.0,0.7023788010549126,0.549502376708259,,True,0.0,0.55,0.8
urban,Two-stage without physics,1.0,0.4632352941176471,0.0,0.6053247912349453,0.4601530005941771,,True,0.0,0.55,0.85
urban,Two-stage without physics,1.0,0.34558823529411764,0.0,0.4560790273556231,0.34090909090909094,,True,0.0,0.55,0.9
urban,Two-stage without physics,1.0,0.2426470588235294,0.0,0.32888281469021585,0.23611111111111113,,True,0.0,0.55,0.95
urban,Two-stage without physics,0.9203539823008849,0.8308823529411765,0.07462686567164178,0.8340268929296449,0.7647801544860369,,False,0.49253731343283563,0.6,0.05
urban,Two-stage without physics,0.9203539823008849,0.8308823529411765,0.07462686567164178,0.8340268929296449,0.7647801544860369,,False,0.49253731343283563,0.6,0.1
urban,Two-stage without physics,0.9203539823008849,0.8308823529411765,0.07462686567164178,0.8340268929296449,0.7647801544860369,,False,0.49253731343283563,0.6,0.15
urban,Two-stage without physics,0.9203539823008849,0.8308823529411765,0.07462686567164178,0.8340268929296449,0.7647801544860369,,False,0.49253731343283563,0.6,0.2
urban,Two-stage without physics,0.9203539823008849,0.8308823529411765,0.07462686567164178,0.8340268929296449,0.7647801544860369,,False,0.49253731343283563,0.6,0.25
urban,Two-stage without physics,0.9203539823008849,0.8308823529411765,0.07462686567164178,0.8340268929296449,0.7647801544860369,,False,0.49253731343283563,0.6,0.3
urban,Two-stage without physics,0.9203539823008849,0.8308823529411765,0.07462686567164178,0.8340268929296449,0.7647801544860369,,False,0.49253731343283563,0.6,0.35
urban,Two-stage without physics,0.9279279279279279,0.8161764705882353,0.04477611940298507,0.8331990957050983,0.7574272133095663,,True,0.0,0.6,0.4
urban,Two-stage without physics,0.9363636363636364,0.8088235294117647,0.014925373134328358,0.8363817120352124,0.7574272133095663,,True,0.0,0.6,0.45
urban,Two-stage without physics,0.9607843137254902,0.75,0.0,0.822863610639502,0.7202168746286394,,True,0.0,0.6,0.5
urban,Two-stage without physics,0.96875,0.7058823529411765,0.0,0.8005865102639296,0.6827837195484254,,True,0.0,0.6,0.55
urban,Two-stage without physics,0.989247311827957,0.6838235294117647,0.0,0.8023977258682488,0.6754307783719549,,True,0.0,0.6,0.6
urban,Two-stage without physics,1.0,0.6323529411764706,0.0,0.7722210951060617,0.6306446821152704,,True,0.0,0.6,0.65
urban,Two-stage without physics,1.0,0.625,0.0,0.7662811929397444,0.6232917409387997,,True,0.0,0.6,0.7
urban,Two-stage without physics,1.0,0.5955882352941176,0.0,0.7410489723301653,0.5936571598336304,,True,0.0,0.6,0.75
urban,Two-stage without physics,1.0,0.5514705882352942,0.0,0.7023788010549126,0.549502376708259,,True,0.0,0.6,0.8
urban,Two-stage without physics,1.0,0.4632352941176471,0.0,0.6053247912349453,0.4601530005941771,,True,0.0,0.6,0.85
urban,Two-stage without physics,1.0,0.34558823529411764,0.0,0.4560790273556231,0.34090909090909094,,True,0.0,0.6,0.9
urban,Two-stage without physics,1.0,0.2426470588235294,0.0,0.32888281469021585,0.23611111111111113,,True,0.0,0.6,0.95
urban,Two-stage without physics,0.9196428571428571,0.8235294117647058,0.07462686567164178,0.8288847271704193,0.7572043969102793,,False,0.49253731343283563,0.65,0.05
urban,Two-stage without physics,0.9196428571428571,0.8235294117647058,0.07462686567164178,0.8288847271704193,0.7572043969102793,,False,0.49253731343283563,0.65,0.1
urban,Two-stage without physics,0.9196428571428571,0.8235294117647058,0.07462686567164178,0.8288847271704193,0.7572043969102793,,False,0.49253731343283563,0.65,0.15
urban,Two-stage without physics,0.9196428571428571,0.8235294117647058,0.07462686567164178,0.8288847271704193,0.7572043969102793,,False,0.49253731343283563,0.65,0.2
urban,Two-stage without physics,0.9196428571428571,0.8235294117647058,0.07462686567164178,0.8288847271704193,0.7572043969102793,,False,0.49253731343283563,0.65,0.25
urban,Two-stage without physics,0.9196428571428571,0.8235294117647058,0.07462686567164178,0.8288847271704193,0.7572043969102793,,False,0.49253731343283563,0.65,0.3
urban,Two-stage without physics,0.9196428571428571,0.8235294117647058,0.07462686567164178,0.8288847271704193,0.7572043969102793,,False,0.49253731343283563,0.65,0.35
urban,Two-stage without physics,0.9272727272727272,0.8088235294117647,0.04477611940298507,0.8280569299458727,0.7498514557338087,,True,0.0,0.65,0.4
urban,Two-stage without physics,0.9357798165137615,0.8014705882352942,0.014925373134328358,0.8312395462759867,0.7498514557338087,,True,0.0,0.65,0.45
urban,Two-stage without physics,0.9603960396039604,0.7426470588235294,0.0,0.8175377961031611,0.7126411170528818,,True,0.0,0.65,0.5
urban,Two-stage without physics,0.968421052631579,0.6985294117647058,0.0,0.794862604540024,0.6752079619726679,,True,0.0,0.65,0.55
urban,Two-stage without physics,0.9891304347826086,0.6764705882352942,0.0,0.7966325267068232,0.6678550207961973,,True,0.0,0.65,0.6
urban,Two-stage without physics,1.0,0.625,0.0,0.7662341575153504,0.6230689245395128,,True,0.0,0.65,0.65
urban,Two-stage without physics,1.0,0.6176470588235294,0.0,0.7602942553490332,0.6157159833630421,,True,0.0,0.65,0.7
urban,Two-stage without physics,1.0,0.5882352941176471,0.0,0.7350620347394541,0.5860814022578729,,True,0.0,0.65,0.75
urban,Two-stage without physics,1.0,0.5441176470588235,0.0,0.696157081597899,0.5419266191325014,,True,0.0,0.65,0.8
urban,Two-stage without physics,1.0,0.45588235294117646,0.0,0.5988542029996512,0.4525772430184195,,True,0.0,0.65,0.85
urban,Two-stage without physics,1.0,0.3382352941176471,0.0,0.4484472049689441,0.3333333333333333,,True,0.0,0.65,0.9
urban,Two-stage without physics,1.0,0.2426470588235294,0.0,0.32888281469021585,0.23611111111111113,,True,0.0,0.65,0.95
urban,Two-stage without physics,0.9174311926605505,0.8014705882352942,0.05970149253731343,0.8123155263906922,0.7344771241830066,,False,0.19402985074626858,0.7,0.05
urban,Two-stage without physics,0.9174311926605505,0.8014705882352942,0.05970149253731343,0.8123155263906922,0.7344771241830066,,False,0.19402985074626858,0.7,0.1
urban,Two-stage without physics,0.9174311926605505,0.8014705882352942,0.05970149253731343,0.8123155263906922,0.7344771241830066,,False,0.19402985074626858,0.7,0.15
urban,Two-stage without physics,0.9174311926605505,0.8014705882352942,0.05970149253731343,0.8123155263906922,0.7344771241830066,,False,0.19402985074626858,0.7,0.2
urban,Two-stage without physics,0.9174311926605505,0.8014705882352942,0.05970149253731343,0.8123155263906922,0.7344771241830066,,False,0.19402985074626858,0.7,0.25
urban,Two-stage without physics,0.9174311926605505,0.8014705882352942,0.05970149253731343,0.8123155263906922,0.7344771241830066,,False,0.19402985074626858,0.7,0.3
urban,Two-stage without physics,0.9174311926605505,0.8014705882352942,0.05970149253731343,0.8123155263906922,0.7344771241830066,,False,0.19402985074626858,0.7,0.35
urban,Two-stage without physics,0.9252336448598131,0.7867647058823529,0.04477611940298507,0.8114877291661455,0.727124183006536,,True,0.0,0.7,0.4
urban,Two-stage without physics,0.9339622641509434,0.7794117647058824,0.014925373134328358,0.8146703454962596,0.727124183006536,,True,0.0,0.7,0.45
urban,Two-stage without physics,0.9591836734693877,0.7205882352941176,0.0,0.8003545076934576,0.6899138443256091,,True,0.0,0.7,0.5
urban,Two-stage without physics,0.967391304347826,0.6764705882352942,0.0,0.7763440860215054,0.6524806892453952,,True,0.0,0.7,0.55
urban,Two-stage without physics,0.9887640449438202,0.6544117647058824,0.0,0.7779532814238043,0.6451277480689246,,True,0.0,0.7,0.6
urban,Two-stage without physics,1.0,0.6029411764705882,0.0,0.7468071559454919,0.6003416518122401,,True,0.0,0.7,0.65
urban,Two-stage without physics,1.0,0.5955882352941176,0.0,0.7408672537791745,0.5929887106357694,,True,0.0,0.7,0.7
urban,Two-stage without physics,1.0,0.5661764705882353,0.0,0.7156350331695954,0.5633541295306002,,True,0.0,0.7,0.75
urban,Two-stage without physics,1.0,0.5220588235294118,0.0,0.675936493362605,0.5191993464052287,,True,0.0,0.7,0.8
urban,Two-stage without physics,1.0,0.4338235294117647,0.0,0.5777903732124171,0.42984997029114674,,True,0.0,0.7,0.85
urban,Two-stage without physics,1.0,0.33088235294117646,0.0,0.44047619047619047,0.32575757575757575,,True,0.0,0.7,0.9
urban,Two-stage without physics,1.0,0.2426470588235294,0.0,0.32888281469021585,0.23611111111111113,,True,0.0,0.7,0.95
urban,Two-stage without physics,0.9252336448598131,0.7867647058823529,0.05970149253731343,0.8114877291661455,0.727124183006536,,False,0.19402985074626858,0.75,0.05
urban,Two-stage without physics,0.9252336448598131,0.7867647058823529,0.05970149253731343,0.8114877291661455,0.727124183006536,,False,0.19402985074626858,0.75,0.1
urban,Two-stage without physics,0.9252336448598131,0.7867647058823529,0.05970149253731343,0.8114877291661455,0.727124183006536,,False,0.19402985074626858,0.75,0.15
urban,Two-stage without physics,0.9252336448598131,0.7867647058823529,0.05970149253731343,0.8114877291661455,0.727124183006536,,False,0.19402985074626858,0.75,0.2
urban,Two-stage without physics,0.9252336448598131,0.7867647058823529,0.05970149253731343,0.8114877291661455,0.727124183006536,,False,0.19402985074626858,0.75,0.25
urban,Two-stage without physics,0.9252336448598131,0.7867647058823529,0.05970149253731343,0.8114877291661455,0.727124183006536,,False,0.19402985074626858,0.75,0.3
urban,Two-stage without physics,0.9252336448598131,0.7867647058823529,0.05970149253731343,0.8114877291661455,0.727124183006536,,False,0.19402985074626858,0.75,0.35
urban,Two-stage without physics,0.9245283018867925,0.7794117647058824,0.04477611940298507,0.8072076589290955,0.7197712418300655,,True,0.0,0.75,0.4
urban,Two-stage without physics,0.9333333333333333,0.7720588235294118,0.014925373134328358,0.8103736471697106,0.7197712418300655,,True,0.0,0.75,0.45
urban,Two-stage without physics,0.9587628865979382,0.7132352941176471,0.0,0.7955951211255041,0.6825609031491385,,True,0.0,0.75,0.5
urban,Two-stage without physics,0.967391304347826,0.6764705882352942,0.0,0.7763440860215054,0.6524806892453952,,True,0.0,0.75,0.55
urban,Two-stage without physics,0.9887640449438202,0.6544117647058824,0.0,0.7779532814238043,0.6451277480689246,,True,0.0,0.75,0.6
urban,Two-stage without physics,1.0,0.6029411764705882,0.0,0.7468071559454919,0.6003416518122401,,True,0.0,0.75,0.65
urban,Two-stage without physics,1.0,0.5955882352941176,0.0,0.7408672537791745,0.5929887106357694,,True,0.0,0.75,0.7
urban,Two-stage without physics,1.0,0.5661764705882353,0.0,0.7156350331695954,0.5633541295306002,,True,0.0,0.75,0.75
urban,Two-stage without physics,1.0,0.5220588235294118,0.0,0.675936493362605,0.5191993464052287,,True,0.0,0.75,0.8
urban,Two-stage without physics,1.0,0.4338235294117647,0.0,0.5777903732124171,0.42984997029114674,,True,0.0,0.75,0.85
urban,Two-stage without physics,1.0,0.33088235294117646,0.0,0.44047619047619047,0.32575757575757575,,True,0.0,0.75,0.9
urban,Two-stage without physics,1.0,0.2426470588235294,0.0,0.32888281469021585,0.23611111111111113,,True,0.0,0.75,0.95
urban,Two-stage without physics,0.9207920792079208,0.7426470588235294,0.05970149253731343,0.7772630871759569,0.6825237670825905,,False,0.19402985074626858,0.8,0.05
urban,Two-stage without physics,0.9207920792079208,0.7426470588235294,0.05970149253731343,0.7772630871759569,0.6825237670825905,,False,0.19402985074626858,0.8,0.1
urban,Two-stage without physics,0.9207920792079208,0.7426470588235294,0.05970149253731343,0.7772630871759569,0.6825237670825905,,False,0.19402985074626858,0.8,0.15
urban,Two-stage without physics,0.9207920792079208,0.7426470588235294,0.05970149253731343,0.7772630871759569,0.6825237670825905,,False,0.19402985074626858,0.8,0.2
urban,Two-stage without physics,0.9207920792079208,0.7426470588235294,0.05970149253731343,0.7772630871759569,0.6825237670825905,,False,0.19402985074626858,0.8,0.25
urban,Two-stage without physics,0.9207920792079208,0.7426470588235294,0.05970149253731343,0.7772630871759569,0.6825237670825905,,False,0.19402985074626858,0.8,0.3
urban,Two-stage without physics,0.9207920792079208,0.7426470588235294,0.05970149253731343,0.7772630871759569,0.6825237670825905,,False,0.19402985074626858,0.8,0.35
urban,Two-stage without physics,0.9207920792079208,0.7426470588235294,0.04477611940298507,0.7772630871759569,0.6825237670825905,,True,0.0,0.8,0.4
urban,Two-stage without physics,0.93,0.7352941176470589,0.014925373134328358,0.780429075416572,0.6825237670825905,,True,0.0,0.8,0.45
urban,Two-stage without physics,0.9565217391304348,0.6764705882352942,0.0,0.7646516760284787,0.6453134284016637,,True,0.0,0.8,0.5
urban,Two-stage without physics,0.9655172413793104,0.6397058823529411,0.0,0.7432159051273108,0.6152332144979203,,True,0.0,0.8,0.55
urban,Two-stage without physics,0.9880952380952381,0.6176470588235294,0.0,0.7444982426819378,0.6078802733214498,,True,0.0,0.8,0.6
urban,Two-stage without physics,1.0,0.5661764705882353,0.0,0.7121157965884226,0.5630941770647653,,True,0.0,0.8,0.65
urban,Two-stage without physics,1.0,0.5588235294117647,0.0,0.7061758944221054,0.5557412358882947,,True,0.0,0.8,0.7
urban,Two-stage without physics,1.0,0.5294117647058824,0.0,0.6809436738125263,0.5261066547831253,,True,0.0,0.8,0.75
urban,Two-stage without physics,1.0,0.49264705882352944,0.0,0.648101793909053,0.48952762923351156,,True,0.0,0.8,0.8
urban,Two-stage without physics,1.0,0.40441176470588236,0.0,0.548936170212766,0.4001782531194296,,True,0.0,0.8,0.85
urban,Two-stage without physics,1.0,0.3235294117647059,0.0,0.43214285714285716,0.3181818181818181,,True,0.0,0.8,0.9
urban,Two-stage without physics,1.0,0.23529411764705882,0.0,0.31882183908045975,0.22853535353535354,,True,0.0,0.8,0.95
urban,Two-stage without physics,0.9278350515463918,0.7132352941176471,0.04477611940298507,0.7634875213567708,0.6610591206179441,,True,0.0,0.85,0.05
urban,Two-stage without physics,0.9278350515463918,0.7132352941176471,0.04477611940298507,0.7634875213567708,0.6610591206179441,,True,0.0,0.85,0.1
urban,Two-stage without physics,0.9278350515463918,0.7132352941176471,0.04477611940298507,0.7634875213567708,0.6610591206179441,,True,0.0,0.85,0.15
urban,Two-stage without physics,0.9278350515463918,0.7132352941176471,0.04477611940298507,0.7634875213567708,0.6610591206179441,,True,0.0,0.85,0.2
urban,Two-stage without physics,0.9278350515463918,0.7132352941176471,0.04477611940298507,0.7634875213567708,0.6610591206179441,,True,0.0,0.85,0.25
urban,Two-stage without physics,0.9278350515463918,0.7132352941176471,0.04477611940298507,0.7634875213567708,0.6610591206179441,,True,0.0,0.85,0.3
urban,Two-stage without physics,0.9278350515463918,0.7132352941176471,0.04477611940298507,0.7634875213567708,0.6610591206179441,,True,0.0,0.85,0.35
urban,Two-stage without physics,0.9278350515463918,0.7132352941176471,0.029850746268656716,0.7634875213567708,0.6610591206179441,,True,0.0,0.85,0.4
urban,Two-stage without physics,0.9375,0.7058823529411765,0.014925373134328358,0.766750924620174,0.6610591206179441,,True,0.0,0.85,0.45
urban,Two-stage without physics,0.9550561797752809,0.6544117647058824,0.0,0.747421006322419,0.6238487819370173,,True,0.0,0.85,0.5
urban,Two-stage without physics,0.9642857142857143,0.6176470588235294,0.0,0.7253500368459838,0.5937685680332739,,True,0.0,0.85,0.55
urban,Two-stage without physics,0.9876543209876543,0.5955882352941176,0.0,0.7265244496395871,0.5864156268568033,,True,0.0,0.85,0.6
urban,Two-stage without physics,1.0,0.5441176470588235,0.0,0.6937796847054922,0.5416295306001189,,True,0.0,0.85,0.65
urban,Two-stage without physics,1.0,0.5367647058823529,0.0,0.6878397825391749,0.5342765894236483,,True,0.0,0.85,0.7
urban,Two-stage without physics,1.0,0.5073529411764706,0.0,0.6626075619295959,0.5046420083184789,,True,0.0,0.85,0.75
urban,Two-stage without physics,1.0,0.47794117647058826,0.0,0.6346837148130079,0.4750074272133095,,True,0.0,0.85,0.8
urban,Two-stage without physics,1.0,0.3897058823529412,0.0,0.5351304942174959,0.3856580510992276,,True,0.0,0.85,0.85
urban,Two-stage without physics,1.0,0.3088235294117647,0.0,0.4183371811475871,0.30366161616161613,,True,0.0,0.85,0.9
urban,Two-stage without physics,1.0,0.22058823529411764,0.0,0.30280026990553305,0.21401515151515152,,True,0.0,0.85,0.95
urban,Two-stage without physics,0.9239130434782609,0.6764705882352942,0.04477611940298507,0.7368893678160919,0.6242572786690435,,True,0.0,0.9,0.05
urban,Two-stage without physics,0.9239130434782609,0.6764705882352942,0.04477611940298507,0.7368893678160919,0.6242572786690435,,True,0.0,0.9,0.1
urban,Two-stage without physics,0.9239130434782609,0.6764705882352942,0.04477611940298507,0.7368893678160919,0.6242572786690435,,True,0.0,0.9,0.15
urban,Two-stage without physics,0.9239130434782609,0.6764705882352942,0.04477611940298507,0.7368893678160919,0.6242572786690435,,True,0.0,0.9,0.2
urban,Two-stage without physics,0.9239130434782609,0.6764705882352942,0.04477611940298507,0.7368893678160919,0.6242572786690435,,True,0.0,0.9,0.25
urban,Two-stage without physics,0.9239130434782609,0.6764705882352942,0.04477611940298507,0.7368893678160919,0.6242572786690435,,True,0.0,0.9,0.3
urban,Two-stage without physics,0.9239130434782609,0.6764705882352942,0.04477611940298507,0.7368893678160919,0.6242572786690435,,True,0.0,0.9,0.35
urban,Two-stage without physics,0.9239130434782609,0.6764705882352942,0.029850746268656716,0.7368893678160919,0.6242572786690435,,True,0.0,0.9,0.4
urban,Two-stage without physics,0.9340659340659341,0.6691176470588235,0.014925373134328358,0.7401135741652982,0.6242572786690435,,True,0.0,0.9,0.45
urban,Two-stage without physics,0.9534883720930233,0.6323529411764706,0.0,0.7297074307191309,0.6019756387403447,,True,0.0,0.9,0.5
urban,Two-stage without physics,0.9629629629629629,0.5955882352941176,0.0,0.7067926488733035,0.5718954248366013,,True,0.0,0.9,0.55
urban,Two-stage without physics,0.9871794871794872,0.5735294117647058,0.0,0.7076376285541439,0.5645424836601307,,True,0.0,0.9,0.6
urban,Two-stage without physics,1.0,0.5220588235294118,0.0,0.6738587704831217,0.5197563874034463,,True,0.0,0.9,0.65
urban,Two-stage without physics,1.0,0.5147058823529411,0.0,0.667690410541177,0.5124034462269756,,True,0.0,0.9,0.7
urban,Two-stage without physics,1.0,0.4852941176470588,0.0,0.6416877743633386,0.48276886512180633,,True,0.0,0.9,0.75
urban,Two-stage without physics,1.0,0.4632352941176471,0.0,0.6207027027569546,0.46048722519310753,,True,0.0,0.9,0.8
urban,Two-stage without physics,1.0,0.375,0.0,0.5207341997694162,0.3711378490790256,,True,0.0,0.9,0.85
urban,Two-stage without physics,1.0,0.29411764705882354,0.0,0.40394088669950734,0.28914141414141414,,True,0.0,0.9,0.9
urban,Two-stage without physics,1.0,0.21323529411764705,0.0,0.29716117216117216,0.20707070707070707,,True,0.0,0.9,0.95
urban,Two-stage without physics,0.9166666666666666,0.6176470588235294,0.029850746268656716,0.6830521968453003,0.5657679738562091,,True,0.0,0.95,0.05
urban,Two-stage without physics,0.9166666666666666,0.6176470588235294,0.029850746268656716,0.6830521968453003,0.5657679738562091,,True,0.0,0.95,0.1
urban,Two-stage without physics,0.9166666666666666,0.6176470588235294,0.029850746268656716,0.6830521968453003,0.5657679738562091,,True,0.0,0.95,0.15
urban,Two-stage without physics,0.9166666666666666,0.6176470588235294,0.029850746268656716,0.6830521968453003,0.5657679738562091,,True,0.0,0.95,0.2
urban,Two-stage without physics,0.9166666666666666,0.6176470588235294,0.029850746268656716,0.6830521968453003,0.5657679738562091,,True,0.0,0.95,0.25
urban,Two-stage without physics,0.9166666666666666,0.6176470588235294,0.029850746268656716,0.6830521968453003,0.5657679738562091,,True,0.0,0.95,0.3
urban,Two-stage without physics,0.9166666666666666,0.6176470588235294,0.029850746268656716,0.6830521968453003,0.5657679738562091,,True,0.0,0.95,0.35
urban,Two-stage without physics,0.9166666666666666,0.6176470588235294,0.014925373134328358,0.6830521968453003,0.5657679738562091,,True,0.0,0.95,0.4
urban,Two-stage without physics,0.927710843373494,0.6102941176470589,0.014925373134328358,0.6862524016584084,0.5657679738562091,,True,0.0,0.95,0.45
urban,Two-stage without physics,0.9487179487179487,0.5735294117647058,0.0,0.6740480757201708,0.5434863339275104,,True,0.0,0.95,0.5
urban,Two-stage without physics,0.9594594594594594,0.5441176470588235,0.0,0.6576205403791611,0.5209818775995246,,True,0.0,0.95,0.55
urban,Two-stage without physics,0.9859154929577465,0.5220588235294118,0.0,0.6577882483370289,0.5136289364230541,,True,0.0,0.95,0.6
urban,Two-stage without physics,1.0,0.47794117647058826,0.0,0.6320444166969708,0.47641859774212714,,True,0.0,0.95,0.65
urban,Two-stage without physics,1.0,0.47058823529411764,0.0,0.6256341602867144,0.4690656565656566,,True,0.0,0.95,0.7
urban,Two-stage without physics,1.0,0.4411764705882353,0.0,0.5988138893626699,0.4394310754604872,,True,0.0,0.95,0.75
urban,Two-stage without physics,1.0,0.4264705882352941,0.0,0.5850567089127485,0.4245023767082591,,True,0.0,0.95,0.8
urban,Two-stage without physics,1.0,0.3382352941176471,0.0,0.4841634429400387,0.3351530005941771,,True,0.0,0.95,0.85
urban,Two-stage without physics,1.0,0.25735294117647056,0.0,0.36737012987012985,0.25315656565656564,,True,0.0,0.95,0.9
urban,Two-stage without physics,1.0,0.18382352941176472,0.0,0.26238738738738737,0.17803030303030304,,True,0.0,0.95,0.95
urban,PhyGuard,0.9338235294117647,1.0,0.7014925373134329,0.9315306793023842,0.9322638146167559,,False,13.029850746268655,0.05,0.05
urban,PhyGuard,0.9338235294117647,1.0,0.7014925373134329,0.9315306793023842,0.9322638146167559,,False,13.029850746268655,0.05,0.1
urban,PhyGuard,0.9338235294117647,1.0,0.7014925373134329,0.9315306793023842,0.9322638146167559,,False,13.029850746268655,0.05,0.15
urban,PhyGuard,0.9338235294117647,1.0,0.7014925373134329,0.9315306793023842,0.9322638146167559,,False,13.029850746268655,0.05,0.2
urban,PhyGuard,0.9338235294117647,1.0,0.7014925373134329,0.9315306793023842,0.9322638146167559,,False,13.029850746268655,0.05,0.25
urban,PhyGuard,0.9338235294117647,1.0,0.6865671641791045,0.9315306793023842,0.9322638146167559,,False,12.731343283582088,0.05,0.3
urban,PhyGuard,0.9338235294117647,1.0,0.6268656716417911,0.9315306793023842,0.9322638146167559,,False,11.53731343283582,0.05,0.35
urban,PhyGuard,0.9473684210526315,0.9779411764705882,0.5223880597014925,0.9344430217669655,0.9246880570409983,,False,9.44776119402985,0.05,0.4
urban,PhyGuard,0.9461538461538461,0.9558823529411765,0.3880597014925373,0.9216799535517295,0.9024064171122995,,False,6.7611940298507465,0.05,0.45
urban,PhyGuard,0.9516129032258065,0.9117647058823529,0.34328358208955223,0.9023371365476629,0.8649732620320856,,False,5.865671641791044,0.05,0.5
urban,PhyGuard,0.9655172413793104,0.8529411764705882,0.26865671641791045,0.8821556579621095,0.8199643493761141,,False,4.3731343283582085,0.05,0.55
urban,PhyGuard,1.0,0.7941176470588235,0.1791044776119403,0.8773816481589714,0.7898841354723708,,False,2.582089552238805,0.05,0.6
urban,PhyGuard,1.0,0.7573529411764706,0.11940298507462686,0.8508707767328457,0.7528966131907309,,False,1.388059701492537,0.05,0.65
urban,PhyGuard,1.0,0.7205882352941176,0.08955223880597014,0.8224639065006493,0.715463458110517,,False,0.7910447761194028,0.05,0.7
urban,PhyGuard,1.0,0.6764705882352942,0.029850746268656716,0.7883066043318736,0.6713086749851456,,True,0.0,0.05,0.75
urban,PhyGuard,1.0,0.6544117647058824,0.0,0.7705182072829132,0.6496583481877599,,True,0.0,0.05,0.8
urban,PhyGuard,1.0,0.5514705882352942,0.0,0.675388382523645,0.5470513963161022,,True,0.0,0.05,0.85
urban,PhyGuard,1.0,0.41911764705882354,0.0,0.5411053245936968,0.41410427807486627,,True,0.0,0.05,0.9
urban,PhyGuard,1.0,0.27205882352941174,0.0,0.3678475850643558,0.2657828282828283,,True,0.0,0.05,0.95
urban,PhyGuard,0.9393939393939394,0.9705882352941176,0.44776119402985076,0.9222534003830093,0.9095365418894832,,False,7.955223880597015,0.1,0.05
urban,PhyGuard,0.9393939393939394,0.9705882352941176,0.44776119402985076,0.9222534003830093,0.9095365418894832,,False,7.955223880597015,0.1,0.1
urban,PhyGuard,0.9393939393939394,0.9705882352941176,0.44776119402985076,0.9222534003830093,0.9095365418894832,,False,7.955223880597015,0.1,0.15
urban,PhyGuard,0.9393939393939394,0.9705882352941176,0.44776119402985076,0.9222534003830093,0.9095365418894832,,False,7.955223880597015,0.1,0.2
urban,PhyGuard,0.9393939393939394,0.9705882352941176,0.44776119402985076,0.9222534003830093,0.9095365418894832,,False,7.955223880597015,0.1,0.25
urban,PhyGuard,0.9393939393939394,0.9705882352941176,0.44776119402985076,0.9222534003830093,0.9095365418894832,,False,7.955223880597015,0.1,0.3
urban,PhyGuard,0.9393939393939394,0.9705882352941176,0.43283582089552236,0.9222534003830093,0.9095365418894832,,False,7.656716417910447,0.1,0.35
urban,PhyGuard,0.9461538461538461,0.9558823529411765,0.3582089552238806,0.9215915194557174,0.9019607843137254,,False,6.164179104477611,0.1,0.4
urban,PhyGuard,0.9448818897637795,0.9338235294117647,0.29850746268656714,0.908662856071964,0.8796791443850267,,False,4.970149253731343,0.1,0.45
urban,PhyGuard,0.9508196721311475,0.8970588235294118,0.2537313432835821,0.8940343282448546,0.8498217468805704,,False,4.074626865671642,0.1,0.5
urban,PhyGuard,0.9652173913043478,0.8455882352941176,0.22388059701492538,0.8776606817590424,0.8123885918003565,,False,3.477611940298507,0.1,0.55
urban,PhyGuard,1.0,0.7867647058823529,0.14925373134328357,0.8723907225691346,0.7823083778966132,,False,1.9850746268656712,0.1,0.6
urban,PhyGuard,1.0,0.75,0.1044776119402985,0.845879851143009,0.7453208556149733,,False,1.08955223880597,0.1,0.65
urban,PhyGuard,1.0,0.7132352941176471,0.07462686567164178,0.8172947335683184,0.7078877005347595,,False,0.49253731343283563,0.1,0.7
urban,PhyGuard,1.0,0.6691176470588235,0.029850746268656716,0.7829494614747308,0.663732917409388,,True,0.0,0.1,0.75
urban,PhyGuard,1.0,0.6470588235294118,0.0,0.7651610644257704,0.6420825906120023,,True,0.0,0.1,0.8
urban,PhyGuard,1.0,0.5441176470588235,0.0,0.6694014449329339,0.5394756387403447,,True,0.0,0.1,0.85
urban,PhyGuard,1.0,0.41911764705882354,0.0,0.5411053245936968,0.41410427807486627,,True,0.0,0.1,0.9
urban,PhyGuard,1.0,0.27205882352941174,0.0,0.3678475850643558,0.2657828282828283,,True,0.0,0.1,0.95
urban,PhyGuard,0.9384615384615385,0.9558823529411765,0.3582089552238806,0.914647075011273,0.895016339869281,,False,6.164179104477611,0.15,0.05
urban,PhyGuard,0.9384615384615385,0.9558823529411765,0.3582089552238806,0.914647075011273,0.895016339869281,,False,6.164179104477611,0.15,0.1
urban,PhyGuard,0.9384615384615385,0.9558823529411765,0.3582089552238806,0.914647075011273,0.895016339869281,,False,6.164179104477611,0.15,0.15
urban,PhyGuard,0.9384615384615385,0.9558823529411765,0.3582089552238806,0.914647075011273,0.895016339869281,,False,6.164179104477611,0.15,0.2
urban,PhyGuard,0.9384615384615385,0.9558823529411765,0.3582089552238806,0.914647075011273,0.895016339869281,,False,6.164179104477611,0.15,0.25
urban,PhyGuard,0.9384615384615385,0.9558823529411765,0.3582089552238806,0.914647075011273,0.895016339869281,,False,6.164179104477611,0.15,0.3
urban,PhyGuard,0.9384615384615385,0.9558823529411765,0.3582089552238806,0.914647075011273,0.895016339869281,,False,6.164179104477611,0.15,0.35
urban,PhyGuard,0.9457364341085271,0.9485294117647058,0.3283582089552239,0.918070392695154,0.895016339869281,,False,5.567164179104478,0.15,0.4
urban,PhyGuard,0.9444444444444444,0.9264705882352942,0.26865671641791045,0.9051417293114006,0.8727346999405823,,False,4.3731343283582085,0.15,0.45
urban,PhyGuard,0.9504132231404959,0.8897058823529411,0.23880597014925373,0.8905132014842911,0.842877302436126,,False,3.776119402985074,0.15,0.5
urban,PhyGuard,0.9649122807017544,0.8382352941176471,0.208955223880597,0.874139554998479,0.8054441473559121,,False,3.1791044776119404,0.15,0.55
urban,PhyGuard,1.0,0.7794117647058824,0.13432835820895522,0.8688695958085714,0.7753639334521688,,False,1.6865671641791042,0.15,0.6
urban,PhyGuard,1.0,0.7426470588235294,0.1044776119402985,0.8423587243824456,0.7383764111705289,,False,1.08955223880597,0.15,0.65
urban,PhyGuard,1.0,0.7058823529411765,0.07462686567164178,0.813773606807755,0.700943256090315,,False,0.49253731343283563,0.15,0.7
urban,PhyGuard,1.0,0.6617647058823529,0.029850746268656716,0.779327731092437,0.6567884729649436,,True,0.0,0.15,0.75
urban,PhyGuard,1.0,0.6397058823529411,0.0,0.7614343563512361,0.6351381461675578,,True,0.0,0.15,0.8
urban,PhyGuard,1.0,0.5441176470588235,0.0,0.6694014449329339,0.5394756387403447,,True,0.0,0.15,0.85
urban,PhyGuard,1.0,0.41911764705882354,0.0,0.5411053245936968,0.41410427807486627,,True,0.0,0.15,0.9
urban,PhyGuard,1.0,0.27205882352941174,0.0,0.3678475850643558,0.2657828282828283,,True,0.0,0.15,0.95
urban,PhyGuard,0.9457364341085271,0.9485294117647058,0.29850746268656714,0.918070392695154,0.895016339869281,,False,4.970149253731343,0.2,0.05
urban,PhyGuard,0.9457364341085271,0.9485294117647058,0.29850746268656714,0.918070392695154,0.895016339869281,,False,4.970149253731343,0.2,0.1
urban,PhyGuard,0.9457364341085271,0.9485294117647058,0.29850746268656714,0.918070392695154,0.895016339869281,,False,4.970149253731343,0.2,0.15
urban,PhyGuard,0.9457364341085271,0.9485294117647058,0.29850746268656714,0.918070392695154,0.895016339869281,,False,4.970149253731343,0.2,0.2
urban,PhyGuard,0.9457364341085271,0.9485294117647058,0.29850746268656714,0.918070392695154,0.895016339869281,,False,4.970149253731343,0.2,0.25
urban,PhyGuard,0.9457364341085271,0.9485294117647058,0.29850746268656714,0.918070392695154,0.895016339869281,,False,4.970149253731343,0.2,0.3
urban,PhyGuard,0.9457364341085271,0.9485294117647058,0.29850746268656714,0.918070392695154,0.895016339869281,,False,4.970149253731343,0.2,0.35
urban,PhyGuard,0.9457364341085271,0.9485294117647058,0.26865671641791045,0.918070392695154,0.895016339869281,,False,4.3731343283582085,0.2,0.4
urban,PhyGuard,0.9444444444444444,0.9264705882352942,0.22388059701492538,0.9051417293114006,0.8727346999405823,,False,3.477611940298507,0.2,0.45
urban,PhyGuard,0.9504132231404959,0.8897058823529411,0.208955223880597,0.8905132014842911,0.842877302436126,,False,3.1791044776119404,0.2,0.5
urban,PhyGuard,0.9649122807017544,0.8382352941176471,0.1791044776119403,0.874139554998479,0.8054441473559121,,False,2.582089552238805,0.2,0.55
urban,PhyGuard,1.0,0.7794117647058824,0.1044776119402985,0.8688695958085714,0.7753639334521688,,False,1.08955223880597,0.2,0.6
urban,PhyGuard,1.0,0.7426470588235294,0.07462686567164178,0.8423587243824456,0.7383764111705289,,False,0.49253731343283563,0.2,0.65
urban,PhyGuard,1.0,0.7058823529411765,0.05970149253731343,0.813773606807755,0.700943256090315,,False,0.19402985074626858,0.2,0.7
urban,PhyGuard,1.0,0.6617647058823529,0.029850746268656716,0.779327731092437,0.6567884729649436,,True,0.0,0.2,0.75
urban,PhyGuard,1.0,0.6397058823529411,0.0,0.7614343563512361,0.6351381461675578,,True,0.0,0.2,0.8
urban,PhyGuard,1.0,0.5441176470588235,0.0,0.6694014449329339,0.5394756387403447,,True,0.0,0.2,0.85
urban,PhyGuard,1.0,0.41911764705882354,0.0,0.5411053245936968,0.41410427807486627,,True,0.0,0.2,0.9
urban,PhyGuard,1.0,0.27205882352941174,0.0,0.3678475850643558,0.2657828282828283,,True,0.0,0.2,0.95
urban,PhyGuard,0.9457364341085271,0.9485294117647058,0.23880597014925373,0.918070392695154,0.895016339869281,,False,3.776119402985074,0.25,0.05
urban,PhyGuard,0.9457364341085271,0.9485294117647058,0.23880597014925373,0.918070392695154,0.895016339869281,,False,3.776119402985074,0.25,0.1
urban,PhyGuard,0.9457364341085271,0.9485294117647058,0.23880597014925373,0.918070392695154,0.895016339869281,,False,3.776119402985074,0.25,0.15
urban,PhyGuard,0.9457364341085271,0.9485294117647058,0.23880597014925373,0.918070392695154,0.895016339869281,,False,3.776119402985074,0.25,0.2
urban,PhyGuard,0.9457364341085271,0.9485294117647058,0.23880597014925373,0.918070392695154,0.895016339869281,,False,3.776119402985074,0.25,0.25
urban,PhyGuard,0.9457364341085271,0.9485294117647058,0.23880597014925373,0.918070392695154,0.895016339869281,,False,3.776119402985074,0.25,0.3
urban,PhyGuard,0.9457364341085271,0.9485294117647058,0.23880597014925373,0.918070392695154,0.895016339869281,,False,3.776119402985074,0.25,0.35
urban,PhyGuard,0.9457364341085271,0.9485294117647058,0.22388059701492538,0.918070392695154,0.895016339869281,,False,3.477611940298507,0.25,0.4
urban,PhyGuard,0.9444444444444444,0.9264705882352942,0.1791044776119403,0.9051417293114006,0.8727346999405823,,False,2.582089552238805,0.25,0.45
urban,PhyGuard,0.9504132231404959,0.8897058823529411,0.16417910447761194,0.8905132014842911,0.842877302436126,,False,2.2835820895522385,0.25,0.5
urban,PhyGuard,0.9649122807017544,0.8382352941176471,0.13432835820895522,0.874139554998479,0.8054441473559121,,False,1.6865671641791042,0.25,0.55
urban,PhyGuard,1.0,0.7794117647058824,0.08955223880597014,0.8688695958085714,0.7753639334521688,,False,0.7910447761194028,0.25,0.6
urban,PhyGuard,1.0,0.7426470588235294,0.05970149253731343,0.8423587243824456,0.7383764111705289,,False,0.19402985074626858,0.25,0.65
urban,PhyGuard,1.0,0.7058823529411765,0.04477611940298507,0.813773606807755,0.700943256090315,,True,0.0,0.25,0.7
urban,PhyGuard,1.0,0.6617647058823529,0.014925373134328358,0.779327731092437,0.6567884729649436,,True,0.0,0.25,0.75
urban,PhyGuard,1.0,0.6397058823529411,0.0,0.7614343563512361,0.6351381461675578,,True,0.0,0.25,0.8
urban,PhyGuard,1.0,0.5441176470588235,0.0,0.6694014449329339,0.5394756387403447,,True,0.0,0.25,0.85
urban,PhyGuard,1.0,0.41911764705882354,0.0,0.5411053245936968,0.41410427807486627,,True,0.0,0.25,0.9
urban,PhyGuard,1.0,0.27205882352941174,0.0,0.3678475850643558,0.2657828282828283,,True,0.0,0.25,0.95
urban,PhyGuard,0.9448818897637795,0.9338235294117647,0.19402985074626866,0.9107219542383261,0.8811274509803921,,False,2.8805970149253732,0.3,0.05
urban,PhyGuard,0.9448818897637795,0.9338235294117647,0.19402985074626866,0.9107219542383261,0.8811274509803921,,False,2.8805970149253732,0.3,0.1
urban,PhyGuard,0.9448818897637795,0.9338235294117647,0.19402985074626866,0.9107219542383261,0.8811274509803921,,False,2.8805970149253732,0.3,0.15
urban,PhyGuard,0.9448818897637795,0.9338235294117647,0.19402985074626866,0.9107219542383261,0.8811274509803921,,False,2.8805970149253732,0.3,0.2
urban,PhyGuard,0.9448818897637795,0.9338235294117647,0.19402985074626866,0.9107219542383261,0.8811274509803921,,False,2.8805970149253732,0.3,0.25
urban,PhyGuard,0.9448818897637795,0.9338235294117647,0.19402985074626866,0.9107219542383261,0.8811274509803921,,False,2.8805970149253732,0.3,0.3
urban,PhyGuard,0.9448818897637795,0.9338235294117647,0.19402985074626866,0.9107219542383261,0.8811274509803921,,False,2.8805970149253732,0.3,0.35
urban,PhyGuard,0.9448818897637795,0.9338235294117647,0.1791044776119403,0.9107219542383261,0.8811274509803921,,False,2.582089552238805,0.3,0.4
urban,PhyGuard,0.9435483870967742,0.9117647058823529,0.13432835820895522,0.8977932908545726,0.8588458110516933,,False,1.6865671641791042,0.3,0.45
urban,PhyGuard,0.9495798319327731,0.875,0.11940298507462686,0.8831647630274633,0.828988413547237,,False,1.388059701492537,0.3,0.5
urban,PhyGuard,0.9642857142857143,0.8235294117647058,0.08955223880597014,0.8667911165416511,0.7915552584670231,,False,0.7910447761194028,0.3,0.55
urban,PhyGuard,1.0,0.7647058823529411,0.04477611940298507,0.8615211573517434,0.7614750445632799,,True,0.0,0.3,0.6
urban,PhyGuard,1.0,0.7279411764705882,0.029850746268656716,0.8350102859256177,0.7244875222816399,,True,0.0,0.3,0.65
urban,PhyGuard,1.0,0.6911764705882353,0.029850746268656716,0.806425168350927,0.687054367201426,,True,0.0,0.3,0.7
urban,PhyGuard,1.0,0.6544117647058824,0.014925373134328358,0.7756010230179028,0.649844028520499,,True,0.0,0.3,0.75
urban,PhyGuard,1.0,0.6323529411764706,0.0,0.7575980392156864,0.6281937017231134,,True,0.0,0.3,0.8
urban,PhyGuard,1.0,0.5367647058823529,0.0,0.6653308886235715,0.5325311942959002,,True,0.0,0.3,0.85
urban,PhyGuard,1.0,0.41911764705882354,0.0,0.5411053245936968,0.41410427807486627,,True,0.0,0.3,0.9
urban,PhyGuard,1.0,0.27205882352941174,0.0,0.3678475850643558,0.2657828282828283,,True,0.0,0.3,0.95
urban,PhyGuard,0.9444444444444444,0.9264705882352942,0.16417910447761194,0.9067984129908412,0.8737745098039215,,False,2.2835820895522385,0.35,0.05
urban,PhyGuard,0.9444444444444444,0.9264705882352942,0.16417910447761194,0.9067984129908412,0.8737745098039215,,False,2.2835820895522385,0.35,0.1
urban,PhyGuard,0.9444444444444444,0.9264705882352942,0.16417910447761194,0.9067984129908412,0.8737745098039215,,False,2.2835820895522385,0.35,0.15
urban,PhyGuard,0.9444444444444444,0.9264705882352942,0.16417910447761194,0.9067984129908412,0.8737745098039215,,False,2.2835820895522385,0.35,0.2
urban,PhyGuard,0.9444444444444444,0.9264705882352942,0.16417910447761194,0.9067984129908412,0.8737745098039215,,False,2.2835820895522385,0.35,0.25
urban,PhyGuard,0.9444444444444444,0.9264705882352942,0.16417910447761194,0.9067984129908412,0.8737745098039215,,False,2.2835820895522385,0.35,0.3
urban,PhyGuard,0.9444444444444444,0.9264705882352942,0.16417910447761194,0.9067984129908412,0.8737745098039215,,False,2.2835820895522385,0.35,0.35
urban,PhyGuard,0.9444444444444444,0.9264705882352942,0.14925373134328357,0.9067984129908412,0.8737745098039215,,False,1.9850746268656712,0.35,0.4
urban,PhyGuard,0.9435483870967742,0.9117647058823529,0.1044776119402985,0.8977932908545726,0.8588458110516933,,False,1.08955223880597,0.35,0.45
urban,PhyGuard,0.9495798319327731,0.875,0.08955223880597014,0.8831647630274633,0.828988413547237,,False,0.7910447761194028,0.35,0.5
urban,PhyGuard,0.9642857142857143,0.8235294117647058,0.07462686567164178,0.8667911165416511,0.7915552584670231,,False,0.49253731343283563,0.35,0.55
urban,PhyGuard,1.0,0.7647058823529411,0.04477611940298507,0.8615211573517434,0.7614750445632799,,True,0.0,0.35,0.6
urban,PhyGuard,1.0,0.7279411764705882,0.029850746268656716,0.8350102859256177,0.7244875222816399,,True,0.0,0.35,0.65
urban,PhyGuard,1.0,0.6911764705882353,0.029850746268656716,0.806425168350927,0.687054367201426,,True,0.0,0.35,0.7
urban,PhyGuard,1.0,0.6544117647058824,0.014925373134328358,0.7756010230179028,0.649844028520499,,True,0.0,0.35,0.75
urban,PhyGuard,1.0,0.6323529411764706,0.0,0.7575980392156864,0.6281937017231134,,True,0.0,0.35,0.8
urban,PhyGuard,1.0,0.5367647058823529,0.0,0.6653308886235715,0.5325311942959002,,True,0.0,0.35,0.85
urban,PhyGuard,1.0,0.41911764705882354,0.0,0.5411053245936968,0.41410427807486627,,True,0.0,0.35,0.9
urban,PhyGuard,1.0,0.27205882352941174,0.0,0.3678475850643558,0.2657828282828283,,True,0.0,0.35,0.95
urban,PhyGuard,0.9435483870967742,0.9117647058823529,0.16417910447761194,0.8982298646037444,0.8586229946524063,,False,2.2835820895522385,0.4,0.05
urban,PhyGuard,0.9435483870967742,0.9117647058823529,0.16417910447761194,0.8982298646037444,0.8586229946524063,,False,2.2835820895522385,0.4,0.1
urban,PhyGuard,0.9435483870967742,0.9117647058823529,0.16417910447761194,0.8982298646037444,0.8586229946524063,,False,2.2835820895522385,0.4,0.15
urban,PhyGuard,0.9435483870967742,0.9117647058823529,0.16417910447761194,0.8982298646037444,0.8586229946524063,,False,2.2835820895522385,0.4,0.2
urban,PhyGuard,0.9435483870967742,0.9117647058823529,0.16417910447761194,0.8982298646037444,0.8586229946524063,,False,2.2835820895522385,0.4,0.25
urban,PhyGuard,0.9435483870967742,0.9117647058823529,0.16417910447761194,0.8982298646037444,0.8586229946524063,,False,2.2835820895522385,0.4,0.3
urban,PhyGuard,0.9435483870967742,0.9117647058823529,0.16417910447761194,0.8982298646037444,0.8586229946524063,,False,2.2835820895522385,0.4,0.35
urban,PhyGuard,0.9435483870967742,0.9117647058823529,0.14925373134328357,0.8982298646037444,0.8586229946524063,,False,1.9850746268656712,0.4,0.4
urban,PhyGuard,0.9426229508196722,0.8970588235294118,0.1044776119402985,0.8892247424674758,0.8436942959001782,,False,1.08955223880597,0.4,0.45
urban,PhyGuard,0.9491525423728814,0.8676470588235294,0.08955223880597014,0.8788124844816363,0.8214126559714794,,False,0.7910447761194028,0.4,0.5
urban,PhyGuard,0.963963963963964,0.8161764705882353,0.07462686567164178,0.8621463077984817,0.7839795008912656,,False,0.49253731343283563,0.4,0.55
urban,PhyGuard,1.0,0.7647058823529411,0.04477611940298507,0.8615211573517434,0.7614750445632799,,True,0.0,0.4,0.6
urban,PhyGuard,1.0,0.7279411764705882,0.029850746268656716,0.8350102859256177,0.7244875222816399,,True,0.0,0.4,0.65
urban,PhyGuard,1.0,0.6911764705882353,0.029850746268656716,0.806425168350927,0.687054367201426,,True,0.0,0.4,0.7
urban,PhyGuard,1.0,0.6544117647058824,0.014925373134328358,0.7756010230179028,0.649844028520499,,True,0.0,0.4,0.75
urban,PhyGuard,1.0,0.6323529411764706,0.0,0.7575980392156864,0.6281937017231134,,True,0.0,0.4,0.8
urban,PhyGuard,1.0,0.5367647058823529,0.0,0.6653308886235715,0.5325311942959002,,True,0.0,0.4,0.85
urban,PhyGuard,1.0,0.41911764705882354,0.0,0.5411053245936968,0.41410427807486627,,True,0.0,0.4,0.9
urban,PhyGuard,1.0,0.27205882352941174,0.0,0.3678475850643558,0.2657828282828283,,True,0.0,0.4,0.95
urban,PhyGuard,0.9421487603305785,0.8897058823529411,0.11940298507462686,0.885861304184382,0.8367498514557338,,False,1.388059701492537,0.45,0.05
urban,PhyGuard,0.9421487603305785,0.8897058823529411,0.11940298507462686,0.885861304184382,0.8367498514557338,,False,1.388059701492537,0.45,0.1
urban,PhyGuard,0.9421487603305785,0.8897058823529411,0.11940298507462686,0.885861304184382,0.8367498514557338,,False,1.388059701492537,0.45,0.15
urban,PhyGuard,0.9421487603305785,0.8897058823529411,0.11940298507462686,0.885861304184382,0.8367498514557338,,False,1.388059701492537,0.45,0.2
urban,PhyGuard,0.9421487603305785,0.8897058823529411,0.11940298507462686,0.885861304184382,0.8367498514557338,,False,1.388059701492537,0.45,0.25
urban,PhyGuard,0.9421487603305785,0.8897058823529411,0.11940298507462686,0.885861304184382,0.8367498514557338,,False,1.388059701492537,0.45,0.3
urban,PhyGuard,0.9421487603305785,0.8897058823529411,0.11940298507462686,0.885861304184382,0.8367498514557338,,False,1.388059701492537,0.45,0.35
urban,PhyGuard,0.9421487603305785,0.8897058823529411,0.1044776119402985,0.885861304184382,0.8367498514557338,,False,1.08955223880597,0.45,0.4
urban,PhyGuard,0.9411764705882353,0.875,0.07462686567164178,0.8767374388986798,0.8218211527035056,,False,0.49253731343283563,0.45,0.45
urban,PhyGuard,0.9482758620689655,0.8529411764705882,0.05970149253731343,0.8704811911430193,0.8068924539512774,,False,0.19402985074626858,0.45,0.5
urban,PhyGuard,0.963302752293578,0.8014705882352942,0.04477611940298507,0.8535077307759262,0.7694592988710636,,True,0.0,0.45,0.55
urban,PhyGuard,1.0,0.75,0.014925373134328358,0.8525156672838626,0.7469548425430779,,True,0.0,0.45,0.6
urban,PhyGuard,1.0,0.7132352941176471,0.014925373134328358,0.826004795857737,0.7099673202614379,,True,0.0,0.45,0.65
urban,PhyGuard,1.0,0.6764705882352942,0.014925373134328358,0.7972317083582344,0.672534165181224,,True,0.0,0.45,0.7
urban,PhyGuard,1.0,0.6397058823529411,0.0,0.7662091503267975,0.6353238265002971,,True,0.0,0.45,0.75
urban,PhyGuard,1.0,0.625,0.0,0.7520424836601308,0.6206179441473558,,True,0.0,0.45,0.8
urban,PhyGuard,1.0,0.5367647058823529,0.0,0.6653308886235715,0.5325311942959002,,True,0.0,0.45,0.85
urban,PhyGuard,1.0,0.41911764705882354,0.0,0.5411053245936968,0.41410427807486627,,True,0.0,0.45,0.9
urban,PhyGuard,1.0,0.27205882352941174,0.0,0.3678475850643558,0.2657828282828283,,True,0.0,0.45,0.95
urban,PhyGuard,0.9491525423728814,0.8676470588235294,0.1044776119402985,0.881036844756342,0.8228609625668449,,False,1.08955223880597,0.5,0.05
urban,PhyGuard,0.9491525423728814,0.8676470588235294,0.1044776119402985,0.881036844756342,0.8228609625668449,,False,1.08955223880597,0.5,0.1
urban,PhyGuard,0.9491525423728814,0.8676470588235294,0.1044776119402985,0.881036844756342,0.8228609625668449,,False,1.08955223880597,0.5,0.15
urban,PhyGuard,0.9491525423728814,0.8676470588235294,0.1044776119402985,0.881036844756342,0.8228609625668449,,False,1.08955223880597,0.5,0.2
urban,PhyGuard,0.9491525423728814,0.8676470588235294,0.1044776119402985,0.881036844756342,0.8228609625668449,,False,1.08955223880597,0.5,0.25
urban,PhyGuard,0.9491525423728814,0.8676470588235294,0.1044776119402985,0.881036844756342,0.8228609625668449,,False,1.08955223880597,0.5,0.3
urban,PhyGuard,0.9491525423728814,0.8676470588235294,0.1044776119402985,0.881036844756342,0.8228609625668449,,False,1.08955223880597,0.5,0.35
urban,PhyGuard,0.9491525423728814,0.8676470588235294,0.08955223880597014,0.881036844756342,0.8228609625668449,,False,0.7910447761194028,0.5,0.4
urban,PhyGuard,0.9482758620689655,0.8529411764705882,0.05970149253731343,0.8718986648544624,0.8079322638146168,,False,0.19402985074626858,0.5,0.45
urban,PhyGuard,0.9557522123893806,0.8308823529411765,0.04477611940298507,0.865723204032091,0.7930035650623886,,True,0.0,0.5,0.5
urban,PhyGuard,0.9626168224299065,0.7867647058823529,0.029850746268656716,0.8454863404015946,0.7555704099821747,,True,0.0,0.5,0.55
urban,PhyGuard,1.0,0.7352941176470589,0.014925373134328358,0.8444942769095312,0.733065953654189,,True,0.0,0.5,0.6
urban,PhyGuard,1.0,0.6985294117647058,0.014925373134328358,0.8179834054834055,0.6960784313725491,,True,0.0,0.5,0.65
urban,PhyGuard,1.0,0.6617647058823529,0.014925373134328358,0.7892103179839028,0.6586452762923352,,True,0.0,0.5,0.7
urban,PhyGuard,1.0,0.625,0.0,0.7581877599524659,0.6214349376114082,,True,0.0,0.5,0.75
urban,PhyGuard,1.0,0.6102941176470589,0.0,0.7440210932857992,0.606729055258467,,True,0.0,0.5,0.8
urban,PhyGuard,1.0,0.5220588235294118,0.0,0.6568081613508442,0.5186423054070113,,True,0.0,0.5,0.85
urban,PhyGuard,1.0,0.4117647058823529,0.0,0.5364970296628212,0.4071598336304218,,True,0.0,0.5,0.9
urban,PhyGuard,1.0,0.27205882352941174,0.0,0.3678475850643558,0.2657828282828283,,True,0.0,0.5,0.95
urban,PhyGuard,0.9491525423728814,0.8676470588235294,0.08955223880597014,0.881036844756342,0.8228609625668449,,False,0.7910447761194028,0.55,0.05
urban,PhyGuard,0.9491525423728814,0.8676470588235294,0.08955223880597014,0.881036844756342,0.8228609625668449,,False,0.7910447761194028,0.55,0.1
urban,PhyGuard,0.9491525423728814,0.8676470588235294,0.08955223880597014,0.881036844756342,0.8228609625668449,,False,0.7910447761194028,0.55,0.15
urban,PhyGuard,0.9491525423728814,0.8676470588235294,0.08955223880597014,0.881036844756342,0.8228609625668449,,False,0.7910447761194028,0.55,0.2
urban,PhyGuard,0.9491525423728814,0.8676470588235294,0.08955223880597014,0.881036844756342,0.8228609625668449,,False,0.7910447761194028,0.55,0.25
urban,PhyGuard,0.9491525423728814,0.8676470588235294,0.08955223880597014,0.881036844756342,0.8228609625668449,,False,0.7910447761194028,0.55,0.3
urban,PhyGuard,0.9491525423728814,0.8676470588235294,0.08955223880597014,0.881036844756342,0.8228609625668449,,False,0.7910447761194028,0.55,0.35
urban,PhyGuard,0.9491525423728814,0.8676470588235294,0.07462686567164178,0.881036844756342,0.8228609625668449,,False,0.49253731343283563,0.55,0.4
urban,PhyGuard,0.9482758620689655,0.8529411764705882,0.05970149253731343,0.8718986648544624,0.8079322638146168,,False,0.19402985074626858,0.55,0.45
urban,PhyGuard,0.9557522123893806,0.8308823529411765,0.04477611940298507,0.865723204032091,0.7930035650623886,,True,0.0,0.55,0.5
urban,PhyGuard,0.9626168224299065,0.7867647058823529,0.029850746268656716,0.8454863404015946,0.7555704099821747,,True,0.0,0.55,0.55
urban,PhyGuard,1.0,0.7352941176470589,0.014925373134328358,0.8444942769095312,0.733065953654189,,True,0.0,0.55,0.6
urban,PhyGuard,1.0,0.6985294117647058,0.014925373134328358,0.8179834054834055,0.6960784313725491,,True,0.0,0.55,0.65
urban,PhyGuard,1.0,0.6617647058823529,0.014925373134328358,0.7892103179839028,0.6586452762923352,,True,0.0,0.55,0.7
urban,PhyGuard,1.0,0.625,0.0,0.7581877599524659,0.6214349376114082,,True,0.0,0.55,0.75
urban,PhyGuard,1.0,0.6102941176470589,0.0,0.7440210932857992,0.606729055258467,,True,0.0,0.55,0.8
urban,PhyGuard,1.0,0.5220588235294118,0.0,0.6568081613508442,0.5186423054070113,,True,0.0,0.55,0.85
urban,PhyGuard,1.0,0.4117647058823529,0.0,0.5364970296628212,0.4071598336304218,,True,0.0,0.55,0.9
urban,PhyGuard,1.0,0.27205882352941174,0.0,0.3678475850643558,0.2657828282828283,,True,0.0,0.55,0.95
urban,PhyGuard,0.9491525423728814,0.8676470588235294,0.07462686567164178,0.881036844756342,0.8228609625668449,,False,0.49253731343283563,0.6,0.05
urban,PhyGuard,0.9491525423728814,0.8676470588235294,0.07462686567164178,0.881036844756342,0.8228609625668449,,False,0.49253731343283563,0.6,0.1
urban,PhyGuard,0.9491525423728814,0.8676470588235294,0.07462686567164178,0.881036844756342,0.8228609625668449,,False,0.49253731343283563,0.6,0.15
urban,PhyGuard,0.9491525423728814,0.8676470588235294,0.07462686567164178,0.881036844756342,0.8228609625668449,,False,0.49253731343283563,0.6,0.2
urban,PhyGuard,0.9491525423728814,0.8676470588235294,0.07462686567164178,0.881036844756342,0.8228609625668449,,False,0.49253731343283563,0.6,0.25
urban,PhyGuard,0.9491525423728814,0.8676470588235294,0.07462686567164178,0.881036844756342,0.8228609625668449,,False,0.49253731343283563,0.6,0.3
urban,PhyGuard,0.9491525423728814,0.8676470588235294,0.07462686567164178,0.881036844756342,0.8228609625668449,,False,0.49253731343283563,0.6,0.35
urban,PhyGuard,0.9491525423728814,0.8676470588235294,0.05970149253731343,0.881036844756342,0.8228609625668449,,False,0.19402985074626858,0.6,0.4
urban,PhyGuard,0.9482758620689655,0.8529411764705882,0.05970149253731343,0.8718986648544624,0.8079322638146168,,False,0.19402985074626858,0.6,0.45
urban,PhyGuard,0.9557522123893806,0.8308823529411765,0.04477611940298507,0.865723204032091,0.7930035650623886,,True,0.0,0.6,0.5
urban,PhyGuard,0.9626168224299065,0.7867647058823529,0.029850746268656716,0.8454863404015946,0.7555704099821747,,True,0.0,0.6,0.55
urban,PhyGuard,1.0,0.7352941176470589,0.014925373134328358,0.8444942769095312,0.733065953654189,,True,0.0,0.6,0.6
urban,PhyGuard,1.0,0.6985294117647058,0.014925373134328358,0.8179834054834055,0.6960784313725491,,True,0.0,0.6,0.65
urban,PhyGuard,1.0,0.6617647058823529,0.014925373134328358,0.7892103179839028,0.6586452762923352,,True,0.0,0.6,0.7
urban,PhyGuard,1.0,0.625,0.0,0.7581877599524659,0.6214349376114082,,True,0.0,0.6,0.75
urban,PhyGuard,1.0,0.6102941176470589,0.0,0.7440210932857992,0.606729055258467,,True,0.0,0.6,0.8
urban,PhyGuard,1.0,0.5220588235294118,0.0,0.6568081613508442,0.5186423054070113,,True,0.0,0.6,0.85
urban,PhyGuard,1.0,0.4117647058823529,0.0,0.5364970296628212,0.4071598336304218,,True,0.0,0.6,0.9
urban,PhyGuard,1.0,0.27205882352941174,0.0,0.3678475850643558,0.2657828282828283,,True,0.0,0.6,0.95
urban,PhyGuard,0.9473684210526315,0.8382352941176471,0.07462686567164178,0.8636989838940888,0.7940433749257279,,False,0.49253731343283563,0.65,0.05
urban,PhyGuard,0.9473684210526315,0.8382352941176471,0.07462686567164178,0.8636989838940888,0.7940433749257279,,False,0.49253731343283563,0.65,0.1
urban,PhyGuard,0.9473684210526315,0.8382352941176471,0.07462686567164178,0.8636989838940888,0.7940433749257279,,False,0.49253731343283563,0.65,0.15
urban,PhyGuard,0.9473684210526315,0.8382352941176471,0.07462686567164178,0.8636989838940888,0.7940433749257279,,False,0.49253731343283563,0.65,0.2
urban,PhyGuard,0.9473684210526315,0.8382352941176471,0.07462686567164178,0.8636989838940888,0.7940433749257279,,False,0.49253731343283563,0.65,0.25
urban,PhyGuard,0.9473684210526315,0.8382352941176471,0.07462686567164178,0.8636989838940888,0.7940433749257279,,False,0.49253731343283563,0.65,0.3
urban,PhyGuard,0.9473684210526315,0.8382352941176471,0.07462686567164178,0.8636989838940888,0.7940433749257279,,False,0.49253731343283563,0.65,0.35
urban,PhyGuard,0.9473684210526315,0.8382352941176471,0.05970149253731343,0.8636989838940888,0.7940433749257279,,False,0.19402985074626858,0.65,0.4
urban,PhyGuard,0.9464285714285714,0.8235294117647058,0.05970149253731343,0.8544344305120167,0.7791146761734997,,False,0.19402985074626858,0.65,0.45
urban,PhyGuard,0.9541284403669725,0.8014705882352942,0.04477611940298507,0.8481085526315789,0.7641859774212715,,True,0.0,0.65,0.5
urban,PhyGuard,0.9611650485436893,0.7573529411764706,0.029850746268656716,0.8272594549499444,0.7267528223410576,,True,0.0,0.65,0.55
urban,PhyGuard,1.0,0.7058823529411765,0.014925373134328358,0.8256465517241379,0.704248366013072,,True,0.0,0.65,0.6
urban,PhyGuard,1.0,0.6691176470588235,0.014925373134328358,0.7983796296296297,0.667260843731432,,True,0.0,0.65,0.65
urban,PhyGuard,1.0,0.6323529411764706,0.014925373134328358,0.7689636752136753,0.6298276886512181,,True,0.0,0.65,0.7
urban,PhyGuard,1.0,0.6029411764705882,0.0,0.743899833518313,0.5999702911467617,,True,0.0,0.65,0.75
urban,PhyGuard,1.0,0.5882352941176471,0.0,0.7297331668516464,0.5852644087938205,,True,0.0,0.65,0.8
urban,PhyGuard,1.0,0.5073529411764706,0.0,0.6477355807056829,0.5047534165181224,,True,0.0,0.65,0.85
urban,PhyGuard,1.0,0.40441176470588236,0.0,0.5317376430948677,0.4002153891859774,,True,0.0,0.65,0.9
urban,PhyGuard,1.0,0.2647058823529412,0.0,0.36258750324086075,0.25883838383838387,,True,0.0,0.65,0.95
urban,PhyGuard,0.9459459459459459,0.8161764705882353,0.05970149253731343,0.8501357399662485,0.7721702317290553,,False,0.19402985074626858,0.7,0.05
urban,PhyGuard,0.9459459459459459,0.8161764705882353,0.05970149253731343,0.8501357399662485,0.7721702317290553,,False,0.19402985074626858,0.7,0.1
urban,PhyGuard,0.9459459459459459,0.8161764705882353,0.05970149253731343,0.8501357399662485,0.7721702317290553,,False,0.19402985074626858,0.7,0.15
urban,PhyGuard,0.9459459459459459,0.8161764705882353,0.05970149253731343,0.8501357399662485,0.7721702317290553,,False,0.19402985074626858,0.7,0.2
urban,PhyGuard,0.9459459459459459,0.8161764705882353,0.05970149253731343,0.8501357399662485,0.7721702317290553,,False,0.19402985074626858,0.7,0.25
urban,PhyGuard,0.9459459459459459,0.8161764705882353,0.05970149253731343,0.8501357399662485,0.7721702317290553,,False,0.19402985074626858,0.7,0.3
urban,PhyGuard,0.9459459459459459,0.8161764705882353,0.05970149253731343,0.8501357399662485,0.7721702317290553,,False,0.19402985074626858,0.7,0.35
urban,PhyGuard,0.9459459459459459,0.8161764705882353,0.04477611940298507,0.8501357399662485,0.7721702317290553,,True,0.0,0.7,0.4
urban,PhyGuard,0.944954128440367,0.8014705882352942,0.04477611940298507,0.8407389804818209,0.7572415329768271,,True,0.0,0.7,0.45
urban,PhyGuard,0.9532710280373832,0.7867647058823529,0.029850746268656716,0.8388420070302876,0.7496657754010695,,True,0.0,0.7,0.5
urban,PhyGuard,0.9603960396039604,0.7426470588235294,0.014925373134328358,0.8176530034764331,0.7122326203208557,,True,0.0,0.7,0.55
urban,PhyGuard,1.0,0.6911764705882353,0.0,0.8156267104542967,0.6897281639928698,,True,0.0,0.7,0.6
urban,PhyGuard,1.0,0.6544117647058824,0.0,0.7883597883597884,0.6527406417112299,,True,0.0,0.7,0.65
urban,PhyGuard,1.0,0.6176470588235294,0.0,0.7587341903379639,0.6153074866310161,,True,0.0,0.7,0.7
urban,PhyGuard,1.0,0.5882352941176471,0.0,0.7334486102133161,0.5854500891265597,,True,0.0,0.7,0.75
urban,PhyGuard,1.0,0.5735294117647058,0.0,0.7192819435466494,0.5707442067736185,,True,0.0,0.7,0.8
urban,PhyGuard,1.0,0.5,0.0,0.6415138612486694,0.4971776589423648,,True,0.0,0.7,0.85
urban,PhyGuard,1.0,0.39705882352941174,0.0,0.5250029492173166,0.3926396316102198,,True,0.0,0.7,0.9
urban,PhyGuard,1.0,0.25735294117647056,0.0,0.35300562170775973,0.2512626262626263,,True,0.0,0.7,0.95
urban,PhyGuard,0.9444444444444444,0.7941176470588235,0.04477611940298507,0.8355917349243267,0.7500742721330957,,True,0.0,0.75,0.05
urban,PhyGuard,0.9444444444444444,0.7941176470588235,0.04477611940298507,0.8355917349243267,0.7500742721330957,,True,0.0,0.75,0.1
urban,PhyGuard,0.9444444444444444,0.7941176470588235,0.04477611940298507,0.8355917349243267,0.7500742721330957,,True,0.0,0.75,0.15
urban,PhyGuard,0.9444444444444444,0.7941176470588235,0.04477611940298507,0.8355917349243267,0.7500742721330957,,True,0.0,0.75,0.2
urban,PhyGuard,0.9444444444444444,0.7941176470588235,0.04477611940298507,0.8355917349243267,0.7500742721330957,,True,0.0,0.75,0.25
urban,PhyGuard,0.9444444444444444,0.7941176470588235,0.04477611940298507,0.8355917349243267,0.7500742721330957,,True,0.0,0.75,0.3
urban,PhyGuard,0.9444444444444444,0.7941176470588235,0.04477611940298507,0.8355917349243267,0.7500742721330957,,True,0.0,0.75,0.35
urban,PhyGuard,0.9444444444444444,0.7941176470588235,0.04477611940298507,0.8355917349243267,0.7500742721330957,,True,0.0,0.75,0.4
urban,PhyGuard,0.9439252336448598,0.7867647058823529,0.04477611940298507,0.8311628304954223,0.7427213309566251,,True,0.0,0.75,0.45
urban,PhyGuard,0.9523809523809523,0.7720588235294118,0.029850746268656716,0.8292658570438889,0.7351455733808675,,True,0.0,0.75,0.5
urban,PhyGuard,0.9595959595959596,0.7279411764705882,0.014925373134328358,0.8077188940092166,0.6977124183006536,,True,0.0,0.75,0.55
urban,PhyGuard,1.0,0.6764705882352942,0.0,0.8052532163619955,0.6752079619726679,,True,0.0,0.75,0.6
urban,PhyGuard,1.0,0.6397058823529411,0.0,0.7779862942674873,0.6382204396910279,,True,0.0,0.75,0.65
urban,PhyGuard,1.0,0.6102941176470589,0.0,0.7541258954070884,0.6083630421865716,,True,0.0,0.75,0.7
urban,PhyGuard,1.0,0.5808823529411765,0.0,0.7288403152824405,0.5785056446821153,,True,0.0,0.75,0.75
urban,PhyGuard,1.0,0.5661764705882353,0.0,0.7146736486157739,0.5637997623291741,,True,0.0,0.75,0.8
urban,PhyGuard,1.0,0.49264705882352944,0.0,0.636754474680716,0.49023321449792034,,True,0.0,0.75,0.85
urban,PhyGuard,1.0,0.3897058823529412,0.0,0.5200849164304314,0.3856951871657754,,True,0.0,0.75,0.9
urban,PhyGuard,1.0,0.25,0.0,0.3475609756097561,0.24431818181818182,,True,0.0,0.75,0.95
urban,PhyGuard,0.9428571428571428,0.7720588235294118,0.04477611940298507,0.8206948501998558,0.7275698158051099,,True,0.0,0.8,0.05
urban,PhyGuard,0.9428571428571428,0.7720588235294118,0.04477611940298507,0.8206948501998558,0.7275698158051099,,True,0.0,0.8,0.1
urban,PhyGuard,0.9428571428571428,0.7720588235294118,0.04477611940298507,0.8206948501998558,0.7275698158051099,,True,0.0,0.8,0.15
urban,PhyGuard,0.9428571428571428,0.7720588235294118,0.04477611940298507,0.8206948501998558,0.7275698158051099,,True,0.0,0.8,0.2
urban,PhyGuard,0.9428571428571428,0.7720588235294118,0.04477611940298507,0.8206948501998558,0.7275698158051099,,True,0.0,0.8,0.25
urban,PhyGuard,0.9428571428571428,0.7720588235294118,0.04477611940298507,0.8206948501998558,0.7275698158051099,,True,0.0,0.8,0.3
urban,PhyGuard,0.9428571428571428,0.7720588235294118,0.04477611940298507,0.8206948501998558,0.7275698158051099,,True,0.0,0.8,0.35
urban,PhyGuard,0.9428571428571428,0.7720588235294118,0.04477611940298507,0.8206948501998558,0.7275698158051099,,True,0.0,0.8,0.4
urban,PhyGuard,0.9428571428571428,0.7720588235294118,0.04477611940298507,0.8206948501998558,0.7275698158051099,,True,0.0,0.8,0.45
urban,PhyGuard,0.9514563106796117,0.7573529411764706,0.029850746268656716,0.8187978767483224,0.7199940582293524,,True,0.0,0.8,0.5
urban,PhyGuard,0.9591836734693877,0.7205882352941176,0.014925373134328358,0.8021994134897361,0.690136660724896,,True,0.0,0.8,0.55
urban,PhyGuard,1.0,0.6691176470588235,0.0,0.7992662787712843,0.6676322043969103,,True,0.0,0.8,0.6
urban,PhyGuard,1.0,0.6323529411764706,0.0,0.771999356676776,0.6306446821152704,,True,0.0,0.8,0.65
urban,PhyGuard,1.0,0.6029411764705882,0.0,0.7481389578163771,0.600787284610814,,True,0.0,0.8,0.7
urban,PhyGuard,1.0,0.5735294117647058,0.0,0.722618595825427,0.5709298871063577,,True,0.0,0.8,0.75
urban,PhyGuard,1.0,0.5588235294117647,0.0,0.7084519291587603,0.5562240047534165,,True,0.0,0.8,0.8
urban,PhyGuard,1.0,0.4852941176470588,0.0,0.6302838864454218,0.4826574569221628,,True,0.0,0.8,0.85
urban,PhyGuard,1.0,0.38235294117647056,0.0,0.5130696103079824,0.3781194295900178,,True,0.0,0.8,0.9
urban,PhyGuard,1.0,0.25,0.0,0.3475609756097561,0.24431818181818182,,True,0.0,0.8,0.95
urban,PhyGuard,0.94,0.7352941176470589,0.04477611940298507,0.794689298838919,0.6915849673202614,,True,0.0,0.85,0.05
urban,PhyGuard,0.94,0.7352941176470589,0.04477611940298507,0.794689298838919,0.6915849673202614,,True,0.0,0.85,0.1
urban,PhyGuard,0.94,0.7352941176470589,0.04477611940298507,0.794689298838919,0.6915849673202614,,True,0.0,0.85,0.15
urban,PhyGuard,0.94,0.7352941176470589,0.04477611940298507,0.794689298838919,0.6915849673202614,,True,0.0,0.85,0.2
urban,PhyGuard,0.94,0.7352941176470589,0.04477611940298507,0.794689298838919,0.6915849673202614,,True,0.0,0.85,0.25
urban,PhyGuard,0.94,0.7352941176470589,0.04477611940298507,0.794689298838919,0.6915849673202614,,True,0.0,0.85,0.3
urban,PhyGuard,0.94,0.7352941176470589,0.04477611940298507,0.794689298838919,0.6915849673202614,,True,0.0,0.85,0.35
urban,PhyGuard,0.94,0.7352941176470589,0.04477611940298507,0.794689298838919,0.6915849673202614,,True,0.0,0.85,0.4
urban,PhyGuard,0.94,0.7352941176470589,0.04477611940298507,0.794689298838919,0.6915849673202614,,True,0.0,0.85,0.45
urban,PhyGuard,0.9489795918367347,0.7205882352941176,0.029850746268656716,0.7927923253873856,0.6840092097445039,,True,0.0,0.85,0.5
urban,PhyGuard,0.956989247311828,0.6838235294117647,0.014925373134328358,0.7757734404819625,0.6541518122400476,,True,0.0,0.85,0.55
urban,PhyGuard,1.0,0.6323529411764706,0.0,0.7718118059614261,0.6316473559120618,,True,0.0,0.85,0.6
urban,PhyGuard,1.0,0.5955882352941176,0.0,0.7445448838669178,0.5946598336304219,,True,0.0,0.85,0.65
urban,PhyGuard,1.0,0.5661764705882353,0.0,0.7206844850065188,0.5648024361259655,,True,0.0,0.85,0.7
urban,PhyGuard,1.0,0.5367647058823529,0.0,0.6946511485950313,0.5349450386215092,,True,0.0,0.85,0.75
urban,PhyGuard,1.0,0.5220588235294118,0.0,0.6804844819283646,0.520239156268568,,True,0.0,0.85,0.8
urban,PhyGuard,1.0,0.4485294117647059,0.0,0.6012710260723296,0.4466726084373143,,True,0.0,0.85,0.85
urban,PhyGuard,1.0,0.35294117647058826,0.0,0.48996630683653786,0.3497103386809269,,True,0.0,0.85,0.9
urban,PhyGuard,1.0,0.2426470588235294,0.0,0.3419218778653952,0.23737373737373738,,True,0.0,0.85,0.95
urban,PhyGuard,0.9347826086956522,0.6764705882352942,0.04477611940298507,0.7493589743589744,0.6328728461081402,,True,0.0,0.9,0.05
urban,PhyGuard,0.9347826086956522,0.6764705882352942,0.04477611940298507,0.7493589743589744,0.6328728461081402,,True,0.0,0.9,0.1
urban,PhyGuard,0.9347826086956522,0.6764705882352942,0.04477611940298507,0.7493589743589744,0.6328728461081402,,True,0.0,0.9,0.15
urban,PhyGuard,0.9347826086956522,0.6764705882352942,0.04477611940298507,0.7493589743589744,0.6328728461081402,,True,0.0,0.9,0.2
urban,PhyGuard,0.9347826086956522,0.6764705882352942,0.04477611940298507,0.7493589743589744,0.6328728461081402,,True,0.0,0.9,0.25
urban,PhyGuard,0.9347826086956522,0.6764705882352942,0.04477611940298507,0.7493589743589744,0.6328728461081402,,True,0.0,0.9,0.3
urban,PhyGuard,0.9347826086956522,0.6764705882352942,0.04477611940298507,0.7493589743589744,0.6328728461081402,,True,0.0,0.9,0.35
urban,PhyGuard,0.9347826086956522,0.6764705882352942,0.04477611940298507,0.7493589743589744,0.6328728461081402,,True,0.0,0.9,0.4
urban,PhyGuard,0.9347826086956522,0.6764705882352942,0.04477611940298507,0.7493589743589744,0.6328728461081402,,True,0.0,0.9,0.45
urban,PhyGuard,0.945054945054945,0.6691176470588235,0.029850746268656716,0.7526041666666666,0.6328728461081402,,True,0.0,0.9,0.5
urban,PhyGuard,0.9545454545454546,0.6470588235294118,0.014925373134328358,0.7468509984639018,0.618166963755199,,True,0.0,0.9,0.55
urban,PhyGuard,1.0,0.5955882352941176,0.0,0.7417179802955665,0.5956625074272133,,True,0.0,0.9,0.6
urban,PhyGuard,1.0,0.5588235294117647,0.0,0.7144510582010581,0.5586749851455733,,True,0.0,0.9,0.65
urban,PhyGuard,1.0,0.5294117647058824,0.0,0.6905906593406594,0.5288175876411171,,True,0.0,0.9,0.7
urban,PhyGuard,1.0,0.5073529411764706,0.0,0.6712920168067228,0.5065359477124183,,True,0.0,0.9,0.75
urban,PhyGuard,1.0,0.49264705882352944,0.0,0.6571253501400561,0.49183006535947715,,True,0.0,0.9,0.8
urban,PhyGuard,1.0,0.4264705882352941,0.0,0.5828734524427311,0.42520796197266786,,True,0.0,0.9,0.85
urban,PhyGuard,1.0,0.33088235294117646,0.0,0.47085123086134206,0.32824569221628047,,True,0.0,0.9,0.9
urban,PhyGuard,1.0,0.22794117647058823,0.0,0.3300171159606333,0.22348484848484848,,True,0.0,0.9,0.95
urban,PhyGuard,0.926829268292683,0.6029411764705882,0.04477611940298507,0.6928722640533873,0.5599004753416519,,True,0.0,0.95,0.05
urban,PhyGuard,0.926829268292683,0.6029411764705882,0.04477611940298507,0.6928722640533873,0.5599004753416519,,True,0.0,0.95,0.1
urban,PhyGuard,0.926829268292683,0.6029411764705882,0.04477611940298507,0.6928722640533873,0.5599004753416519,,True,0.0,0.95,0.15
urban,PhyGuard,0.926829268292683,0.6029411764705882,0.04477611940298507,0.6928722640533873,0.5599004753416519,,True,0.0,0.95,0.2
urban,PhyGuard,0.926829268292683,0.6029411764705882,0.04477611940298507,0.6928722640533873,0.5599004753416519,,True,0.0,0.95,0.25
urban,PhyGuard,0.926829268292683,0.6029411764705882,0.04477611940298507,0.6928722640533873,0.5599004753416519,,True,0.0,0.95,0.3
urban,PhyGuard,0.926829268292683,0.6029411764705882,0.04477611940298507,0.6928722640533873,0.5599004753416519,,True,0.0,0.95,0.35
urban,PhyGuard,0.926829268292683,0.6029411764705882,0.04477611940298507,0.6928722640533873,0.5599004753416519,,True,0.0,0.95,0.4
urban,PhyGuard,0.926829268292683,0.6029411764705882,0.04477611940298507,0.6928722640533873,0.5599004753416519,,True,0.0,0.95,0.45
urban,PhyGuard,0.9382716049382716,0.5955882352941176,0.029850746268656716,0.6960143405561195,0.5599004753416519,,True,0.0,0.95,0.5
urban,PhyGuard,0.9487179487179487,0.5735294117647058,0.014925373134328358,0.6889175101834271,0.5451945929887106,,True,0.0,0.95,0.55
urban,PhyGuard,1.0,0.5220588235294118,0.0,0.6813113359462826,0.522690136660725,,True,0.0,0.95,0.6
urban,PhyGuard,1.0,0.4852941176470588,0.0,0.6503609515996719,0.485702614379085,,True,0.0,0.95,0.65
urban,PhyGuard,1.0,0.45588235294117646,0.0,0.6239856278852804,0.45584521687462864,,True,0.0,0.95,0.7
urban,PhyGuard,1.0,0.4338235294117647,0.0,0.6021164889253486,0.4335635769459299,,True,0.0,0.95,0.75
urban,PhyGuard,1.0,0.4264705882352941,0.0,0.5939039285388752,0.4262106357694593,,True,0.0,0.95,0.8
urban,PhyGuard,1.0,0.38235294117647056,0.0,0.5423418516048849,0.3816473559120618,,True,0.0,0.95,0.85
urban,PhyGuard,1.0,0.3014705882352941,0.0,0.4439990974874696,0.29983660130718953,,True,0.0,0.95,0.9
urban,PhyGuard,1.0,0.20588235294117646,0.0,0.3104092728233784,0.20265151515151514,,True,0.0,0.95,0.95
highway,Random forest,0.9534883720930233,0.9555555555555556,0.07352941176470588,0.9297906248807115,0.9092174369747898,0.05,False,0.47058823529411764,,
highway,Random forest,0.9534883720930233,0.9555555555555556,0.07352941176470588,0.9297906248807115,0.9092174369747898,0.1,False,0.47058823529411764,,
highway,Random forest,0.9534883720930233,0.9555555555555556,0.07352941176470588,0.9297906248807115,0.9092174369747898,0.15,False,0.47058823529411764,,
highway,Random forest,0.9534883720930233,0.9555555555555556,0.07352941176470588,0.9297906248807115,0.9092174369747898,0.2,False,0.47058823529411764,,
highway,Random forest,0.9534883720930233,0.9555555555555556,0.058823529411764705,0.9297906248807115,0.9092174369747898,0.25,False,0.17647058823529405,,
highway,Random forest,0.953125,0.9481481481481482,0.04411764705882353,0.9257300454250487,0.9018644957983193,0.3,True,0.0,,
highway,Random forest,0.9603174603174603,0.9333333333333333,0.04411764705882353,0.9253856137373334,0.8945115546218487,0.35,True,0.0,,
highway,Random forest,0.9596774193548387,0.9185185185185185,0.04411764705882353,0.9168896321070235,0.8798056722689076,0.4,True,0.0,,
highway,Random forest,0.9576271186440678,0.8740740740740741,0.014705882352941176,0.8900128517584005,0.8352284663865547,0.45,True,0.0,,
highway,Random forest,0.9649122807017544,0.8444444444444444,0.0,0.8794308904719896,0.8127100840336134,0.5,True,0.0,,
highway,Random forest,0.9724770642201835,0.8074074074074075,0.0,0.8633158753553006,0.7828387605042018,0.55,True,0.0,,
highway,Random forest,0.9714285714285714,0.7777777777777778,0.0,0.8416984490211035,0.7525078781512605,0.6,True,0.0,,
highway,Random forest,0.9702970297029703,0.7481481481481481,0.0,0.8193523294849749,0.7230961134453782,0.65,True,0.0,,
highway,Random forest,0.9893617021276596,0.6962962962962963,0.0,0.8014717526426224,0.6862920168067227,0.7,True,0.0,,
highway,Random forest,0.9885057471264368,0.6444444444444445,0.0,0.7582940472839853,0.6345719537815125,0.75,True,0.0,,
highway,Random forest,1.0,0.6074074074074074,0.0,0.7375248358531034,0.6042410714285714,0.8,True,0.0,,
highway,Random forest,1.0,0.5777777777777777,0.0,0.7083662714097497,0.5734506302521009,0.85,True,0.0,,
highway,Random forest,1.0,0.5111111111111111,0.0,0.6515967042074984,0.5065257352941177,0.9,True,0.0,,
highway,Random forest,1.0,0.34814814814814815,0.0,0.45813777263761657,0.34288340336134454,0.95,True,0.0,,
highway,Gradient boosting,0.946969696969697,0.9777777777777777,0.1323529411764706,0.9351942950046401,0.92484243697479,0.05,False,1.6470588235294117,,
highway,Gradient boosting,0.946969696969697,0.9777777777777777,0.1323529411764706,0.9351942950046401,0.92484243697479,0.1,False,1.6470588235294117,,
highway,Gradient boosting,0.946969696969697,0.9777777777777777,0.1323529411764706,0.9351942950046401,0.92484243697479,0.15,False,1.6470588235294117,,
highway,Gradient boosting,0.946969696969697,0.9777777777777777,0.1323529411764706,0.9351942950046401,0.92484243697479,0.2,False,1.6470588235294117,,
highway,Gradient boosting,0.946969696969697,0.9777777777777777,0.1323529411764706,0.9351942950046401,0.92484243697479,0.25,False,1.6470588235294117,,
highway,Gradient boosting,0.946969696969697,0.9777777777777777,0.1323529411764706,0.9351942950046401,0.92484243697479,0.3,False,1.6470588235294117,,
highway,Gradient boosting,0.946969696969697,0.9777777777777777,0.1323529411764706,0.9351942950046401,0.92484243697479,0.35,False,1.6470588235294117,,
highway,Gradient boosting,0.946969696969697,0.9777777777777777,0.1323529411764706,0.9351942950046401,0.92484243697479,0.4,False,1.6470588235294117,,
highway,Gradient boosting,0.946969696969697,0.9777777777777777,0.11764705882352941,0.9351942950046401,0.92484243697479,0.45,False,1.352941176470588,,
highway,Gradient boosting,0.946969696969697,0.9777777777777777,0.11764705882352941,0.9351942950046401,0.92484243697479,0.5,False,1.352941176470588,,
highway,Gradient boosting,0.9541984732824428,0.9703703703703703,0.08823529411764706,0.9388960401130484,0.92484243697479,0.55,False,0.7647058823529412,,
highway,Gradient boosting,0.9541984732824428,0.9703703703703703,0.08823529411764706,0.9388960401130484,0.92484243697479,0.6,False,0.7647058823529412,,
highway,Gradient boosting,0.9538461538461539,0.9629629629629629,0.07352941176470588,0.934387843391737,0.91702993697479,0.65,False,0.47058823529411764,,
highway,Gradient boosting,0.9538461538461539,0.9629629629629629,0.058823529411764705,0.934387843391737,0.91702993697479,0.7,False,0.17647058823529405,,
highway,Gradient boosting,0.9612403100775194,0.9555555555555556,0.058823529411764705,0.9379044674326577,0.91702993697479,0.75,False,0.17647058823529405,,
highway,Gradient boosting,0.9606299212598425,0.9407407407407408,0.058823529411764705,0.9294023618092294,0.9018644957983193,0.8,False,0.17647058823529405,,
highway,Gradient boosting,0.9603174603174603,0.9333333333333333,0.04411764705882353,0.9254448765084605,0.8945115546218487,0.85,True,0.0,,
highway,Gradient boosting,0.96,0.9259259259259259,0.04411764705882353,0.9212612491905049,0.8871586134453782,0.9,True,0.0,,
highway,Gradient boosting,0.967741935483871,0.9185185185185185,0.04411764705882353,0.9246412025704582,0.8871586134453782,0.95,True,0.0,,
highway,Two-stage without physics,0.9473684210526315,0.9851851851851852,0.5147058823529411,0.9394680031900559,0.9324054621848741,,False,9.294117647058822,0.05,0.05
highway,Two-stage without physics,0.9473684210526315,0.9851851851851852,0.5147058823529411,0.9394680031900559,0.9324054621848741,,False,9.294117647058822,0.05,0.1
highway,Two-stage without physics,0.9473684210526315,0.9851851851851852,0.5147058823529411,0.9394680031900559,0.9324054621848741,,False,9.294117647058822,0.05,0.15
highway,Two-stage without physics,0.9473684210526315,0.9851851851851852,0.5147058823529411,0.9394680031900559,0.9324054621848741,,False,9.294117647058822,0.05,0.2
highway,Two-stage without physics,0.9473684210526315,0.9851851851851852,0.5147058823529411,0.9394680031900559,0.9324054621848741,,False,9.294117647058822,0.05,0.25
highway,Two-stage without physics,0.9473684210526315,0.9851851851851852,0.5147058823529411,0.9394680031900559,0.9324054621848741,,False,9.294117647058822,0.05,0.3
highway,Two-stage without physics,0.9473684210526315,0.9851851851851852,0.4264705882352941,0.9394680031900559,0.9324054621848741,,False,7.529411764705882,0.05,0.35
highway,Two-stage without physics,0.9538461538461539,0.9629629629629629,0.3382352941176471,0.9345467695274831,0.9172400210084034,,False,5.764705882352941,0.05,0.4
highway,Two-stage without physics,0.9606299212598425,0.9407407407407408,0.20588235294117646,0.9299910873440286,0.9025341386554623,,False,3.1176470588235294,0.05,0.45
highway,Two-stage without physics,0.9754098360655737,0.9037037037037037,0.1323529411764706,0.9235931348947861,0.8804753151260505,,False,1.6470588235294117,0.05,0.5
highway,Two-stage without physics,0.9745762711864406,0.8740740740740741,0.07352941176470588,0.9039502777519289,0.8492253151260505,,False,0.47058823529411764,0.05,0.55
highway,Two-stage without physics,0.9823008849557522,0.837037037037037,0.058823529411764705,0.8894419306184013,0.8193539915966386,,False,0.17647058823529405,0.05,0.6
highway,Two-stage without physics,0.9805825242718447,0.762962962962963,0.014705882352941176,0.8353108288770055,0.7439863445378151,,True,0.0,0.05,0.65
highway,Two-stage without physics,0.99,0.7407407407407407,0.0,0.8268333795782463,0.7292804621848739,,True,0.0,0.05,0.7
highway,Two-stage without physics,1.0,0.6888888888888889,0.0,0.7949841226813306,0.684703256302521,,True,0.0,0.05,0.75
highway,Two-stage without physics,1.0,0.6222222222222222,0.0,0.7384324994365562,0.6180672268907564,,True,0.0,0.05,0.8
highway,Two-stage without physics,1.0,0.5259259259259259,0.0,0.6556371082479024,0.5206013655462185,,True,0.0,0.05,0.85
highway,Two-stage without physics,1.0,0.45185185185185184,0.0,0.5691150954308848,0.44682247899159666,,True,0.0,0.05,0.9
highway,Two-stage without physics,1.0,0.34074074074074073,0.0,0.4378930896775784,0.33486081932773104,,True,0.0,0.05,0.95
highway,Two-stage without physics,0.9545454545454546,0.9777777777777777,0.3382352941176471,0.9429846272309765,0.9324054621848741,,False,5.764705882352941,0.1,0.05
highway,Two-stage without physics,0.9545454545454546,0.9777777777777777,0.3382352941176471,0.9429846272309765,0.9324054621848741,,False,5.764705882352941,0.1,0.1
highway,Two-stage without physics,0.9545454545454546,0.9777777777777777,0.3382352941176471,0.9429846272309765,0.9324054621848741,,False,5.764705882352941,0.1,0.15
highway,Two-stage without physics,0.9545454545454546,0.9777777777777777,0.3382352941176471,0.9429846272309765,0.9324054621848741,,False,5.764705882352941,0.1,0.2
highway,Two-stage without physics,0.9545454545454546,0.9777777777777777,0.3382352941176471,0.9429846272309765,0.9324054621848741,,False,5.764705882352941,0.1,0.25
highway,Two-stage without physics,0.9545454545454546,0.9777777777777777,0.3382352941176471,0.9429846272309765,0.9324054621848741,,False,5.764705882352941,0.1,0.3
highway,Two-stage without physics,0.9545454545454546,0.9777777777777777,0.2647058823529412,0.9429846272309765,0.9324054621848741,,False,4.294117647058823,0.1,0.35
highway,Two-stage without physics,0.9538461538461539,0.9629629629629629,0.20588235294117646,0.9345467695274831,0.9172400210084034,,False,3.1176470588235294,0.1,0.4
highway,Two-stage without physics,0.9606299212598425,0.9407407407407408,0.14705882352941177,0.9299910873440286,0.9025341386554623,,False,1.9411764705882353,0.1,0.45
highway,Two-stage without physics,0.9754098360655737,0.9037037037037037,0.08823529411764706,0.9235931348947861,0.8804753151260505,,False,0.7647058823529412,0.1,0.5
highway,Two-stage without physics,0.9745762711864406,0.8740740740740741,0.058823529411764705,0.9039502777519289,0.8492253151260505,,False,0.17647058823529405,0.1,0.55
highway,Two-stage without physics,0.9823008849557522,0.837037037037037,0.04411764705882353,0.8894419306184013,0.8193539915966386,,True,0.0,0.1,0.6
highway,Two-stage without physics,0.9805825242718447,0.762962962962963,0.0,0.8353108288770055,0.7439863445378151,,True,0.0,0.1,0.65
highway,Two-stage without physics,0.99,0.7407407407407407,0.0,0.8268333795782463,0.7292804621848739,,True,0.0,0.1,0.7
highway,Two-stage without physics,1.0,0.6888888888888889,0.0,0.7949841226813306,0.684703256302521,,True,0.0,0.1,0.75
highway,Two-stage without physics,1.0,0.6222222222222222,0.0,0.7384324994365562,0.6180672268907564,,True,0.0,0.1,0.8
highway,Two-stage without physics,1.0,0.5259259259259259,0.0,0.6556371082479024,0.5206013655462185,,True,0.0,0.1,0.85
highway,Two-stage without physics,1.0,0.45185185185185184,0.0,0.5691150954308848,0.44682247899159666,,True,0.0,0.1,0.9
highway,Two-stage without physics,1.0,0.34074074074074073,0.0,0.4378930896775784,0.33486081932773104,,True,0.0,0.1,0.95
highway,Two-stage without physics,0.9541984732824428,0.9703703703703703,0.3235294117647059,0.9391435385567009,0.9250525210084033,,False,5.470588235294118,0.15,0.05
highway,Two-stage without physics,0.9541984732824428,0.9703703703703703,0.3235294117647059,0.9391435385567009,0.9250525210084033,,False,5.470588235294118,0.15,0.1
highway,Two-stage without physics,0.9541984732824428,0.9703703703703703,0.3235294117647059,0.9391435385567009,0.9250525210084033,,False,5.470588235294118,0.15,0.15
highway,Two-stage without physics,0.9541984732824428,0.9703703703703703,0.3235294117647059,0.9391435385567009,0.9250525210084033,,False,5.470588235294118,0.15,0.2
highway,Two-stage without physics,0.9541984732824428,0.9703703703703703,0.3235294117647059,0.9391435385567009,0.9250525210084033,,False,5.470588235294118,0.15,0.25
highway,Two-stage without physics,0.9541984732824428,0.9703703703703703,0.3235294117647059,0.9391435385567009,0.9250525210084033,,False,5.470588235294118,0.15,0.3
highway,Two-stage without physics,0.9541984732824428,0.9703703703703703,0.25,0.9391435385567009,0.9250525210084033,,False,4.0,0.15,0.35
highway,Two-stage without physics,0.9534883720930233,0.9555555555555556,0.19117647058823528,0.9307056808532074,0.9098870798319327,,False,2.8235294117647056,0.15,0.4
highway,Two-stage without physics,0.9603174603174603,0.9333333333333333,0.1323529411764706,0.9261499986697529,0.8951811974789916,,False,1.6470588235294117,0.15,0.45
highway,Two-stage without physics,0.9752066115702479,0.8962962962962963,0.07352941176470588,0.9197487206026106,0.8731223739495798,,False,0.47058823529411764,0.15,0.5
highway,Two-stage without physics,0.9743589743589743,0.8666666666666667,0.058823529411764705,0.9001058634597534,0.8418723739495798,,False,0.17647058823529405,0.15,0.55
highway,Two-stage without physics,0.9821428571428571,0.8296296296296296,0.04411764705882353,0.8853553921568628,0.812001050420168,,True,0.0,0.15,0.6
highway,Two-stage without physics,0.9803921568627451,0.7555555555555555,0.0,0.8310945590357355,0.7366334033613445,,True,0.0,0.15,0.65
highway,Two-stage without physics,0.98989898989899,0.7333333333333333,0.0,0.8226171097369765,0.7219275210084033,,True,0.0,0.15,0.7
highway,Two-stage without physics,1.0,0.6814814814814815,0.0,0.7904891464782635,0.6773503151260505,,True,0.0,0.15,0.75
highway,Two-stage without physics,1.0,0.6222222222222222,0.0,0.7384324994365562,0.6180672268907564,,True,0.0,0.15,0.8
highway,Two-stage without physics,1.0,0.5259259259259259,0.0,0.6556371082479024,0.5206013655462185,,True,0.0,0.15,0.85
highway,Two-stage without physics,1.0,0.45185185185185184,0.0,0.5691150954308848,0.44682247899159666,,True,0.0,0.15,0.9
highway,Two-stage without physics,1.0,0.34074074074074073,0.0,0.4378930896775784,0.33486081932773104,,True,0.0,0.15,0.95
highway,Two-stage without physics,0.9609375,0.9481481481481482,0.17647058823529413,0.9348085442850862,0.9103466386554622,,False,2.5294117647058822,0.2,0.05
highway,Two-stage without physics,0.9609375,0.9481481481481482,0.17647058823529413,0.9348085442850862,0.9103466386554622,,False,2.5294117647058822,0.2,0.1
highway,Two-stage without physics,0.9609375,0.9481481481481482,0.17647058823529413,0.9348085442850862,0.9103466386554622,,False,2.5294117647058822,0.2,0.15
highway,Two-stage without physics,0.9609375,0.9481481481481482,0.17647058823529413,0.9348085442850862,0.9103466386554622,,False,2.5294117647058822,0.2,0.2
highway,Two-stage without physics,0.9609375,0.9481481481481482,0.17647058823529413,0.9348085442850862,0.9103466386554622,,False,2.5294117647058822,0.2,0.25
highway,Two-stage without physics,0.9609375,0.9481481481481482,0.17647058823529413,0.9348085442850862,0.9103466386554622,,False,2.5294117647058822,0.2,0.3
highway,Two-stage without physics,0.9609375,0.9481481481481482,0.14705882352941177,0.9348085442850862,0.9103466386554622,,False,1.9411764705882353,0.2,0.35
highway,Two-stage without physics,0.9603174603174603,0.9333333333333333,0.08823529411764706,0.9263574660633485,0.8951811974789915,,False,0.7647058823529412,0.2,0.4
highway,Two-stage without physics,0.9596774193548387,0.9185185185185185,0.058823529411764705,0.91811325928973,0.8804753151260504,,False,0.17647058823529405,0.2,0.45
highway,Two-stage without physics,0.9747899159663865,0.8814814814814815,0.029411764705882353,0.9116994781783682,0.8584164915966386,,True,0.0,0.2,0.5
highway,Two-stage without physics,0.9739130434782609,0.8518518518518519,0.029411764705882353,0.892056621035511,0.8271664915966386,,True,0.0,0.2,0.55
highway,Two-stage without physics,0.9819819819819819,0.8222222222222222,0.029411764705882353,0.881139122315593,0.8046481092436975,,True,0.0,0.2,0.6
highway,Two-stage without physics,0.9801980198019802,0.7481481481481481,0.0,0.8267422804899085,0.729280462184874,,True,0.0,0.2,0.65
highway,Two-stage without physics,0.9897959183673469,0.725925925925926,0.0,0.8182648311911496,0.7145745798319327,,True,0.0,0.2,0.7
highway,Two-stage without physics,1.0,0.674074074074074,0.0,0.7858443377350941,0.6699973739495799,,True,0.0,0.2,0.75
highway,Two-stage without physics,1.0,0.6222222222222222,0.0,0.7384324994365562,0.6180672268907564,,True,0.0,0.2,0.8
highway,Two-stage without physics,1.0,0.5259259259259259,0.0,0.6556371082479024,0.5206013655462185,,True,0.0,0.2,0.85
highway,Two-stage without physics,1.0,0.45185185185185184,0.0,0.5691150954308848,0.44682247899159666,,True,0.0,0.2,0.9
highway,Two-stage without physics,1.0,0.34074074074074073,0.0,0.4378930896775784,0.33486081932773104,,True,0.0,0.2,0.95
highway,Two-stage without physics,0.96,0.9259259259259259,0.10294117647058823,0.9217533390167661,0.887828256302521,,False,1.0588235294117645,0.25,0.05
highway,Two-stage without physics,0.96,0.9259259259259259,0.10294117647058823,0.9217533390167661,0.887828256302521,,False,1.0588235294117645,0.25,0.1
highway,Two-stage without physics,0.96,0.9259259259259259,0.10294117647058823,0.9217533390167661,0.887828256302521,,False,1.0588235294117645,0.25,0.15
highway,Two-stage without physics,0.96,0.9259259259259259,0.10294117647058823,0.9217533390167661,0.887828256302521,,False,1.0588235294117645,0.25,0.2
highway,Two-stage without physics,0.96,0.9259259259259259,0.10294117647058823,0.9217533390167661,0.887828256302521,,False,1.0588235294117645,0.25,0.25
highway,Two-stage without physics,0.96,0.9259259259259259,0.10294117647058823,0.9217533390167661,0.887828256302521,,False,1.0588235294117645,0.25,0.3
highway,Two-stage without physics,0.96,0.9259259259259259,0.07352941176470588,0.9217533390167661,0.887828256302521,,False,0.47058823529411764,0.25,0.35
highway,Two-stage without physics,0.959349593495935,0.9111111111111111,0.04411764705882353,0.9131494405671873,0.8726628151260504,,True,0.0,0.25,0.4
highway,Two-stage without physics,0.9586776859504132,0.8962962962962963,0.029411764705882353,0.9049052337935688,0.8579569327731092,,True,0.0,0.25,0.45
highway,Two-stage without physics,0.9741379310344828,0.8592592592592593,0.014705882352941176,0.8984699128421189,0.8358981092436975,,True,0.0,0.25,0.5
highway,Two-stage without physics,0.9734513274336283,0.837037037037037,0.014705882352941176,0.8834880726484142,0.8124606092436975,,True,0.0,0.25,0.55
highway,Two-stage without physics,0.981651376146789,0.8074074074074075,0.014705882352941176,0.8722918675666989,0.7899422268907563,,True,0.0,0.25,0.6
highway,Two-stage without physics,0.9797979797979798,0.7333333333333333,0.0,0.817602495543672,0.7145745798319328,,True,0.0,0.25,0.65
highway,Two-stage without physics,0.9895833333333334,0.7111111111111111,0.0,0.809125046244913,0.6998686974789916,,True,0.0,0.25,0.7
highway,Two-stage without physics,1.0,0.6592592592592592,0.0,0.7760742227925652,0.6552914915966388,,True,0.0,0.25,0.75
highway,Two-stage without physics,1.0,0.6148148148148148,0.0,0.7332903336773305,0.6107142857142858,,True,0.0,0.25,0.8
highway,Two-stage without physics,1.0,0.5259259259259259,0.0,0.6556371082479024,0.5206013655462185,,True,0.0,0.25,0.85
highway,Two-stage without physics,1.0,0.45185185185185184,0.0,0.5691150954308848,0.44682247899159666,,True,0.0,0.25,0.9
highway,Two-stage without physics,1.0,0.34074074074074073,0.0,0.4378930896775784,0.33486081932773104,,True,0.0,0.25,0.95
highway,Two-stage without physics,0.9596774193548387,0.9185185185185185,0.08823529411764706,0.9179122503424905,0.8806853991596639,,False,0.7647058823529412,0.3,0.05
highway,Two-stage without physics,0.9596774193548387,0.9185185185185185,0.08823529411764706,0.9179122503424905,0.8806853991596639,,False,0.7647058823529412,0.3,0.1
highway,Two-stage without physics,0.9596774193548387,0.9185185185185185,0.08823529411764706,0.9179122503424905,0.8806853991596639,,False,0.7647058823529412,0.3,0.15
highway,Two-stage without physics,0.9596774193548387,0.9185185185185185,0.08823529411764706,0.9179122503424905,0.8806853991596639,,False,0.7647058823529412,0.3,0.2
highway,Two-stage without physics,0.9596774193548387,0.9185185185185185,0.08823529411764706,0.9179122503424905,0.8806853991596639,,False,0.7647058823529412,0.3,0.25
highway,Two-stage without physics,0.9596774193548387,0.9185185185185185,0.08823529411764706,0.9179122503424905,0.8806853991596639,,False,0.7647058823529412,0.3,0.3
highway,Two-stage without physics,0.9596774193548387,0.9185185185185185,0.058823529411764705,0.9179122503424905,0.8806853991596639,,False,0.17647058823529405,0.3,0.35
highway,Two-stage without physics,0.9590163934426229,0.9037037037037037,0.029411764705882353,0.9093083518929116,0.8655199579831933,,True,0.0,0.3,0.4
highway,Two-stage without physics,0.9583333333333334,0.8888888888888888,0.014705882352941176,0.9010641451192931,0.8508140756302521,,True,0.0,0.3,0.45
highway,Two-stage without physics,0.9739130434782609,0.8518518518518519,0.0,0.8946288241678432,0.8287552521008403,,True,0.0,0.3,0.5
highway,Two-stage without physics,0.9732142857142857,0.8296296296296296,0.0,0.8796469839741385,0.8053177521008403,,True,0.0,0.3,0.55
highway,Two-stage without physics,0.9814814814814815,0.8,0.0,0.8684507788924232,0.7827993697478991,,True,0.0,0.3,0.6
highway,Two-stage without physics,0.9795918367346939,0.725925925925926,0.0,0.8137614068693964,0.7074317226890756,,True,0.0,0.3,0.65
highway,Two-stage without physics,0.9894736842105263,0.7037037037037037,0.0,0.8052839575706373,0.6927258403361344,,True,0.0,0.3,0.7
highway,Two-stage without physics,1.0,0.6518518518518519,0.0,0.7722331341182895,0.6481486344537815,,True,0.0,0.3,0.75
highway,Two-stage without physics,1.0,0.6074074074074074,0.0,0.7294492450030549,0.6035714285714286,,True,0.0,0.3,0.8
highway,Two-stage without physics,1.0,0.5259259259259259,0.0,0.6556371082479024,0.5206013655462185,,True,0.0,0.3,0.85
highway,Two-stage without physics,1.0,0.45185185185185184,0.0,0.5691150954308848,0.44682247899159666,,True,0.0,0.3,0.9
highway,Two-stage without physics,1.0,0.34074074074074073,0.0,0.4378930896775784,0.33486081932773104,,True,0.0,0.3,0.95
highway,Two-stage without physics,0.9596774193548387,0.9185185185185185,0.07352941176470588,0.9179122503424905,0.8806853991596639,,False,0.47058823529411764,0.35,0.05
highway,Two-stage without physics,0.9596774193548387,0.9185185185185185,0.07352941176470588,0.9179122503424905,0.8806853991596639,,False,0.47058823529411764,0.35,0.1
highway,Two-stage without physics,0.9596774193548387,0.9185185185185185,0.07352941176470588,0.9179122503424905,0.8806853991596639,,False,0.47058823529411764,0.35,0.15
highway,Two-stage without physics,0.9596774193548387,0.9185185185185185,0.07352941176470588,0.9179122503424905,0.8806853991596639,,False,0.47058823529411764,0.35,0.2
highway,Two-stage without physics,0.9596774193548387,0.9185185185185185,0.07352941176470588,0.9179122503424905,0.8806853991596639,,False,0.47058823529411764,0.35,0.25
highway,Two-stage without physics,0.9596774193548387,0.9185185185185185,0.07352941176470588,0.9179122503424905,0.8806853991596639,,False,0.47058823529411764,0.35,0.3
highway,Two-stage without physics,0.9596774193548387,0.9185185185185185,0.058823529411764705,0.9179122503424905,0.8806853991596639,,False,0.17647058823529405,0.35,0.35
highway,Two-stage without physics,0.9590163934426229,0.9037037037037037,0.029411764705882353,0.9093083518929116,0.8655199579831933,,True,0.0,0.35,0.4
highway,Two-stage without physics,0.9583333333333334,0.8888888888888888,0.014705882352941176,0.9010641451192931,0.8508140756302521,,True,0.0,0.35,0.45
highway,Two-stage without physics,0.9739130434782609,0.8518518518518519,0.0,0.8946288241678432,0.8287552521008403,,True,0.0,0.35,0.5
highway,Two-stage without physics,0.9732142857142857,0.8296296296296296,0.0,0.8796469839741385,0.8053177521008403,,True,0.0,0.35,0.55
highway,Two-stage without physics,0.9814814814814815,0.8,0.0,0.8684507788924232,0.7827993697478991,,True,0.0,0.35,0.6
highway,Two-stage without physics,0.9795918367346939,0.725925925925926,0.0,0.8137614068693964,0.7074317226890756,,True,0.0,0.35,0.65
highway,Two-stage without physics,0.9894736842105263,0.7037037037037037,0.0,0.8052839575706373,0.6927258403361344,,True,0.0,0.35,0.7
highway,Two-stage without physics,1.0,0.6518518518518519,0.0,0.7722331341182895,0.6481486344537815,,True,0.0,0.35,0.75
highway,Two-stage without physics,1.0,0.6074074074074074,0.0,0.7294492450030549,0.6035714285714286,,True,0.0,0.35,0.8
highway,Two-stage without physics,1.0,0.5259259259259259,0.0,0.6556371082479024,0.5206013655462185,,True,0.0,0.35,0.85
highway,Two-stage without physics,1.0,0.45185185185185184,0.0,0.5691150954308848,0.44682247899159666,,True,0.0,0.35,0.9
highway,Two-stage without physics,1.0,0.34074074074074073,0.0,0.4378930896775784,0.33486081932773104,,True,0.0,0.35,0.95
highway,Two-stage without physics,0.9590163934426229,0.9037037037037037,0.058823529411764705,0.9088047822186289,0.8659795168067226,,False,0.17647058823529405,0.4,0.05
highway,Two-stage without physics,0.9590163934426229,0.9037037037037037,0.058823529411764705,0.9088047822186289,0.8659795168067226,,False,0.17647058823529405,0.4,0.1
highway,Two-stage without physics,0.9590163934426229,0.9037037037037037,0.058823529411764705,0.9088047822186289,0.8659795168067226,,False,0.17647058823529405,0.4,0.15
highway,Two-stage without physics,0.9590163934426229,0.9037037037037037,0.058823529411764705,0.9088047822186289,0.8659795168067226,,False,0.17647058823529405,0.4,0.2
highway,Two-stage without physics,0.9590163934426229,0.9037037037037037,0.058823529411764705,0.9088047822186289,0.8659795168067226,,False,0.17647058823529405,0.4,0.25
highway,Two-stage without physics,0.9590163934426229,0.9037037037037037,0.058823529411764705,0.9088047822186289,0.8659795168067226,,False,0.17647058823529405,0.4,0.3
highway,Two-stage without physics,0.9590163934426229,0.9037037037037037,0.058823529411764705,0.9088047822186289,0.8659795168067226,,False,0.17647058823529405,0.4,0.35
highway,Two-stage without physics,0.9583333333333334,0.8888888888888888,0.029411764705882353,0.90020088376905,0.850814075630252,,True,0.0,0.4,0.4
highway,Two-stage without physics,0.9576271186440678,0.8740740740740741,0.014705882352941176,0.8919566769954316,0.8361081932773109,,True,0.0,0.4,0.45
highway,Two-stage without physics,0.9734513274336283,0.837037037037037,0.0,0.8854890392216066,0.8140493697478991,,True,0.0,0.4,0.5
highway,Two-stage without physics,0.9727272727272728,0.8148148148148148,0.0,0.870507199027902,0.7906118697478991,,True,0.0,0.4,0.55
highway,Two-stage without physics,0.9811320754716981,0.7851851851851852,0.0,0.8590037102622481,0.768093487394958,,True,0.0,0.4,0.6
highway,Two-stage without physics,0.9791666666666666,0.7111111111111111,0.0,0.8039912919268677,0.6927258403361345,,True,0.0,0.4,0.65
highway,Two-stage without physics,0.989247311827957,0.6888888888888889,0.0,0.7955138426281086,0.6780199579831933,,True,0.0,0.4,0.7
highway,Two-stage without physics,1.0,0.6444444444444445,0.0,0.7670909683590639,0.6407956932773109,,True,0.0,0.4,0.75
highway,Two-stage without physics,1.0,0.6,0.0,0.724123430466714,0.596218487394958,,True,0.0,0.4,0.8
highway,Two-stage without physics,1.0,0.5185185185185185,0.0,0.6494687483059577,0.5132484243697478,,True,0.0,0.4,0.85
highway,Two-stage without physics,1.0,0.45185185185185184,0.0,0.5691150954308848,0.44682247899159666,,True,0.0,0.4,0.9
highway,Two-stage without physics,1.0,0.34074074074074073,0.0,0.4378930896775784,0.33486081932773104,,True,0.0,0.4,0.95
highway,Two-stage without physics,0.9590163934426229,0.9037037037037037,0.029411764705882353,0.9088047822186289,0.8659795168067226,,True,0.0,0.45,0.05
highway,Two-stage without physics,0.9590163934426229,0.9037037037037037,0.029411764705882353,0.9088047822186289,0.8659795168067226,,True,0.0,0.45,0.1
highway,Two-stage without physics,0.9590163934426229,0.9037037037037037,0.029411764705882353,0.9088047822186289,0.8659795168067226,,True,0.0,0.45,0.15
highway,Two-stage without physics,0.9590163934426229,0.9037037037037037,0.029411764705882353,0.9088047822186289,0.8659795168067226,,True,0.0,0.45,0.2
highway,Two-stage without physics,0.9590163934426229,0.9037037037037037,0.029411764705882353,0.9088047822186289,0.8659795168067226,,True,0.0,0.45,0.25
highway,Two-stage without physics,0.9590163934426229,0.9037037037037037,0.029411764705882353,0.9088047822186289,0.8659795168067226,,True,0.0,0.45,0.3
highway,Two-stage without physics,0.9590163934426229,0.9037037037037037,0.029411764705882353,0.9088047822186289,0.8659795168067226,,True,0.0,0.45,0.35
highway,Two-stage without physics,0.9583333333333334,0.8888888888888888,0.014705882352941176,0.90020088376905,0.850814075630252,,True,0.0,0.45,0.4
highway,Two-stage without physics,0.9576271186440678,0.8740740740740741,0.014705882352941176,0.8919566769954316,0.8361081932773109,,True,0.0,0.45,0.45
highway,Two-stage without physics,0.9734513274336283,0.837037037037037,0.0,0.8854890392216066,0.8140493697478991,,True,0.0,0.45,0.5
highway,Two-stage without physics,0.9727272727272728,0.8148148148148148,0.0,0.870507199027902,0.7906118697478991,,True,0.0,0.45,0.55
highway,Two-stage without physics,0.9811320754716981,0.7851851851851852,0.0,0.8590037102622481,0.768093487394958,,True,0.0,0.45,0.6
highway,Two-stage without physics,0.9791666666666666,0.7111111111111111,0.0,0.8039912919268677,0.6927258403361345,,True,0.0,0.45,0.65
highway,Two-stage without physics,0.989247311827957,0.6888888888888889,0.0,0.7955138426281086,0.6780199579831933,,True,0.0,0.45,0.7
highway,Two-stage without physics,1.0,0.6444444444444445,0.0,0.7670909683590639,0.6407956932773109,,True,0.0,0.45,0.75
highway,Two-stage without physics,1.0,0.6,0.0,0.724123430466714,0.596218487394958,,True,0.0,0.45,0.8
highway,Two-stage without physics,1.0,0.5185185185185185,0.0,0.6494687483059577,0.5132484243697478,,True,0.0,0.45,0.85
highway,Two-stage without physics,1.0,0.45185185185185184,0.0,0.5691150954308848,0.44682247899159666,,True,0.0,0.45,0.9
highway,Two-stage without physics,1.0,0.34074074074074073,0.0,0.4378930896775784,0.33486081932773104,,True,0.0,0.45,0.95
highway,Two-stage without physics,0.9586776859504132,0.8962962962962963,0.029411764705882353,0.9040233614536016,0.858626575630252,,True,0.0,0.5,0.05
highway,Two-stage without physics,0.9586776859504132,0.8962962962962963,0.029411764705882353,0.9040233614536016,0.858626575630252,,True,0.0,0.5,0.1
highway,Two-stage without physics,0.9586776859504132,0.8962962962962963,0.029411764705882353,0.9040233614536016,0.858626575630252,,True,0.0,0.5,0.15
highway,Two-stage without physics,0.9586776859504132,0.8962962962962963,0.029411764705882353,0.9040233614536016,0.858626575630252,,True,0.0,0.5,0.2
highway,Two-stage without physics,0.9586776859504132,0.8962962962962963,0.029411764705882353,0.9040233614536016,0.858626575630252,,True,0.0,0.5,0.25
highway,Two-stage without physics,0.9586776859504132,0.8962962962962963,0.029411764705882353,0.9040233614536016,0.858626575630252,,True,0.0,0.5,0.3
highway,Two-stage without physics,0.9586776859504132,0.8962962962962963,0.029411764705882353,0.9040233614536016,0.858626575630252,,True,0.0,0.5,0.35
highway,Two-stage without physics,0.957983193277311,0.8814814814814815,0.014705882352941176,0.8954194630040228,0.8434611344537815,,True,0.0,0.5,0.4
highway,Two-stage without physics,0.9572649572649573,0.8666666666666667,0.014705882352941176,0.8871752562304043,0.8287552521008403,,True,0.0,0.5,0.45
highway,Two-stage without physics,0.9732142857142857,0.8296296296296296,0.0,0.8806867793346009,0.8066964285714285,,True,0.0,0.5,0.5
highway,Two-stage without physics,0.9724770642201835,0.8074074074074075,0.0,0.8657049391408963,0.7832589285714285,,True,0.0,0.5,0.55
highway,Two-stage without physics,0.9809523809523809,0.7777777777777778,0.0,0.8540358552067251,0.7607405462184874,,True,0.0,0.5,0.6
highway,Two-stage without physics,0.9789473684210527,0.7037037037037037,0.0,0.798849126167642,0.6853728991596639,,True,0.0,0.5,0.65
highway,Two-stage without physics,0.9891304347826086,0.6814814814814815,0.0,0.790371676868883,0.6706670168067227,,True,0.0,0.5,0.7
highway,Two-stage without physics,1.0,0.6370370370370371,0.0,0.761765153822723,0.6334427521008403,,True,0.0,0.5,0.75
highway,Two-stage without physics,1.0,0.5925925925925926,0.0,0.7186039499472335,0.5888655462184874,,True,0.0,0.5,0.8
highway,Two-stage without physics,1.0,0.5185185185185185,0.0,0.6494687483059577,0.5132484243697478,,True,0.0,0.5,0.85
highway,Two-stage without physics,1.0,0.45185185185185184,0.0,0.5691150954308848,0.44682247899159666,,True,0.0,0.5,0.9
highway,Two-stage without physics,1.0,0.34074074074074073,0.0,0.4378930896775784,0.33486081932773104,,True,0.0,0.5,0.95
highway,Two-stage without physics,0.9576271186440678,0.8740740740740741,0.029411764705882353,0.8900084048884649,0.8367778361344538,,True,0.0,0.55,0.05
highway,Two-stage without physics,0.9576271186440678,0.8740740740740741,0.029411764705882353,0.8900084048884649,0.8367778361344538,,True,0.0,0.55,0.1
highway,Two-stage without physics,0.9576271186440678,0.8740740740740741,0.029411764705882353,0.8900084048884649,0.8367778361344538,,True,0.0,0.55,0.15
highway,Two-stage without physics,0.9576271186440678,0.8740740740740741,0.029411764705882353,0.8900084048884649,0.8367778361344538,,True,0.0,0.55,0.2
highway,Two-stage without physics,0.9576271186440678,0.8740740740740741,0.029411764705882353,0.8900084048884649,0.8367778361344538,,True,0.0,0.55,0.25
highway,Two-stage without physics,0.9576271186440678,0.8740740740740741,0.029411764705882353,0.8900084048884649,0.8367778361344538,,True,0.0,0.55,0.3
highway,Two-stage without physics,0.9576271186440678,0.8740740740740741,0.029411764705882353,0.8900084048884649,0.8367778361344538,,True,0.0,0.55,0.35
highway,Two-stage without physics,0.9568965517241379,0.8592592592592593,0.014705882352941176,0.881404506438886,0.8216123949579831,,True,0.0,0.55,0.4
highway,Two-stage without physics,0.956140350877193,0.8444444444444444,0.014705882352941176,0.8731602996652675,0.806906512605042,,True,0.0,0.55,0.45
highway,Two-stage without physics,0.9724770642201835,0.8074074074074075,0.0,0.8666192732190834,0.7848476890756302,,True,0.0,0.55,0.5
highway,Two-stage without physics,0.9716981132075472,0.7851851851851852,0.0,0.8516374330253788,0.7614101890756302,,True,0.0,0.55,0.55
highway,Two-stage without physics,0.9803921568627451,0.7555555555555555,0.0,0.8396103896103897,0.7388918067226891,,True,0.0,0.55,0.6
highway,Two-stage without physics,0.9782608695652174,0.6814814814814815,0.0,0.7840463458110518,0.6635241596638656,,True,0.0,0.55,0.65
highway,Two-stage without physics,0.9887640449438202,0.6592592592592592,0.0,0.7755688965122927,0.6488182773109243,,True,0.0,0.55,0.7
highway,Two-stage without physics,1.0,0.6148148148148148,0.0,0.7465642822785681,0.6115940126050421,,True,0.0,0.55,0.75
highway,Two-stage without physics,1.0,0.5703703703703704,0.0,0.7029826567562416,0.5670168067226891,,True,0.0,0.55,0.8
highway,Two-stage without physics,1.0,0.5111111111111111,0.0,0.6430584918957012,0.5058954831932773,,True,0.0,0.55,0.85
highway,Two-stage without physics,1.0,0.4444444444444444,0.0,0.5624484287642182,0.43946953781512604,,True,0.0,0.55,0.9
highway,Two-stage without physics,1.0,0.34074074074074073,0.0,0.4378930896775784,0.33486081932773104,,True,0.0,0.55,0.95
highway,Two-stage without physics,0.9568965517241379,0.8592592592592593,0.029411764705882353,0.8792325428194994,0.8220719537815127,,True,0.0,0.6,0.05
highway,Two-stage without physics,0.9568965517241379,0.8592592592592593,0.029411764705882353,0.8792325428194994,0.8220719537815127,,True,0.0,0.6,0.1
highway,Two-stage without physics,0.9568965517241379,0.8592592592592593,0.029411764705882353,0.8792325428194994,0.8220719537815127,,True,0.0,0.6,0.15
highway,Two-stage without physics,0.9568965517241379,0.8592592592592593,0.029411764705882353,0.8792325428194994,0.8220719537815127,,True,0.0,0.6,0.2
highway,Two-stage without physics,0.9568965517241379,0.8592592592592593,0.029411764705882353,0.8792325428194994,0.8220719537815127,,True,0.0,0.6,0.25
highway,Two-stage without physics,0.9568965517241379,0.8592592592592593,0.029411764705882353,0.8792325428194994,0.8220719537815127,,True,0.0,0.6,0.3
highway,Two-stage without physics,0.9568965517241379,0.8592592592592593,0.029411764705882353,0.8792325428194994,0.8220719537815127,,True,0.0,0.6,0.35
highway,Two-stage without physics,0.956140350877193,0.8444444444444444,0.014705882352941176,0.8706286443699205,0.806906512605042,,True,0.0,0.6,0.4
highway,Two-stage without physics,0.9553571428571429,0.8296296296296296,0.014705882352941176,0.862384437596302,0.7922006302521009,,True,0.0,0.6,0.45
highway,Two-stage without physics,0.9719626168224299,0.7925925925925926,0.0,0.855773978163262,0.7701418067226891,,True,0.0,0.6,0.5
highway,Two-stage without physics,0.9711538461538461,0.7703703703703704,0.0,0.8407921379695573,0.7467043067226891,,True,0.0,0.6,0.55
highway,Two-stage without physics,0.98,0.7407407407407407,0.0,0.8283670033670034,0.7241859243697479,,True,0.0,0.6,0.6
highway,Two-stage without physics,0.9777777777777777,0.6666666666666666,0.0,0.7723825379208287,0.6488182773109245,,True,0.0,0.6,0.65
highway,Two-stage without physics,0.9885057471264368,0.6444444444444445,0.0,0.7639050886220697,0.6341123949579832,,True,0.0,0.6,0.7
highway,Two-stage without physics,1.0,0.6074074074074074,0.0,0.7406243801122507,0.6042410714285714,,True,0.0,0.6,0.75
highway,Two-stage without physics,1.0,0.5703703703703704,0.0,0.7029826567562416,0.5670168067226891,,True,0.0,0.6,0.8
highway,Two-stage without physics,1.0,0.5111111111111111,0.0,0.6430584918957012,0.5058954831932773,,True,0.0,0.6,0.85
highway,Two-stage without physics,1.0,0.4444444444444444,0.0,0.5624484287642182,0.43946953781512604,,True,0.0,0.6,0.9
highway,Two-stage without physics,1.0,0.34074074074074073,0.0,0.4378930896775784,0.33486081932773104,,True,0.0,0.6,0.95
highway,Two-stage without physics,0.9565217391304348,0.8518518518518519,0.029411764705882353,0.875289661319073,0.814719012605042,,True,0.0,0.65,0.05
highway,Two-stage without physics,0.9565217391304348,0.8518518518518519,0.029411764705882353,0.875289661319073,0.814719012605042,,True,0.0,0.65,0.1
highway,Two-stage without physics,0.9565217391304348,0.8518518518518519,0.029411764705882353,0.875289661319073,0.814719012605042,,True,0.0,0.65,0.15
highway,Two-stage without physics,0.9565217391304348,0.8518518518518519,0.029411764705882353,0.875289661319073,0.814719012605042,,True,0.0,0.65,0.2
highway,Two-stage without physics,0.9565217391304348,0.8518518518518519,0.029411764705882353,0.875289661319073,0.814719012605042,,True,0.0,0.65,0.25
highway,Two-stage without physics,0.9565217391304348,0.8518518518518519,0.029411764705882353,0.875289661319073,0.814719012605042,,True,0.0,0.65,0.3
highway,Two-stage without physics,0.9565217391304348,0.8518518518518519,0.029411764705882353,0.875289661319073,0.814719012605042,,True,0.0,0.65,0.35
highway,Two-stage without physics,0.9557522123893806,0.837037037037037,0.014705882352941176,0.8665680649142576,0.7995535714285714,,True,0.0,0.65,0.4
highway,Two-stage without physics,0.9553571428571429,0.8296296296296296,0.014705882352941176,0.862384437596302,0.7922006302521009,,True,0.0,0.65,0.45
highway,Two-stage without physics,0.9719626168224299,0.7925925925925926,0.0,0.855773978163262,0.7701418067226891,,True,0.0,0.65,0.5
highway,Two-stage without physics,0.9711538461538461,0.7703703703703704,0.0,0.8407921379695573,0.7467043067226891,,True,0.0,0.65,0.55
highway,Two-stage without physics,0.98,0.7407407407407407,0.0,0.8283670033670034,0.7241859243697479,,True,0.0,0.65,0.6
highway,Two-stage without physics,0.9777777777777777,0.6666666666666666,0.0,0.7723825379208287,0.6488182773109245,,True,0.0,0.65,0.65
highway,Two-stage without physics,0.9885057471264368,0.6444444444444445,0.0,0.7639050886220697,0.6341123949579832,,True,0.0,0.65,0.7
highway,Two-stage without physics,1.0,0.6074074074074074,0.0,0.7406243801122507,0.6042410714285714,,True,0.0,0.65,0.75
highway,Two-stage without physics,1.0,0.5703703703703704,0.0,0.7029826567562416,0.5670168067226891,,True,0.0,0.65,0.8
highway,Two-stage without physics,1.0,0.5111111111111111,0.0,0.6430584918957012,0.5058954831932773,,True,0.0,0.65,0.85
highway,Two-stage without physics,1.0,0.4444444444444444,0.0,0.5624484287642182,0.43946953781512604,,True,0.0,0.65,0.9
highway,Two-stage without physics,1.0,0.34074074074074073,0.0,0.4378930896775784,0.33486081932773104,,True,0.0,0.65,0.95
highway,Two-stage without physics,0.9545454545454546,0.8148148148148148,0.029411764705882353,0.8493149972253052,0.778374474789916,,True,0.0,0.7,0.05
highway,Two-stage without physics,0.9545454545454546,0.8148148148148148,0.029411764705882353,0.8493149972253052,0.778374474789916,,True,0.0,0.7,0.1
highway,Two-stage without physics,0.9545454545454546,0.8148148148148148,0.029411764705882353,0.8493149972253052,0.778374474789916,,True,0.0,0.7,0.15
highway,Two-stage without physics,0.9545454545454546,0.8148148148148148,0.029411764705882353,0.8493149972253052,0.778374474789916,,True,0.0,0.7,0.2
highway,Two-stage without physics,0.9545454545454546,0.8148148148148148,0.029411764705882353,0.8493149972253052,0.778374474789916,,True,0.0,0.7,0.25
highway,Two-stage without physics,0.9545454545454546,0.8148148148148148,0.029411764705882353,0.8493149972253052,0.778374474789916,,True,0.0,0.7,0.3
highway,Two-stage without physics,0.9545454545454546,0.8148148148148148,0.029411764705882353,0.8493149972253052,0.778374474789916,,True,0.0,0.7,0.35
highway,Two-stage without physics,0.9537037037037037,0.8,0.014705882352941176,0.8405934008204898,0.7632090336134454,,True,0.0,0.7,0.4
highway,Two-stage without physics,0.9532710280373832,0.7925925925925926,0.014705882352941176,0.8364097735025342,0.7558560924369748,,True,0.0,0.7,0.45
highway,Two-stage without physics,0.9705882352941176,0.7555555555555555,0.0,0.8296558254826093,0.733797268907563,,True,0.0,0.7,0.5
highway,Two-stage without physics,0.9696969696969697,0.7333333333333333,0.0,0.8146739852889047,0.710359768907563,,True,0.0,0.7,0.55
highway,Two-stage without physics,0.9789473684210527,0.7037037037037037,0.0,0.8015625000000001,0.6878413865546219,,True,0.0,0.7,0.6
highway,Two-stage without physics,0.9767441860465116,0.6370370370370371,0.0,0.7515179367201426,0.619826680672269,,True,0.0,0.7,0.65
highway,Two-stage without physics,0.9879518072289156,0.6148148148148148,0.0,0.7430404874213836,0.6051207983193277,,True,0.0,0.7,0.7
highway,Two-stage without physics,1.0,0.5777777777777777,0.0,0.7197597789115646,0.575249474789916,,True,0.0,0.7,0.75
highway,Two-stage without physics,1.0,0.5407407407407407,0.0,0.6821180555555555,0.5380252100840337,,True,0.0,0.7,0.8
highway,Two-stage without physics,1.0,0.48148148148148145,0.0,0.6211670648703457,0.47690388655462185,,True,0.0,0.7,0.85
highway,Two-stage without physics,1.0,0.4222222222222222,0.0,0.5469626447070055,0.4178308823529412,,True,0.0,0.7,0.9
highway,Two-stage without physics,1.0,0.3333333333333333,0.0,0.43326590829206807,0.3277179621848739,,True,0.0,0.7,0.95
highway,Two-stage without physics,0.9545454545454546,0.8148148148148148,0.014705882352941176,0.8493149972253052,0.778374474789916,,True,0.0,0.75,0.05
highway,Two-stage without physics,0.9545454545454546,0.8148148148148148,0.014705882352941176,0.8493149972253052,0.778374474789916,,True,0.0,0.75,0.1
highway,Two-stage without physics,0.9545454545454546,0.8148148148148148,0.014705882352941176,0.8493149972253052,0.778374474789916,,True,0.0,0.75,0.15
highway,Two-stage without physics,0.9545454545454546,0.8148148148148148,0.014705882352941176,0.8493149972253052,0.778374474789916,,True,0.0,0.75,0.2
highway,Two-stage without physics,0.9545454545454546,0.8148148148148148,0.014705882352941176,0.8493149972253052,0.778374474789916,,True,0.0,0.75,0.25
highway,Two-stage without physics,0.9545454545454546,0.8148148148148148,0.014705882352941176,0.8493149972253052,0.778374474789916,,True,0.0,0.75,0.3
highway,Two-stage without physics,0.9545454545454546,0.8148148148148148,0.014705882352941176,0.8493149972253052,0.778374474789916,,True,0.0,0.75,0.35
highway,Two-stage without physics,0.9537037037037037,0.8,0.0,0.8405934008204898,0.7632090336134454,,True,0.0,0.75,0.4
highway,Two-stage without physics,0.9532710280373832,0.7925925925925926,0.0,0.8364097735025342,0.7558560924369748,,True,0.0,0.75,0.45
highway,Two-stage without physics,0.9705882352941176,0.7555555555555555,0.0,0.8296558254826093,0.733797268907563,,True,0.0,0.75,0.5
highway,Two-stage without physics,0.9696969696969697,0.7333333333333333,0.0,0.8146739852889047,0.710359768907563,,True,0.0,0.75,0.55
highway,Two-stage without physics,0.9789473684210527,0.7037037037037037,0.0,0.8015625000000001,0.6878413865546219,,True,0.0,0.75,0.6
highway,Two-stage without physics,0.9767441860465116,0.6370370370370371,0.0,0.7515179367201426,0.619826680672269,,True,0.0,0.75,0.65
highway,Two-stage without physics,0.9879518072289156,0.6148148148148148,0.0,0.7430404874213836,0.6051207983193277,,True,0.0,0.75,0.7
highway,Two-stage without physics,1.0,0.5777777777777777,0.0,0.7197597789115646,0.575249474789916,,True,0.0,0.75,0.75
highway,Two-stage without physics,1.0,0.5407407407407407,0.0,0.6821180555555555,0.5380252100840337,,True,0.0,0.75,0.8
highway,Two-stage without physics,1.0,0.48148148148148145,0.0,0.6211670648703457,0.47690388655462185,,True,0.0,0.75,0.85
highway,Two-stage without physics,1.0,0.4222222222222222,0.0,0.5469626447070055,0.4178308823529412,,True,0.0,0.75,0.9
highway,Two-stage without physics,1.0,0.3333333333333333,0.0,0.43326590829206807,0.3277179621848739,,True,0.0,0.75,0.95
highway,Two-stage without physics,0.9528301886792453,0.7851851851851852,0.014705882352941176,0.8299033407495335,0.7487132352941176,,True,0.0,0.8,0.05
highway,Two-stage without physics,0.9528301886792453,0.7851851851851852,0.014705882352941176,0.8299033407495335,0.7487132352941176,,True,0.0,0.8,0.1
highway,Two-stage without physics,0.9528301886792453,0.7851851851851852,0.014705882352941176,0.8299033407495335,0.7487132352941176,,True,0.0,0.8,0.15
highway,Two-stage without physics,0.9528301886792453,0.7851851851851852,0.014705882352941176,0.8299033407495335,0.7487132352941176,,True,0.0,0.8,0.2
highway,Two-stage without physics,0.9528301886792453,0.7851851851851852,0.014705882352941176,0.8299033407495335,0.7487132352941176,,True,0.0,0.8,0.25
highway,Two-stage without physics,0.9528301886792453,0.7851851851851852,0.014705882352941176,0.8299033407495335,0.7487132352941176,,True,0.0,0.8,0.3
highway,Two-stage without physics,0.9528301886792453,0.7851851851851852,0.014705882352941176,0.8299033407495335,0.7487132352941176,,True,0.0,0.8,0.35
highway,Two-stage without physics,0.9523809523809523,0.7777777777777778,0.0,0.8257197134315779,0.741360294117647,,True,0.0,0.8,0.4
highway,Two-stage without physics,0.9519230769230769,0.7703703703703704,0.0,0.8214073591192236,0.7340073529411764,,True,0.0,0.8,0.45
highway,Two-stage without physics,0.9696969696969697,0.7333333333333333,0.0,0.8141459047266216,0.7119485294117647,,True,0.0,0.8,0.5
highway,Two-stage without physics,0.96875,0.7111111111111111,0.0,0.799164064532917,0.6885110294117647,,True,0.0,0.8,0.55
highway,Two-stage without physics,0.978494623655914,0.6888888888888889,0.0,0.7905555555555556,0.6733455882352941,,True,0.0,0.8,0.6
highway,Two-stage without physics,0.9761904761904762,0.6222222222222222,0.0,0.7405109922756983,0.6053308823529412,,True,0.0,0.8,0.65
highway,Two-stage without physics,0.9876543209876543,0.6,0.0,0.7320335429769391,0.5906250000000001,,True,0.0,0.8,0.7
highway,Two-stage without physics,1.0,0.562962962962963,0.0,0.7087528344671201,0.5607536764705883,,True,0.0,0.8,0.75
highway,Two-stage without physics,1.0,0.5259259259259259,0.0,0.6711111111111111,0.5235294117647059,,True,0.0,0.8,0.8
highway,Two-stage without physics,1.0,0.4740740740740741,0.0,0.6168267870925678,0.46976102941176473,,True,0.0,0.8,0.85
highway,Two-stage without physics,1.0,0.4148148148148148,0.0,0.5424823579686544,0.4106880252100841,,True,0.0,0.8,0.9
highway,Two-stage without physics,1.0,0.32592592592592595,0.0,0.42848448752704077,0.3205751050420168,,True,0.0,0.8,0.95
highway,Two-stage without physics,0.9514563106796117,0.762962962962963,0.014705882352941176,0.8092989451451379,0.7266544117647059,,True,0.0,0.85,0.05
highway,Two-stage without physics,0.9514563106796117,0.762962962962963,0.014705882352941176,0.8092989451451379,0.7266544117647059,,True,0.0,0.85,0.1
highway,Two-stage without physics,0.9514563106796117,0.762962962962963,0.014705882352941176,0.8092989451451379,0.7266544117647059,,True,0.0,0.85,0.15
highway,Two-stage without physics,0.9514563106796117,0.762962962962963,0.014705882352941176,0.8092989451451379,0.7266544117647059,,True,0.0,0.85,0.2
highway,Two-stage without physics,0.9514563106796117,0.762962962962963,0.014705882352941176,0.8092989451451379,0.7266544117647059,,True,0.0,0.85,0.25
highway,Two-stage without physics,0.9514563106796117,0.762962962962963,0.014705882352941176,0.8092989451451379,0.7266544117647059,,True,0.0,0.85,0.3
highway,Two-stage without physics,0.9514563106796117,0.762962962962963,0.014705882352941176,0.8092989451451379,0.7266544117647059,,True,0.0,0.85,0.35
highway,Two-stage without physics,0.9509803921568627,0.7555555555555555,0.0,0.8051153178271823,0.7193014705882353,,True,0.0,0.85,0.4
highway,Two-stage without physics,0.9504950495049505,0.7481481481481481,0.0,0.8008029635148279,0.7119485294117647,,True,0.0,0.85,0.45
highway,Two-stage without physics,0.96875,0.7111111111111111,0.0,0.7933125713932883,0.689889705882353,,True,0.0,0.85,0.5
highway,Two-stage without physics,0.967741935483871,0.6888888888888889,0.0,0.7783307311995836,0.666452205882353,,True,0.0,0.85,0.55
highway,Two-stage without physics,0.978021978021978,0.674074074074074,0.0,0.7763888888888889,0.658639705882353,,True,0.0,0.85,0.6
highway,Two-stage without physics,0.975609756097561,0.6074074074074074,0.0,0.7263443256090316,0.5906250000000001,,True,0.0,0.85,0.65
highway,Two-stage without physics,0.9873417721518988,0.5851851851851851,0.0,0.7178668763102725,0.5759191176470588,,True,0.0,0.85,0.7
highway,Two-stage without physics,1.0,0.5481481481481482,0.0,0.6945861678004535,0.5460477941176471,,True,0.0,0.85,0.75
highway,Two-stage without physics,1.0,0.5111111111111111,0.0,0.6569444444444444,0.5088235294117648,,True,0.0,0.85,0.8
highway,Two-stage without physics,1.0,0.45925925925925926,0.0,0.6020634349431975,0.45505514705882355,,True,0.0,0.85,0.85
highway,Two-stage without physics,1.0,0.4,0.0,0.527719005819284,0.39598214285714284,,True,0.0,0.85,0.9
highway,Two-stage without physics,1.0,0.31851851851851853,0.0,0.4206213977953109,0.31322216386554624,,True,0.0,0.85,0.95
highway,Two-stage without physics,0.9494949494949495,0.7333333333333333,0.0,0.7847993483461918,0.6969931722689076,,True,0.0,0.9,0.05
highway,Two-stage without physics,0.9494949494949495,0.7333333333333333,0.0,0.7847993483461918,0.6969931722689076,,True,0.0,0.9,0.1
highway,Two-stage without physics,0.9494949494949495,0.7333333333333333,0.0,0.7847993483461918,0.6969931722689076,,True,0.0,0.9,0.15
highway,Two-stage without physics,0.9494949494949495,0.7333333333333333,0.0,0.7847993483461918,0.6969931722689076,,True,0.0,0.9,0.2
highway,Two-stage without physics,0.9494949494949495,0.7333333333333333,0.0,0.7847993483461918,0.6969931722689076,,True,0.0,0.9,0.25
highway,Two-stage without physics,0.9494949494949495,0.7333333333333333,0.0,0.7847993483461918,0.6969931722689076,,True,0.0,0.9,0.3
highway,Two-stage without physics,0.9494949494949495,0.7333333333333333,0.0,0.7847993483461918,0.6969931722689076,,True,0.0,0.9,0.35
highway,Two-stage without physics,0.9489795918367347,0.725925925925926,0.0,0.7806157210282362,0.689640231092437,,True,0.0,0.9,0.4
highway,Two-stage without physics,0.9484536082474226,0.7185185185185186,0.0,0.7763033667158818,0.6822872899159664,,True,0.0,0.9,0.45
highway,Two-stage without physics,0.967391304347826,0.6814814814814815,0.0,0.7686119922587622,0.6602284663865546,,True,0.0,0.9,0.5
highway,Two-stage without physics,0.9662921348314607,0.6592592592592592,0.0,0.7530947508794519,0.6367909663865546,,True,0.0,0.9,0.55
highway,Two-stage without physics,0.9770114942528736,0.6444444444444445,0.0,0.7509544958703445,0.6289784663865546,,True,0.0,0.9,0.6
highway,Two-stage without physics,0.9746835443037974,0.5851851851851851,0.0,0.7064654881460426,0.5687762605042017,,True,0.0,0.9,0.65
highway,Two-stage without physics,0.9868421052631579,0.562962962962963,0.0,0.6979880388472836,0.5540703781512605,,True,0.0,0.9,0.7
highway,Two-stage without physics,1.0,0.5259259259259259,0.0,0.6747073303374647,0.5241990546218487,,True,0.0,0.9,0.75
highway,Two-stage without physics,1.0,0.4888888888888889,0.0,0.6370656069814555,0.4869747899159664,,True,0.0,0.9,0.8
highway,Two-stage without physics,1.0,0.43703703703703706,0.0,0.5815074980866429,0.43320640756302525,,True,0.0,0.9,0.85
highway,Two-stage without physics,1.0,0.3851851851851852,0.0,0.5116433557010807,0.3812762605042017,,True,0.0,0.9,0.9
highway,Two-stage without physics,1.0,0.3037037037037037,0.0,0.40382297882297885,0.298516281512605,,True,0.0,0.9,0.95
highway,Two-stage without physics,0.9444444444444444,0.6666666666666666,0.0,0.7254035503485401,0.6318671218487395,,True,0.0,0.95,0.05
highway,Two-stage without physics,0.9444444444444444,0.6666666666666666,0.0,0.7254035503485401,0.6318671218487395,,True,0.0,0.95,0.1
highway,Two-stage without physics,0.9444444444444444,0.6666666666666666,0.0,0.7254035503485401,0.6318671218487395,,True,0.0,0.95,0.15
highway,Two-stage without physics,0.9444444444444444,0.6666666666666666,0.0,0.7254035503485401,0.6318671218487395,,True,0.0,0.95,0.2
highway,Two-stage without physics,0.9444444444444444,0.6666666666666666,0.0,0.7254035503485401,0.6318671218487395,,True,0.0,0.95,0.25
highway,Two-stage without physics,0.9444444444444444,0.6666666666666666,0.0,0.7254035503485401,0.6318671218487395,,True,0.0,0.95,0.3
highway,Two-stage without physics,0.9444444444444444,0.6666666666666666,0.0,0.7254035503485401,0.6318671218487395,,True,0.0,0.95,0.35
highway,Two-stage without physics,0.9438202247191011,0.6592592592592592,0.0,0.7212199230305845,0.6245141806722689,,True,0.0,0.95,0.4
highway,Two-stage without physics,0.9431818181818182,0.6518518518518519,0.0,0.7169075687182301,0.6171612394957984,,True,0.0,0.95,0.45
highway,Two-stage without physics,0.963855421686747,0.6148148148148148,0.0,0.7086558255446417,0.5951024159663866,,True,0.0,0.95,0.5
highway,Two-stage without physics,0.9625,0.5925925925925926,0.0,0.6931385841653314,0.5716649159663866,,True,0.0,0.95,0.55
highway,Two-stage without physics,0.9743589743589743,0.5777777777777777,0.0,0.6909983291562238,0.5638524159663866,,True,0.0,0.95,0.6
highway,Two-stage without physics,0.9714285714285714,0.5185185185185185,0.0,0.6465093214319221,0.5036502100840337,,True,0.0,0.95,0.65
highway,Two-stage without physics,0.9850746268656716,0.4962962962962963,0.0,0.638031872133163,0.4889443277310924,,True,0.0,0.95,0.7
highway,Two-stage without physics,1.0,0.45925925925925926,0.0,0.614751163623344,0.4590730042016807,,True,0.0,0.95,0.75
highway,Two-stage without physics,1.0,0.4222222222222222,0.0,0.5771094402673349,0.4218487394957983,,True,0.0,0.95,0.8
highway,Two-stage without physics,1.0,0.37777777777777777,0.0,0.5297638917589957,0.37543329831932776,,True,0.0,0.95,0.85
highway,Two-stage without physics,1.0,0.32592592592592595,0.0,0.45989974937343353,0.3235031512605042,,True,0.0,0.95,0.9
highway,Two-stage without physics,1.0,0.24444444444444444,0.0,0.34903731733000026,0.24074317226890754,,True,0.0,0.95,0.95
highway,PhyGuard,0.9481481481481482,1.0,0.5588235294117647,0.9469244640352635,0.9469012605042018,,False,10.176470588235293,0.05,0.05
highway,PhyGuard,0.9481481481481482,1.0,0.5588235294117647,0.9469244640352635,0.9469012605042018,,False,10.176470588235293,0.05,0.1
highway,PhyGuard,0.9481481481481482,1.0,0.5588235294117647,0.9469244640352635,0.9469012605042018,,False,10.176470588235293,0.05,0.15
highway,PhyGuard,0.9481481481481482,1.0,0.5588235294117647,0.9469244640352635,0.9469012605042018,,False,10.176470588235293,0.05,0.2
highway,PhyGuard,0.9481481481481482,1.0,0.5588235294117647,0.9469244640352635,0.9469012605042018,,False,10.176470588235293,0.05,0.25
highway,PhyGuard,0.9481481481481482,1.0,0.5147058823529411,0.9469244640352635,0.9469012605042018,,False,9.294117647058822,0.05,0.3
highway,PhyGuard,0.9481481481481482,1.0,0.4852941176470588,0.9469244640352635,0.9469012605042018,,False,8.705882352941176,0.05,0.35
highway,PhyGuard,0.9545454545454546,0.9777777777777777,0.4264705882352941,0.9420062750688301,0.9317358193277311,,False,7.529411764705882,0.05,0.4
highway,PhyGuard,0.96875,0.9481481481481482,0.35294117647058826,0.9408305462653289,0.91702993697479,,False,6.058823529411765,0.05,0.45
highway,PhyGuard,0.9758064516129032,0.9185185185185185,0.20588235294117646,0.9306440529735133,0.8940519957983193,,False,3.1176470588235294,0.05,0.5
highway,PhyGuard,0.9747899159663865,0.8814814814814815,0.14705882352941177,0.9080898168869798,0.856827731092437,,False,1.9411764705882353,0.05,0.55
highway,PhyGuard,0.9819819819819819,0.8222222222222222,0.08823529411764706,0.8763010540184454,0.804438025210084,,False,0.7647058823529412,0.05,0.6
highway,PhyGuard,0.9814814814814815,0.8,0.07352941176470588,0.859298481119646,0.7814600840336134,,False,0.47058823529411764,0.05,0.65
highway,PhyGuard,0.9807692307692307,0.7703703703703704,0.058823529411764705,0.8393700452124365,0.7515887605042018,,False,0.17647058823529405,0.05,0.7
highway,PhyGuard,0.9894736842105263,0.7037037037037037,0.029411764705882353,0.7980204198571802,0.6918461134453782,,True,0.0,0.05,0.75
highway,PhyGuard,1.0,0.6296296296296297,0.014705882352941176,0.7421622522072298,0.6252100840336136,,True,0.0,0.05,0.8
highway,PhyGuard,1.0,0.5481481481481482,0.0,0.6761320612489298,0.5433692226890756,,True,0.0,0.05,0.85
highway,PhyGuard,1.0,0.4740740740740741,0.0,0.5978937728937728,0.4688813025210084,,True,0.0,0.05,0.9
highway,PhyGuard,1.0,0.35555555555555557,0.0,0.45265644182694875,0.3495667016806723,,True,0.0,0.05,0.95
highway,PhyGuard,0.9541984732824428,0.9703703703703703,0.29411764705882354,0.9383783151243072,0.9243828781512604,,False,4.882352941176471,0.1,0.05
highway,PhyGuard,0.9541984732824428,0.9703703703703703,0.29411764705882354,0.9383783151243072,0.9243828781512604,,False,4.882352941176471,0.1,0.1
highway,PhyGuard,0.9541984732824428,0.9703703703703703,0.29411764705882354,0.9383783151243072,0.9243828781512604,,False,4.882352941176471,0.1,0.15
highway,PhyGuard,0.9541984732824428,0.9703703703703703,0.29411764705882354,0.9383783151243072,0.9243828781512604,,False,4.882352941176471,0.1,0.2
highway,PhyGuard,0.9541984732824428,0.9703703703703703,0.29411764705882354,0.9383783151243072,0.9243828781512604,,False,4.882352941176471,0.1,0.25
highway,PhyGuard,0.9541984732824428,0.9703703703703703,0.25,0.9383783151243072,0.9243828781512604,,False,4.0,0.1,0.3
highway,PhyGuard,0.9541984732824428,0.9703703703703703,0.23529411764705882,0.9383783151243072,0.9243828781512604,,False,3.7058823529411766,0.1,0.35
highway,PhyGuard,0.9534883720930233,0.9555555555555556,0.19117647058823528,0.9297906248807115,0.9092174369747898,,False,2.8235294117647056,0.1,0.4
highway,PhyGuard,0.968,0.9259259259259259,0.14705882352941177,0.9285986878712271,0.8945115546218487,,False,1.9411764705882353,0.1,0.45
highway,PhyGuard,0.9754098360655737,0.9037037037037037,0.07352941176470588,0.9230682953977557,0.8793461134453782,,False,0.47058823529411764,0.1,0.5
highway,PhyGuard,0.9745762711864406,0.8740740740740741,0.04411764705882353,0.9042454025948042,0.8494747899159664,,True,0.0,0.1,0.55
highway,PhyGuard,0.9818181818181818,0.8148148148148148,0.014705882352941176,0.8723383500557413,0.7970850840336134,,True,0.0,0.1,0.6
highway,PhyGuard,0.9813084112149533,0.7925925925925926,0.014705882352941176,0.8553357771569421,0.7741071428571429,,True,0.0,0.1,0.65
highway,PhyGuard,0.9805825242718447,0.762962962962963,0.014705882352941176,0.8351537753711666,0.7442358193277312,,True,0.0,0.1,0.7
highway,PhyGuard,0.9893617021276596,0.6962962962962963,0.014705882352941176,0.7933756111140108,0.6844931722689076,,True,0.0,0.1,0.75
highway,PhyGuard,1.0,0.6222222222222222,0.0,0.7370200864480041,0.6178571428571429,,True,0.0,0.1,0.8
highway,PhyGuard,1.0,0.5481481481481482,0.0,0.6761320612489298,0.5433692226890756,,True,0.0,0.1,0.85
highway,PhyGuard,1.0,0.4740740740740741,0.0,0.5978937728937728,0.4688813025210084,,True,0.0,0.1,0.9
highway,PhyGuard,1.0,0.35555555555555557,0.0,0.45265644182694875,0.3495667016806723,,True,0.0,0.1,0.95
highway,PhyGuard,0.9538461538461539,0.9629629629629629,0.23529411764705882,0.9344208298235384,0.9170299369747898,,False,3.7058823529411766,0.15,0.05
highway,PhyGuard,0.9538461538461539,0.9629629629629629,0.23529411764705882,0.9344208298235384,0.9170299369747898,,False,3.7058823529411766,0.15,0.1
highway,PhyGuard,0.9538461538461539,0.9629629629629629,0.23529411764705882,0.9344208298235384,0.9170299369747898,,False,3.7058823529411766,0.15,0.15
highway,PhyGuard,0.9538461538461539,0.9629629629629629,0.23529411764705882,0.9344208298235384,0.9170299369747898,,False,3.7058823529411766,0.15,0.2
highway,PhyGuard,0.9538461538461539,0.9629629629629629,0.23529411764705882,0.9344208298235384,0.9170299369747898,,False,3.7058823529411766,0.15,0.25
highway,PhyGuard,0.9538461538461539,0.9629629629629629,0.19117647058823528,0.9344208298235384,0.9170299369747898,,False,2.8235294117647056,0.15,0.3
highway,PhyGuard,0.9538461538461539,0.9629629629629629,0.17647058823529413,0.9344208298235384,0.9170299369747898,,False,2.5294117647058822,0.15,0.35
highway,PhyGuard,0.953125,0.9481481481481482,0.1323529411764706,0.9258331395799426,0.9018644957983193,,False,1.6470588235294117,0.15,0.4
highway,PhyGuard,0.967741935483871,0.9185185185185185,0.10294117647058823,0.9246412025704582,0.8871586134453782,,False,1.0588235294117645,0.15,0.45
highway,PhyGuard,0.9752066115702479,0.8962962962962963,0.058823529411764705,0.9191055914350517,0.8719931722689076,,False,0.17647058823529405,0.15,0.5
highway,PhyGuard,0.9743589743589743,0.8666666666666667,0.029411764705882353,0.9002826986321003,0.8421218487394958,,True,0.0,0.15,0.55
highway,PhyGuard,0.981651376146789,0.8074074074074075,0.014705882352941176,0.868251811594203,0.7897321428571429,,True,0.0,0.15,0.6
highway,PhyGuard,0.9811320754716981,0.7851851851851852,0.014705882352941176,0.8512492386954036,0.7667542016806723,,True,0.0,0.15,0.65
highway,PhyGuard,0.9803921568627451,0.7555555555555555,0.014705882352941176,0.8308014968253398,0.7368828781512604,,True,0.0,0.15,0.7
highway,PhyGuard,0.9893617021276596,0.6962962962962963,0.014705882352941176,0.7933756111140108,0.6844931722689076,,True,0.0,0.15,0.75
highway,PhyGuard,1.0,0.6222222222222222,0.0,0.7370200864480041,0.6178571428571429,,True,0.0,0.15,0.8
highway,PhyGuard,1.0,0.5481481481481482,0.0,0.6761320612489298,0.5433692226890756,,True,0.0,0.15,0.85
highway,PhyGuard,1.0,0.4740740740740741,0.0,0.5978937728937728,0.4688813025210084,,True,0.0,0.15,0.9
highway,PhyGuard,1.0,0.35555555555555557,0.0,0.45265644182694875,0.3495667016806723,,True,0.0,0.15,0.95
highway,PhyGuard,0.9534883720930233,0.9555555555555556,0.16176470588235295,0.9306910770528649,0.9098870798319327,,False,2.235294117647059,0.2,0.05
highway,PhyGuard,0.9534883720930233,0.9555555555555556,0.16176470588235295,0.9306910770528649,0.9098870798319327,,False,2.235294117647059,0.2,0.1
highway,PhyGuard,0.9534883720930233,0.9555555555555556,0.16176470588235295,0.9306910770528649,0.9098870798319327,,False,2.235294117647059,0.2,0.15
highway,PhyGuard,0.9534883720930233,0.9555555555555556,0.16176470588235295,0.9306910770528649,0.9098870798319327,,False,2.235294117647059,0.2,0.2
highway,PhyGuard,0.9534883720930233,0.9555555555555556,0.16176470588235295,0.9306910770528649,0.9098870798319327,,False,2.235294117647059,0.2,0.25
highway,PhyGuard,0.9534883720930233,0.9555555555555556,0.1323529411764706,0.9306910770528649,0.9098870798319327,,False,1.6470588235294117,0.2,0.3
highway,PhyGuard,0.9534883720930233,0.9555555555555556,0.11764705882352941,0.9306910770528649,0.9098870798319327,,False,1.352941176470588,0.2,0.35
highway,PhyGuard,0.952755905511811,0.9407407407407408,0.08823529411764706,0.9221033868092692,0.8947216386554621,,False,0.7647058823529412,0.2,0.4
highway,PhyGuard,0.967479674796748,0.9111111111111111,0.07352941176470588,0.9209114497997848,0.8800157563025209,,False,0.47058823529411764,0.2,0.45
highway,PhyGuard,0.975,0.8888888888888888,0.04411764705882353,0.9153758386643782,0.8648503151260503,,True,0.0,0.2,0.5
highway,PhyGuard,0.9741379310344828,0.8592592592592593,0.014705882352941176,0.8965529458614269,0.8349789915966386,,True,0.0,0.2,0.55
highway,PhyGuard,0.9814814814814815,0.8,0.014705882352941176,0.8645220588235294,0.7825892857142857,,True,0.0,0.2,0.6
highway,PhyGuard,0.9809523809523809,0.7777777777777778,0.014705882352941176,0.8475194859247301,0.7596113445378151,,True,0.0,0.2,0.65
highway,PhyGuard,0.9801980198019802,0.7481481481481481,0.014705882352941176,0.8270717440546662,0.7297400210084033,,True,0.0,0.2,0.7
highway,PhyGuard,0.989247311827957,0.6888888888888889,0.014705882352941176,0.7896458583433373,0.6773503151260505,,True,0.0,0.2,0.75
highway,PhyGuard,1.0,0.6148148148148148,0.0,0.7332903336773305,0.6107142857142858,,True,0.0,0.2,0.8
highway,PhyGuard,1.0,0.5407407407407407,0.0,0.6721745759481609,0.5362263655462185,,True,0.0,0.2,0.85
highway,PhyGuard,1.0,0.4740740740740741,0.0,0.5978937728937728,0.4688813025210084,,True,0.0,0.2,0.9
highway,PhyGuard,1.0,0.35555555555555557,0.0,0.45265644182694875,0.3495667016806723,,True,0.0,0.2,0.95
highway,PhyGuard,0.9534883720930233,0.9555555555555556,0.14705882352941177,0.9306910770528649,0.9098870798319327,,False,1.9411764705882353,0.25,0.05
highway,PhyGuard,0.9534883720930233,0.9555555555555556,0.14705882352941177,0.9306910770528649,0.9098870798319327,,False,1.9411764705882353,0.25,0.1
highway,PhyGuard,0.9534883720930233,0.9555555555555556,0.14705882352941177,0.9306910770528649,0.9098870798319327,,False,1.9411764705882353,0.25,0.15
highway,PhyGuard,0.9534883720930233,0.9555555555555556,0.14705882352941177,0.9306910770528649,0.9098870798319327,,False,1.9411764705882353,0.25,0.2
highway,PhyGuard,0.9534883720930233,0.9555555555555556,0.14705882352941177,0.9306910770528649,0.9098870798319327,,False,1.9411764705882353,0.25,0.25
highway,PhyGuard,0.9534883720930233,0.9555555555555556,0.11764705882352941,0.9306910770528649,0.9098870798319327,,False,1.352941176470588,0.25,0.3
highway,PhyGuard,0.9534883720930233,0.9555555555555556,0.10294117647058823,0.9306910770528649,0.9098870798319327,,False,1.0588235294117645,0.25,0.35
highway,PhyGuard,0.952755905511811,0.9407407407407408,0.07352941176470588,0.9221033868092692,0.8947216386554621,,False,0.47058823529411764,0.25,0.4
highway,PhyGuard,0.967479674796748,0.9111111111111111,0.058823529411764705,0.9209114497997848,0.8800157563025209,,False,0.17647058823529405,0.25,0.45
highway,PhyGuard,0.975,0.8888888888888888,0.04411764705882353,0.9153758386643782,0.8648503151260503,,True,0.0,0.25,0.5
highway,PhyGuard,0.9741379310344828,0.8592592592592593,0.014705882352941176,0.8965529458614269,0.8349789915966386,,True,0.0,0.25,0.55
highway,PhyGuard,0.9814814814814815,0.8,0.014705882352941176,0.8645220588235294,0.7825892857142857,,True,0.0,0.25,0.6
highway,PhyGuard,0.9809523809523809,0.7777777777777778,0.014705882352941176,0.8475194859247301,0.7596113445378151,,True,0.0,0.25,0.65
highway,PhyGuard,0.9801980198019802,0.7481481481481481,0.014705882352941176,0.8270717440546662,0.7297400210084033,,True,0.0,0.25,0.7
highway,PhyGuard,0.989247311827957,0.6888888888888889,0.014705882352941176,0.7896458583433373,0.6773503151260505,,True,0.0,0.25,0.75
highway,PhyGuard,1.0,0.6148148148148148,0.0,0.7332903336773305,0.6107142857142858,,True,0.0,0.25,0.8
highway,PhyGuard,1.0,0.5407407407407407,0.0,0.6721745759481609,0.5362263655462185,,True,0.0,0.25,0.85
highway,PhyGuard,1.0,0.4740740740740741,0.0,0.5978937728937728,0.4688813025210084,,True,0.0,0.25,0.9
highway,PhyGuard,1.0,0.35555555555555557,0.0,0.45265644182694875,0.3495667016806723,,True,0.0,0.25,0.95
highway,PhyGuard,0.9534883720930233,0.9555555555555556,0.14705882352941177,0.9306910770528649,0.9098870798319327,,False,1.9411764705882353,0.3,0.05
highway,PhyGuard,0.9534883720930233,0.9555555555555556,0.14705882352941177,0.9306910770528649,0.9098870798319327,,False,1.9411764705882353,0.3,0.1
highway,PhyGuard,0.9534883720930233,0.9555555555555556,0.14705882352941177,0.9306910770528649,0.9098870798319327,,False,1.9411764705882353,0.3,0.15
highway,PhyGuard,0.9534883720930233,0.9555555555555556,0.14705882352941177,0.9306910770528649,0.9098870798319327,,False,1.9411764705882353,0.3,0.2
highway,PhyGuard,0.9534883720930233,0.9555555555555556,0.14705882352941177,0.9306910770528649,0.9098870798319327,,False,1.9411764705882353,0.3,0.25
highway,PhyGuard,0.9534883720930233,0.9555555555555556,0.11764705882352941,0.9306910770528649,0.9098870798319327,,False,1.352941176470588,0.3,0.3
highway,PhyGuard,0.9534883720930233,0.9555555555555556,0.10294117647058823,0.9306910770528649,0.9098870798319327,,False,1.0588235294117645,0.3,0.35
highway,PhyGuard,0.952755905511811,0.9407407407407408,0.07352941176470588,0.9221033868092692,0.8947216386554621,,False,0.47058823529411764,0.3,0.4
highway,PhyGuard,0.967479674796748,0.9111111111111111,0.058823529411764705,0.9209114497997848,0.8800157563025209,,False,0.17647058823529405,0.3,0.45
highway,PhyGuard,0.975,0.8888888888888888,0.04411764705882353,0.9153758386643782,0.8648503151260503,,True,0.0,0.3,0.5
highway,PhyGuard,0.9741379310344828,0.8592592592592593,0.014705882352941176,0.8965529458614269,0.8349789915966386,,True,0.0,0.3,0.55
highway,PhyGuard,0.9814814814814815,0.8,0.014705882352941176,0.8645220588235294,0.7825892857142857,,True,0.0,0.3,0.6
highway,PhyGuard,0.9809523809523809,0.7777777777777778,0.014705882352941176,0.8475194859247301,0.7596113445378151,,True,0.0,0.3,0.65
highway,PhyGuard,0.9801980198019802,0.7481481481481481,0.014705882352941176,0.8270717440546662,0.7297400210084033,,True,0.0,0.3,0.7
highway,PhyGuard,0.989247311827957,0.6888888888888889,0.014705882352941176,0.7896458583433373,0.6773503151260505,,True,0.0,0.3,0.75
highway,PhyGuard,1.0,0.6148148148148148,0.0,0.7332903336773305,0.6107142857142858,,True,0.0,0.3,0.8
highway,PhyGuard,1.0,0.5407407407407407,0.0,0.6721745759481609,0.5362263655462185,,True,0.0,0.3,0.85
highway,PhyGuard,1.0,0.4740740740740741,0.0,0.5978937728937728,0.4688813025210084,,True,0.0,0.3,0.9
highway,PhyGuard,1.0,0.35555555555555557,0.0,0.45265644182694875,0.3495667016806723,,True,0.0,0.3,0.95
highway,PhyGuard,0.9523809523809523,0.9333333333333333,0.11764705882352941,0.9180648144266023,0.887828256302521,,False,1.352941176470588,0.35,0.05
highway,PhyGuard,0.9523809523809523,0.9333333333333333,0.11764705882352941,0.9180648144266023,0.887828256302521,,False,1.352941176470588,0.35,0.1
highway,PhyGuard,0.9523809523809523,0.9333333333333333,0.11764705882352941,0.9180648144266023,0.887828256302521,,False,1.352941176470588,0.35,0.15
highway,PhyGuard,0.9523809523809523,0.9333333333333333,0.11764705882352941,0.9180648144266023,0.887828256302521,,False,1.352941176470588,0.35,0.2
highway,PhyGuard,0.9523809523809523,0.9333333333333333,0.11764705882352941,0.9180648144266023,0.887828256302521,,False,1.352941176470588,0.35,0.25
highway,PhyGuard,0.9523809523809523,0.9333333333333333,0.10294117647058823,0.9180648144266023,0.887828256302521,,False,1.0588235294117645,0.35,0.3
highway,PhyGuard,0.9523809523809523,0.9333333333333333,0.08823529411764706,0.9180648144266023,0.887828256302521,,False,0.7647058823529412,0.35,0.35
highway,PhyGuard,0.9516129032258065,0.9185185185185185,0.058823529411764705,0.9094771241830065,0.8726628151260504,,False,0.17647058823529405,0.35,0.4
highway,PhyGuard,0.9666666666666667,0.8888888888888888,0.04411764705882353,0.9082851871735221,0.8579569327731092,,True,0.0,0.35,0.45
highway,PhyGuard,0.9743589743589743,0.8666666666666667,0.029411764705882353,0.902720751815743,0.8427914915966386,,True,0.0,0.35,0.5
highway,PhyGuard,0.9734513274336283,0.837037037037037,0.014705882352941176,0.8838978590127916,0.8129201680672269,,True,0.0,0.35,0.55
highway,PhyGuard,0.9809523809523809,0.7777777777777778,0.014705882352941176,0.8514585342333655,0.760530462184874,,True,0.0,0.35,0.6
highway,PhyGuard,0.9803921568627451,0.7555555555555555,0.014705882352941176,0.8344559613345661,0.7375525210084034,,True,0.0,0.35,0.65
highway,PhyGuard,0.9795918367346939,0.725925925925926,0.014705882352941176,0.8131296992214241,0.7076811974789916,,True,0.0,0.35,0.7
highway,PhyGuard,0.9891304347826086,0.6814814814814815,0.014705882352941176,0.7848435984563317,0.6699973739495799,,True,0.0,0.35,0.75
highway,PhyGuard,1.0,0.6074074074074074,0.0,0.7279645191409897,0.6033613445378151,,True,0.0,0.35,0.8
highway,PhyGuard,1.0,0.5407407407407407,0.0,0.6721745759481609,0.5362263655462185,,True,0.0,0.35,0.85
highway,PhyGuard,1.0,0.4740740740740741,0.0,0.5978937728937728,0.4688813025210084,,True,0.0,0.35,0.9
highway,PhyGuard,1.0,0.35555555555555557,0.0,0.45265644182694875,0.3495667016806723,,True,0.0,0.35,0.95
highway,PhyGuard,0.9523809523809523,0.9333333333333333,0.10294117647058823,0.9180648144266023,0.887828256302521,,False,1.0588235294117645,0.4,0.05
highway,PhyGuard,0.9523809523809523,0.9333333333333333,0.10294117647058823,0.9180648144266023,0.887828256302521,,False,1.0588235294117645,0.4,0.1
highway,PhyGuard,0.9523809523809523,0.9333333333333333,0.10294117647058823,0.9180648144266023,0.887828256302521,,False,1.0588235294117645,0.4,0.15
highway,PhyGuard,0.9523809523809523,0.9333333333333333,0.10294117647058823,0.9180648144266023,0.887828256302521,,False,1.0588235294117645,0.4,0.2
highway,PhyGuard,0.9523809523809523,0.9333333333333333,0.10294117647058823,0.9180648144266023,0.887828256302521,,False,1.0588235294117645,0.4,0.25
highway,PhyGuard,0.9523809523809523,0.9333333333333333,0.08823529411764706,0.9180648144266023,0.887828256302521,,False,0.7647058823529412,0.4,0.3
highway,PhyGuard,0.9523809523809523,0.9333333333333333,0.07352941176470588,0.9180648144266023,0.887828256302521,,False,0.47058823529411764,0.4,0.35
highway,PhyGuard,0.9516129032258065,0.9185185185185185,0.04411764705882353,0.9094771241830065,0.8726628151260504,,True,0.0,0.4,0.4
highway,PhyGuard,0.9666666666666667,0.8888888888888888,0.04411764705882353,0.9082851871735221,0.8579569327731092,,True,0.0,0.4,0.45
highway,PhyGuard,0.9743589743589743,0.8666666666666667,0.029411764705882353,0.902720751815743,0.8427914915966386,,True,0.0,0.4,0.5
highway,PhyGuard,0.9734513274336283,0.837037037037037,0.014705882352941176,0.8838978590127916,0.8129201680672269,,True,0.0,0.4,0.55
highway,PhyGuard,0.9809523809523809,0.7777777777777778,0.014705882352941176,0.8514585342333655,0.760530462184874,,True,0.0,0.4,0.6
highway,PhyGuard,0.9803921568627451,0.7555555555555555,0.014705882352941176,0.8344559613345661,0.7375525210084034,,True,0.0,0.4,0.65
highway,PhyGuard,0.9795918367346939,0.725925925925926,0.014705882352941176,0.8131296992214241,0.7076811974789916,,True,0.0,0.4,0.7
highway,PhyGuard,0.9891304347826086,0.6814814814814815,0.014705882352941176,0.7848435984563317,0.6699973739495799,,True,0.0,0.4,0.75
highway,PhyGuard,1.0,0.6074074074074074,0.0,0.7279645191409897,0.6033613445378151,,True,0.0,0.4,0.8
highway,PhyGuard,1.0,0.5407407407407407,0.0,0.6721745759481609,0.5362263655462185,,True,0.0,0.4,0.85
highway,PhyGuard,1.0,0.4740740740740741,0.0,0.5978937728937728,0.4688813025210084,,True,0.0,0.4,0.9
highway,PhyGuard,1.0,0.35555555555555557,0.0,0.45265644182694875,0.3495667016806723,,True,0.0,0.4,0.95
highway,PhyGuard,0.9523809523809523,0.9333333333333333,0.10294117647058823,0.9180648144266023,0.887828256302521,,False,1.0588235294117645,0.45,0.05
highway,PhyGuard,0.9523809523809523,0.9333333333333333,0.10294117647058823,0.9180648144266023,0.887828256302521,,False,1.0588235294117645,0.45,0.1
highway,PhyGuard,0.9523809523809523,0.9333333333333333,0.10294117647058823,0.9180648144266023,0.887828256302521,,False,1.0588235294117645,0.45,0.15
highway,PhyGuard,0.9523809523809523,0.9333333333333333,0.10294117647058823,0.9180648144266023,0.887828256302521,,False,1.0588235294117645,0.45,0.2
highway,PhyGuard,0.9523809523809523,0.9333333333333333,0.10294117647058823,0.9180648144266023,0.887828256302521,,False,1.0588235294117645,0.45,0.25
highway,PhyGuard,0.9523809523809523,0.9333333333333333,0.08823529411764706,0.9180648144266023,0.887828256302521,,False,0.7647058823529412,0.45,0.3
highway,PhyGuard,0.9523809523809523,0.9333333333333333,0.07352941176470588,0.9180648144266023,0.887828256302521,,False,0.47058823529411764,0.45,0.35
highway,PhyGuard,0.9516129032258065,0.9185185185185185,0.04411764705882353,0.9094771241830065,0.8726628151260504,,True,0.0,0.45,0.4
highway,PhyGuard,0.9666666666666667,0.8888888888888888,0.04411764705882353,0.9082851871735221,0.8579569327731092,,True,0.0,0.45,0.45
highway,PhyGuard,0.9743589743589743,0.8666666666666667,0.029411764705882353,0.902720751815743,0.8427914915966386,,True,0.0,0.45,0.5
highway,PhyGuard,0.9734513274336283,0.837037037037037,0.014705882352941176,0.8838978590127916,0.8129201680672269,,True,0.0,0.45,0.55
highway,PhyGuard,0.9809523809523809,0.7777777777777778,0.014705882352941176,0.8514585342333655,0.760530462184874,,True,0.0,0.45,0.6
highway,PhyGuard,0.9803921568627451,0.7555555555555555,0.014705882352941176,0.8344559613345661,0.7375525210084034,,True,0.0,0.45,0.65
highway,PhyGuard,0.9795918367346939,0.725925925925926,0.014705882352941176,0.8131296992214241,0.7076811974789916,,True,0.0,0.45,0.7
highway,PhyGuard,0.9891304347826086,0.6814814814814815,0.014705882352941176,0.7848435984563317,0.6699973739495799,,True,0.0,0.45,0.75
highway,PhyGuard,1.0,0.6074074074074074,0.0,0.7279645191409897,0.6033613445378151,,True,0.0,0.45,0.8
highway,PhyGuard,1.0,0.5407407407407407,0.0,0.6721745759481609,0.5362263655462185,,True,0.0,0.45,0.85
highway,PhyGuard,1.0,0.4740740740740741,0.0,0.5978937728937728,0.4688813025210084,,True,0.0,0.45,0.9
highway,PhyGuard,1.0,0.35555555555555557,0.0,0.45265644182694875,0.3495667016806723,,True,0.0,0.45,0.95
highway,PhyGuard,0.952,0.9259259259259259,0.08823529411764706,0.9141219329261759,0.8804753151260504,,False,0.7647058823529412,0.5,0.05
highway,PhyGuard,0.952,0.9259259259259259,0.08823529411764706,0.9141219329261759,0.8804753151260504,,False,0.7647058823529412,0.5,0.1
highway,PhyGuard,0.952,0.9259259259259259,0.08823529411764706,0.9141219329261759,0.8804753151260504,,False,0.7647058823529412,0.5,0.15
highway,PhyGuard,0.952,0.9259259259259259,0.08823529411764706,0.9141219329261759,0.8804753151260504,,False,0.7647058823529412,0.5,0.2
highway,PhyGuard,0.952,0.9259259259259259,0.08823529411764706,0.9141219329261759,0.8804753151260504,,False,0.7647058823529412,0.5,0.25
highway,PhyGuard,0.952,0.9259259259259259,0.07352941176470588,0.9141219329261759,0.8804753151260504,,False,0.47058823529411764,0.5,0.3
highway,PhyGuard,0.952,0.9259259259259259,0.058823529411764705,0.9141219329261759,0.8804753151260504,,False,0.17647058823529405,0.5,0.35
highway,PhyGuard,0.9512195121951219,0.9111111111111111,0.029411764705882353,0.9054165447273437,0.8653098739495798,,True,0.0,0.5,0.4
highway,PhyGuard,0.9666666666666667,0.8888888888888888,0.029411764705882353,0.9082851871735221,0.8579569327731092,,True,0.0,0.5,0.45
highway,PhyGuard,0.9743589743589743,0.8666666666666667,0.014705882352941176,0.902720751815743,0.8427914915966386,,True,0.0,0.5,0.5
highway,PhyGuard,0.9734513274336283,0.837037037037037,0.014705882352941176,0.8838978590127916,0.8129201680672269,,True,0.0,0.5,0.55
highway,PhyGuard,0.9809523809523809,0.7777777777777778,0.014705882352941176,0.8514585342333655,0.760530462184874,,True,0.0,0.5,0.6
highway,PhyGuard,0.9803921568627451,0.7555555555555555,0.014705882352941176,0.8344559613345661,0.7375525210084034,,True,0.0,0.5,0.65
highway,PhyGuard,0.9795918367346939,0.725925925925926,0.014705882352941176,0.8131296992214241,0.7076811974789916,,True,0.0,0.5,0.7
highway,PhyGuard,0.9891304347826086,0.6814814814814815,0.014705882352941176,0.7848435984563317,0.6699973739495799,,True,0.0,0.5,0.75
highway,PhyGuard,1.0,0.6074074074074074,0.0,0.7279645191409897,0.6033613445378151,,True,0.0,0.5,0.8
highway,PhyGuard,1.0,0.5407407407407407,0.0,0.6721745759481609,0.5362263655462185,,True,0.0,0.5,0.85
highway,PhyGuard,1.0,0.4740740740740741,0.0,0.5978937728937728,0.4688813025210084,,True,0.0,0.5,0.9
highway,PhyGuard,1.0,0.35555555555555557,0.0,0.45265644182694875,0.3495667016806723,,True,0.0,0.5,0.95
highway,PhyGuard,0.952,0.9259259259259259,0.07352941176470588,0.9141219329261759,0.8804753151260504,,False,0.47058823529411764,0.55,0.05
highway,PhyGuard,0.952,0.9259259259259259,0.07352941176470588,0.9141219329261759,0.8804753151260504,,False,0.47058823529411764,0.55,0.1
highway,PhyGuard,0.952,0.9259259259259259,0.07352941176470588,0.9141219329261759,0.8804753151260504,,False,0.47058823529411764,0.55,0.15
highway,PhyGuard,0.952,0.9259259259259259,0.07352941176470588,0.9141219329261759,0.8804753151260504,,False,0.47058823529411764,0.55,0.2
highway,PhyGuard,0.952,0.9259259259259259,0.07352941176470588,0.9141219329261759,0.8804753151260504,,False,0.47058823529411764,0.55,0.25
highway,PhyGuard,0.952,0.9259259259259259,0.058823529411764705,0.9141219329261759,0.8804753151260504,,False,0.17647058823529405,0.55,0.3
highway,PhyGuard,0.952,0.9259259259259259,0.04411764705882353,0.9141219329261759,0.8804753151260504,,True,0.0,0.55,0.35
highway,PhyGuard,0.9512195121951219,0.9111111111111111,0.014705882352941176,0.9054165447273437,0.8653098739495798,,True,0.0,0.55,0.4
highway,PhyGuard,0.9666666666666667,0.8888888888888888,0.014705882352941176,0.9082851871735221,0.8579569327731092,,True,0.0,0.55,0.45
highway,PhyGuard,0.9743589743589743,0.8666666666666667,0.014705882352941176,0.902720751815743,0.8427914915966386,,True,0.0,0.55,0.5
highway,PhyGuard,0.9734513274336283,0.837037037037037,0.014705882352941176,0.8838978590127916,0.8129201680672269,,True,0.0,0.55,0.55
highway,PhyGuard,0.9809523809523809,0.7777777777777778,0.014705882352941176,0.8514585342333655,0.760530462184874,,True,0.0,0.55,0.6
highway,PhyGuard,0.9803921568627451,0.7555555555555555,0.014705882352941176,0.8344559613345661,0.7375525210084034,,True,0.0,0.55,0.65
highway,PhyGuard,0.9795918367346939,0.725925925925926,0.014705882352941176,0.8131296992214241,0.7076811974789916,,True,0.0,0.55,0.7
highway,PhyGuard,0.9891304347826086,0.6814814814814815,0.014705882352941176,0.7848435984563317,0.6699973739495799,,True,0.0,0.55,0.75
highway,PhyGuard,1.0,0.6074074074074074,0.0,0.7279645191409897,0.6033613445378151,,True,0.0,0.55,0.8
highway,PhyGuard,1.0,0.5407407407407407,0.0,0.6721745759481609,0.5362263655462185,,True,0.0,0.55,0.85
highway,PhyGuard,1.0,0.4740740740740741,0.0,0.5978937728937728,0.4688813025210084,,True,0.0,0.55,0.9
highway,PhyGuard,1.0,0.35555555555555557,0.0,0.45265644182694875,0.3495667016806723,,True,0.0,0.55,0.95
highway,PhyGuard,0.9508196721311475,0.9037037037037037,0.07352941176470588,0.9017399780578861,0.858626575630252,,False,0.47058823529411764,0.6,0.05
highway,PhyGuard,0.9508196721311475,0.9037037037037037,0.07352941176470588,0.9017399780578861,0.858626575630252,,False,0.47058823529411764,0.6,0.1
highway,PhyGuard,0.9508196721311475,0.9037037037037037,0.07352941176470588,0.9017399780578861,0.858626575630252,,False,0.47058823529411764,0.6,0.15
highway,PhyGuard,0.9508196721311475,0.9037037037037037,0.07352941176470588,0.9017399780578861,0.858626575630252,,False,0.47058823529411764,0.6,0.2
highway,PhyGuard,0.9508196721311475,0.9037037037037037,0.07352941176470588,0.9017399780578861,0.858626575630252,,False,0.47058823529411764,0.6,0.25
highway,PhyGuard,0.9508196721311475,0.9037037037037037,0.058823529411764705,0.9017399780578861,0.858626575630252,,False,0.17647058823529405,0.6,0.3
highway,PhyGuard,0.9508196721311475,0.9037037037037037,0.04411764705882353,0.9017399780578861,0.858626575630252,,True,0.0,0.6,0.35
highway,PhyGuard,0.95,0.8888888888888888,0.014705882352941176,0.8929115419967611,0.8434611344537815,,True,0.0,0.6,0.4
highway,PhyGuard,0.9658119658119658,0.8666666666666667,0.014705882352941176,0.8956368886839722,0.8361081932773109,,True,0.0,0.6,0.45
highway,PhyGuard,0.9739130434782609,0.8518518518518519,0.014705882352941176,0.8943846869384001,0.8282956932773109,,True,0.0,0.6,0.5
highway,PhyGuard,0.972972972972973,0.8222222222222222,0.014705882352941176,0.8755617941354488,0.7984243697478991,,True,0.0,0.6,0.55
highway,PhyGuard,0.9805825242718447,0.762962962962963,0.014705882352941176,0.8429726368159204,0.7460346638655462,,True,0.0,0.6,0.6
highway,PhyGuard,0.98,0.7407407407407407,0.014705882352941176,0.825970063917121,0.7230567226890756,,True,0.0,0.6,0.65
highway,PhyGuard,0.9791666666666666,0.7111111111111111,0.014705882352941176,0.8043207554916253,0.6931853991596639,,True,0.0,0.6,0.7
highway,PhyGuard,0.9888888888888889,0.6666666666666666,0.014705882352941176,0.7760346547265329,0.6555015756302521,,True,0.0,0.6,0.75
highway,PhyGuard,1.0,0.5925925925925926,0.0,0.7186039499472335,0.5888655462184874,,True,0.0,0.6,0.8
highway,PhyGuard,1.0,0.5407407407407407,0.0,0.6721745759481609,0.5362263655462185,,True,0.0,0.6,0.85
highway,PhyGuard,1.0,0.4740740740740741,0.0,0.5978937728937728,0.4688813025210084,,True,0.0,0.6,0.9
highway,PhyGuard,1.0,0.35555555555555557,0.0,0.45265644182694875,0.3495667016806723,,True,0.0,0.6,0.95
highway,PhyGuard,0.9495798319327731,0.8814814814814815,0.04411764705882353,0.8890584299346938,0.8365283613445378,,True,0.0,0.65,0.05
highway,PhyGuard,0.9495798319327731,0.8814814814814815,0.04411764705882353,0.8890584299346938,0.8365283613445378,,True,0.0,0.65,0.1
highway,PhyGuard,0.9495798319327731,0.8814814814814815,0.04411764705882353,0.8890584299346938,0.8365283613445378,,True,0.0,0.65,0.15
highway,PhyGuard,0.9495798319327731,0.8814814814814815,0.04411764705882353,0.8890584299346938,0.8365283613445378,,True,0.0,0.65,0.2
highway,PhyGuard,0.9495798319327731,0.8814814814814815,0.04411764705882353,0.8890584299346938,0.8365283613445378,,True,0.0,0.65,0.25
highway,PhyGuard,0.9495798319327731,0.8814814814814815,0.029411764705882353,0.8890584299346938,0.8365283613445378,,True,0.0,0.65,0.3
highway,PhyGuard,0.9495798319327731,0.8814814814814815,0.029411764705882353,0.8890584299346938,0.8365283613445378,,True,0.0,0.65,0.35
highway,PhyGuard,0.9487179487179487,0.8666666666666667,0.014705882352941176,0.8800725427297325,0.8213629201680672,,True,0.0,0.65,0.4
highway,PhyGuard,0.9649122807017544,0.8444444444444444,0.014705882352941176,0.8827784076324121,0.8140099789915967,,True,0.0,0.65,0.45
highway,PhyGuard,0.9732142857142857,0.8296296296296296,0.014705882352941176,0.8813570219685405,0.8061974789915967,,True,0.0,0.65,0.5
highway,PhyGuard,0.9722222222222222,0.8,0.014705882352941176,0.8623558818230949,0.7763261554621849,,True,0.0,0.65,0.55
highway,PhyGuard,0.98,0.7407407407407407,0.014705882352941176,0.8293803418803418,0.7239364495798319,,True,0.0,0.65,0.6
highway,PhyGuard,0.9795918367346939,0.725925925925926,0.014705882352941176,0.8179333245370981,0.7087710084033614,,True,0.0,0.65,0.65
highway,PhyGuard,0.9787234042553191,0.6962962962962963,0.014705882352941176,0.7962840161116024,0.6788996848739497,,True,0.0,0.65,0.7
highway,PhyGuard,0.9886363636363636,0.6518518518518519,0.014705882352941176,0.76799791534651,0.6412158613445379,,True,0.0,0.65,0.75
highway,PhyGuard,1.0,0.5777777777777777,0.0,0.7105672105672105,0.5745798319327732,,True,0.0,0.65,0.8
highway,PhyGuard,1.0,0.5259259259259259,0.0,0.663888591099676,0.5219406512605042,,True,0.0,0.65,0.85
highway,PhyGuard,1.0,0.45925925925925926,0.0,0.5893467643467643,0.45459558823529417,,True,0.0,0.65,0.9
highway,PhyGuard,1.0,0.34074074074074073,0.0,0.4432478396764111,0.33528098739495793,,True,0.0,0.65,0.95
highway,PhyGuard,0.9487179487179487,0.8666666666666667,0.029411764705882353,0.8802245177799527,0.8220325630252101,,True,0.0,0.7,0.05
highway,PhyGuard,0.9487179487179487,0.8666666666666667,0.029411764705882353,0.8802245177799527,0.8220325630252101,,True,0.0,0.7,0.1
highway,PhyGuard,0.9487179487179487,0.8666666666666667,0.029411764705882353,0.8802245177799527,0.8220325630252101,,True,0.0,0.7,0.15
highway,PhyGuard,0.9487179487179487,0.8666666666666667,0.029411764705882353,0.8802245177799527,0.8220325630252101,,True,0.0,0.7,0.2
highway,PhyGuard,0.9487179487179487,0.8666666666666667,0.029411764705882353,0.8802245177799527,0.8220325630252101,,True,0.0,0.7,0.25
highway,PhyGuard,0.9487179487179487,0.8666666666666667,0.029411764705882353,0.8802245177799527,0.8220325630252101,,True,0.0,0.7,0.3
highway,PhyGuard,0.9487179487179487,0.8666666666666667,0.029411764705882353,0.8802245177799527,0.8220325630252101,,True,0.0,0.7,0.35
highway,PhyGuard,0.9478260869565217,0.8518518518518519,0.014705882352941176,0.8712386305749914,0.8068671218487395,,True,0.0,0.7,0.4
highway,PhyGuard,0.9642857142857143,0.8296296296296296,0.014705882352941176,0.873944495477671,0.799514180672269,,True,0.0,0.7,0.45
highway,PhyGuard,0.9727272727272728,0.8148148148148148,0.014705882352941176,0.8725054824561403,0.791701680672269,,True,0.0,0.7,0.5
highway,PhyGuard,0.9716981132075472,0.7851851851851852,0.014705882352941176,0.8535043423106948,0.7618303571428572,,True,0.0,0.7,0.55
highway,PhyGuard,0.9795918367346939,0.725925925925926,0.014705882352941176,0.8203713512241054,0.7094406512605043,,True,0.0,0.7,0.6
highway,PhyGuard,0.9791666666666666,0.7111111111111111,0.014705882352941176,0.8089243338808618,0.6942752100840337,,True,0.0,0.7,0.65
highway,PhyGuard,0.978494623655914,0.6888888888888889,0.014705882352941176,0.7920772853423715,0.6717568277310926,,True,0.0,0.7,0.7
highway,PhyGuard,0.9885057471264368,0.6444444444444445,0.014705882352941176,0.7637911845772792,0.6340730042016808,,True,0.0,0.7,0.75
highway,PhyGuard,1.0,0.5703703703703704,0.0,0.7063604797979798,0.5674369747899161,,True,0.0,0.7,0.8
highway,PhyGuard,1.0,0.5185185185185185,0.0,0.6595483133218982,0.514797794117647,,True,0.0,0.7,0.85
highway,PhyGuard,1.0,0.45185185185185184,0.0,0.584866477608413,0.447452731092437,,True,0.0,0.7,0.9
highway,PhyGuard,1.0,0.34074074074074073,0.0,0.4432478396764111,0.33528098739495793,,True,0.0,0.7,0.95
highway,PhyGuard,0.956140350877193,0.8444444444444444,0.029411764705882353,0.8741719105742474,0.807326680672269,,True,0.0,0.75,0.05
highway,PhyGuard,0.956140350877193,0.8444444444444444,0.029411764705882353,0.8741719105742474,0.807326680672269,,True,0.0,0.75,0.1
highway,PhyGuard,0.956140350877193,0.8444444444444444,0.029411764705882353,0.8741719105742474,0.807326680672269,,True,0.0,0.75,0.15
highway,PhyGuard,0.956140350877193,0.8444444444444444,0.029411764705882353,0.8741719105742474,0.807326680672269,,True,0.0,0.75,0.2
highway,PhyGuard,0.956140350877193,0.8444444444444444,0.029411764705882353,0.8741719105742474,0.807326680672269,,True,0.0,0.75,0.25
highway,PhyGuard,0.956140350877193,0.8444444444444444,0.029411764705882353,0.8741719105742474,0.807326680672269,,True,0.0,0.75,0.3
highway,PhyGuard,0.956140350877193,0.8444444444444444,0.029411764705882353,0.8741719105742474,0.807326680672269,,True,0.0,0.75,0.35
highway,PhyGuard,0.9553571428571429,0.8296296296296296,0.014705882352941176,0.8651665415847547,0.7921612394957984,,True,0.0,0.75,0.4
highway,PhyGuard,0.9636363636363636,0.8148148148148148,0.014705882352941176,0.864219571887785,0.7848082983193279,,True,0.0,0.75,0.45
highway,PhyGuard,0.9722222222222222,0.8,0.014705882352941176,0.8627353675136116,0.7769957983193279,,True,0.0,0.75,0.5
highway,PhyGuard,0.9711538461538461,0.7703703703703704,0.014705882352941176,0.8437342273681661,0.7471244747899161,,True,0.0,0.75,0.55
highway,PhyGuard,0.9791666666666666,0.7111111111111111,0.014705882352941176,0.8102613304093567,0.694734768907563,,True,0.0,0.75,0.6
highway,PhyGuard,0.9787234042553191,0.6962962962962963,0.014705882352941176,0.798814313066113,0.6795693277310925,,True,0.0,0.75,0.65
highway,PhyGuard,0.9782608695652174,0.6814814814814815,0.014705882352941176,0.7869351195831459,0.6644038865546218,,True,0.0,0.75,0.7
highway,PhyGuard,0.9883720930232558,0.6370370370370371,0.014705882352941176,0.7586490188180536,0.6267200630252101,,True,0.0,0.75,0.75
highway,PhyGuard,1.0,0.5703703703703704,0.0,0.7063604797979798,0.5674369747899161,,True,0.0,0.75,0.8
highway,PhyGuard,1.0,0.5185185185185185,0.0,0.6595483133218982,0.514797794117647,,True,0.0,0.75,0.85
highway,PhyGuard,1.0,0.45185185185185184,0.0,0.584866477608413,0.447452731092437,,True,0.0,0.75,0.9
highway,PhyGuard,1.0,0.34074074074074073,0.0,0.4432478396764111,0.33528098739495793,,True,0.0,0.75,0.95
highway,PhyGuard,0.956140350877193,0.8444444444444444,0.0,0.8741719105742474,0.807326680672269,,True,0.0,0.8,0.05
highway,PhyGuard,0.956140350877193,0.8444444444444444,0.0,0.8741719105742474,0.807326680672269,,True,0.0,0.8,0.1
highway,PhyGuard,0.956140350877193,0.8444444444444444,0.0,0.8741719105742474,0.807326680672269,,True,0.0,0.8,0.15
highway,PhyGuard,0.956140350877193,0.8444444444444444,0.0,0.8741719105742474,0.807326680672269,,True,0.0,0.8,0.2
highway,PhyGuard,0.956140350877193,0.8444444444444444,0.0,0.8741719105742474,0.807326680672269,,True,0.0,0.8,0.25
highway,PhyGuard,0.956140350877193,0.8444444444444444,0.0,0.8741719105742474,0.807326680672269,,True,0.0,0.8,0.3
highway,PhyGuard,0.956140350877193,0.8444444444444444,0.0,0.8741719105742474,0.807326680672269,,True,0.0,0.8,0.35
highway,PhyGuard,0.9553571428571429,0.8296296296296296,0.0,0.8651665415847547,0.7921612394957984,,True,0.0,0.8,0.4
highway,PhyGuard,0.9636363636363636,0.8148148148148148,0.0,0.864219571887785,0.7848082983193279,,True,0.0,0.8,0.45
highway,PhyGuard,0.9722222222222222,0.8,0.0,0.8627353675136116,0.7769957983193279,,True,0.0,0.8,0.5
highway,PhyGuard,0.9711538461538461,0.7703703703703704,0.0,0.8437342273681661,0.7471244747899161,,True,0.0,0.8,0.55
highway,PhyGuard,0.9791666666666666,0.7111111111111111,0.0,0.8102613304093567,0.694734768907563,,True,0.0,0.8,0.6
highway,PhyGuard,0.9787234042553191,0.6962962962962963,0.0,0.798814313066113,0.6795693277310925,,True,0.0,0.8,0.65
highway,PhyGuard,0.9782608695652174,0.6814814814814815,0.0,0.7869351195831459,0.6644038865546218,,True,0.0,0.8,0.7
highway,PhyGuard,0.9883720930232558,0.6370370370370371,0.0,0.7586490188180536,0.6267200630252101,,True,0.0,0.8,0.75
highway,PhyGuard,1.0,0.5703703703703704,0.0,0.7063604797979798,0.5674369747899161,,True,0.0,0.8,0.8
highway,PhyGuard,1.0,0.5185185185185185,0.0,0.6595483133218982,0.514797794117647,,True,0.0,0.8,0.85
highway,PhyGuard,1.0,0.45185185185185184,0.0,0.584866477608413,0.447452731092437,,True,0.0,0.8,0.9
highway,PhyGuard,1.0,0.34074074074074073,0.0,0.4432478396764111,0.33528098739495793,,True,0.0,0.8,0.95
highway,PhyGuard,0.9553571428571429,0.8296296296296296,0.0,0.8642362004632012,0.7921612394957983,,True,0.0,0.85,0.05
highway,PhyGuard,0.9553571428571429,0.8296296296296296,0.0,0.8642362004632012,0.7921612394957983,,True,0.0,0.85,0.1
highway,PhyGuard,0.9553571428571429,0.8296296296296296,0.0,0.8642362004632012,0.7921612394957983,,True,0.0,0.85,0.15
highway,PhyGuard,0.9553571428571429,0.8296296296296296,0.0,0.8642362004632012,0.7921612394957983,,True,0.0,0.85,0.2
highway,PhyGuard,0.9553571428571429,0.8296296296296296,0.0,0.8642362004632012,0.7921612394957983,,True,0.0,0.85,0.25
highway,PhyGuard,0.9553571428571429,0.8296296296296296,0.0,0.8642362004632012,0.7921612394957983,,True,0.0,0.85,0.3
highway,PhyGuard,0.9553571428571429,0.8296296296296296,0.0,0.8642362004632012,0.7921612394957983,,True,0.0,0.85,0.35
highway,PhyGuard,0.954954954954955,0.8222222222222222,0.0,0.8600525731452455,0.7848082983193277,,True,0.0,0.85,0.4
highway,PhyGuard,0.963302752293578,0.8074074074074075,0.0,0.8591056034482758,0.7774553571428571,,True,0.0,0.85,0.45
highway,PhyGuard,0.9719626168224299,0.7925925925925926,0.0,0.8575932017543859,0.7696428571428571,,True,0.0,0.85,0.5
highway,PhyGuard,0.970873786407767,0.762962962962963,0.0,0.8385920616089404,0.7397715336134454,,True,0.0,0.85,0.55
highway,PhyGuard,0.9789473684210527,0.7037037037037037,0.0,0.8049355158730158,0.6873818277310925,,True,0.0,0.85,0.6
highway,PhyGuard,0.978494623655914,0.6888888888888889,0.0,0.7934884985297721,0.6722163865546219,,True,0.0,0.85,0.65
highway,PhyGuard,0.978021978021978,0.674074074074074,0.0,0.781609305046805,0.6570509453781512,,True,0.0,0.85,0.7
highway,PhyGuard,0.9882352941176471,0.6296296296296297,0.0,0.7533232042817127,0.6193671218487395,,True,0.0,0.85,0.75
highway,PhyGuard,1.0,0.562962962962963,0.0,0.7006365740740741,0.5600840336134455,,True,0.0,0.85,0.8
highway,PhyGuard,1.0,0.5111111111111111,0.0,0.6533799533799534,0.5074448529411765,,True,0.0,0.85,0.85
highway,PhyGuard,1.0,0.4444444444444444,0.0,0.5784562211981567,0.4400997899159664,,True,0.0,0.85,0.9
highway,PhyGuard,1.0,0.3333333333333333,0.0,0.4360199485199486,0.32792804621848737,,True,0.0,0.85,0.95
highway,PhyGuard,0.9622641509433962,0.7851851851851852,0.0,0.8423500859540904,0.7558167016806723,,True,0.0,0.9,0.05
highway,PhyGuard,0.9622641509433962,0.7851851851851852,0.0,0.8423500859540904,0.7558167016806723,,True,0.0,0.9,0.1
highway,PhyGuard,0.9622641509433962,0.7851851851851852,0.0,0.8423500859540904,0.7558167016806723,,True,0.0,0.9,0.15
highway,PhyGuard,0.9622641509433962,0.7851851851851852,0.0,0.8423500859540904,0.7558167016806723,,True,0.0,0.9,0.2
highway,PhyGuard,0.9622641509433962,0.7851851851851852,0.0,0.8423500859540904,0.7558167016806723,,True,0.0,0.9,0.25
highway,PhyGuard,0.9622641509433962,0.7851851851851852,0.0,0.8423500859540904,0.7558167016806723,,True,0.0,0.9,0.3
highway,PhyGuard,0.9622641509433962,0.7851851851851852,0.0,0.8423500859540904,0.7558167016806723,,True,0.0,0.9,0.35
highway,PhyGuard,0.9619047619047619,0.7777777777777778,0.0,0.8381542817582862,0.7484637605042017,,True,0.0,0.9,0.4
highway,PhyGuard,0.970873786407767,0.762962962962963,0.0,0.8372995809035854,0.7411108193277312,,True,0.0,0.9,0.45
highway,PhyGuard,0.9801980198019802,0.7481481481481481,0.0,0.835675658680752,0.7332983193277312,,True,0.0,0.9,0.5
highway,PhyGuard,0.979381443298969,0.7185185185185186,0.0,0.8166175968595324,0.7034269957983194,,True,0.0,0.9,0.55
highway,PhyGuard,0.9777777777777777,0.6666666666666666,0.0,0.7789316629471833,0.6510372899159664,,True,0.0,0.9,0.6
highway,PhyGuard,0.9772727272727273,0.6518518518518519,0.0,0.7674846456039397,0.6358718487394959,,True,0.0,0.9,0.65
highway,PhyGuard,0.9767441860465116,0.6370370370370371,0.0,0.7556054521209725,0.6207064075630253,,True,0.0,0.9,0.7
highway,PhyGuard,0.9875,0.5925925925925926,0.0,0.7273193513558801,0.5830225840336135,,True,0.0,0.9,0.75
highway,PhyGuard,1.0,0.5333333333333333,0.0,0.679707747449683,0.5310924369747899,,True,0.0,0.9,0.8
highway,PhyGuard,1.0,0.48148148148148145,0.0,0.6311955621791687,0.47845325630252106,,True,0.0,0.9,0.85
highway,PhyGuard,1.0,0.4222222222222222,0.0,0.5623809523809523,0.4184611344537815,,True,0.0,0.9,0.9
highway,PhyGuard,1.0,0.32592592592592595,0.0,0.4310764456950898,0.32078518907563025,,True,0.0,0.9,0.95
highway,PhyGuard,0.9789473684210527,0.7037037037037037,0.0,0.8017288641863278,0.6906906512605042,,True,0.0,0.95,0.05
highway,PhyGuard,0.9789473684210527,0.7037037037037037,0.0,0.8017288641863278,0.6906906512605042,,True,0.0,0.95,0.1
highway,PhyGuard,0.9789473684210527,0.7037037037037037,0.0,0.8017288641863278,0.6906906512605042,,True,0.0,0.95,0.15
highway,PhyGuard,0.9789473684210527,0.7037037037037037,0.0,0.8017288641863278,0.6906906512605042,,True,0.0,0.95,0.2
highway,PhyGuard,0.9789473684210527,0.7037037037037037,0.0,0.8017288641863278,0.6906906512605042,,True,0.0,0.95,0.25
highway,PhyGuard,0.9789473684210527,0.7037037037037037,0.0,0.8017288641863278,0.6906906512605042,,True,0.0,0.95,0.3
highway,PhyGuard,0.9789473684210527,0.7037037037037037,0.0,0.8017288641863278,0.6906906512605042,,True,0.0,0.95,0.35
highway,PhyGuard,0.9787234042553191,0.6962962962962963,0.0,0.79738858640855,0.6833377100840337,,True,0.0,0.95,0.4
highway,PhyGuard,0.978494623655914,0.6888888888888889,0.0,0.7929082996701988,0.675984768907563,,True,0.0,0.95,0.45
highway,PhyGuard,0.9782608695652174,0.6814814814814815,0.0,0.7879173740803622,0.668172268907563,,True,0.0,0.95,0.5
highway,PhyGuard,0.9772727272727273,0.6518518518518519,0.0,0.7683960961726349,0.6383009453781513,,True,0.0,0.95,0.55
highway,PhyGuard,0.975609756097561,0.6074074074074074,0.0,0.7349269005847954,0.5932641806722689,,True,0.0,0.95,0.6
highway,PhyGuard,0.975,0.5925925925925926,0.0,0.7234798832415517,0.5780987394957984,,True,0.0,0.95,0.65
highway,PhyGuard,0.9743589743589743,0.5777777777777777,0.0,0.7116006897585845,0.5629332983193278,,True,0.0,0.95,0.7
highway,PhyGuard,0.9861111111111112,0.5333333333333333,0.0,0.6833145889934921,0.525249474789916,,True,0.0,0.95,0.75
highway,PhyGuard,1.0,0.48148148148148145,0.0,0.6418713450292397,0.48067226890756304,,True,0.0,0.95,0.8
highway,PhyGuard,1.0,0.4444444444444444,0.0,0.6041244887109548,0.44252888655462186,,True,0.0,0.95,0.85
highway,PhyGuard,1.0,0.3851851851851852,0.0,0.5346088435374149,0.3825367647058823,,True,0.0,0.95,0.9
highway,PhyGuard,1.0,0.2962962962962963,0.0,0.4076511541937074,0.2920036764705882,,True,0.0,0.95,0.95
cell_edge,Random forest,0.967741935483871,0.9117647058823529,0.08955223880597014,0.9230399819650532,0.8821486928104575,0.05,False,0.7910447761194028,,
cell_edge,Random forest,0.967741935483871,0.9117647058823529,0.08955223880597014,0.9230399819650532,0.8821486928104575,0.1,False,0.7910447761194028,,
cell_edge,Random forest,0.967741935483871,0.9117647058823529,0.08955223880597014,0.9230399819650532,0.8821486928104575,0.15,False,0.7910447761194028,,
cell_edge,Random forest,0.967741935483871,0.9117647058823529,0.08955223880597014,0.9230399819650532,0.8821486928104575,0.2,False,0.7910447761194028,,
cell_edge,Random forest,0.967741935483871,0.9117647058823529,0.08955223880597014,0.9230399819650532,0.8821486928104575,0.25,False,0.7910447761194028,,
cell_edge,Random forest,0.975609756097561,0.9044117647058824,0.05970149253731343,0.9265364854615568,0.8821486928104575,0.3,False,0.19402985074626858,,
cell_edge,Random forest,0.9754098360655737,0.8970588235294118,0.014925373134328358,0.9220282887402453,0.8743361928104575,0.35,True,0.0,,
cell_edge,Random forest,0.975,0.8823529411764706,0.014925373134328358,0.9134812801932367,0.8596303104575163,0.4,True,0.0,,
cell_edge,Random forest,0.9745762711864406,0.8676470588235294,0.014925373134328358,0.903998521572547,0.8440053104575163,0.45,True,0.0,,
cell_edge,Random forest,0.9743589743589743,0.8602941176470589,0.014925373134328358,0.8995182348341958,0.8366523692810457,0.5,True,0.0,,
cell_edge,Random forest,0.9732142857142857,0.8235294117647058,0.0,0.8765501587067248,0.7994281045751634,0.55,True,0.0,,
cell_edge,Random forest,0.9719626168224299,0.7867647058823529,0.0,0.853320053553937,0.7630208333333335,0.6,True,0.0,,
cell_edge,Random forest,0.970873786407767,0.7573529411764706,0.0,0.8339909012471567,0.7335580065359477,0.65,True,0.0,,
cell_edge,Random forest,0.9690721649484536,0.7132352941176471,0.0,0.8012065803049411,0.6884701797385621,0.7,True,0.0,,
cell_edge,Random forest,0.9886363636363636,0.6470588235294118,0.0,0.7709282839028373,0.6368974673202614,0.75,True,0.0,,
cell_edge,Random forest,1.0,0.5808823529411765,0.0,0.7300211118930331,0.5797079248366014,0.8,True,0.0,,
cell_edge,Random forest,1.0,0.49264705882352944,0.0,0.6494588744588744,0.49223856209150324,0.85,True,0.0,,
cell_edge,Random forest,1.0,0.4264705882352941,0.0,0.5835742873478722,0.4242238562091504,0.9,True,0.0,,
cell_edge,Random forest,1.0,0.3088235294117647,0.0,0.45268452493637074,0.3079554738562092,0.95,True,0.0,,
cell_edge,Gradient boosting,0.968,0.9191176470588235,0.08955223880597014,0.9268702097083245,0.8890931372549019,0.05,False,0.7910447761194028,,
cell_edge,Gradient boosting,0.968,0.9191176470588235,0.08955223880597014,0.9268702097083245,0.8890931372549019,0.1,False,0.7910447761194028,,
cell_edge,Gradient boosting,0.968,0.9191176470588235,0.08955223880597014,0.9268702097083245,0.8890931372549019,0.15,False,0.7910447761194028,,
cell_edge,Gradient boosting,0.968,0.9191176470588235,0.08955223880597014,0.9268702097083245,0.8890931372549019,0.2,False,0.7910447761194028,,
cell_edge,Gradient boosting,0.968,0.9191176470588235,0.08955223880597014,0.9268702097083245,0.8890931372549019,0.25,False,0.7910447761194028,,
cell_edge,Gradient boosting,0.967741935483871,0.9117647058823529,0.08955223880597014,0.9230399819650532,0.8821486928104575,0.3,False,0.7910447761194028,,
cell_edge,Gradient boosting,0.967741935483871,0.9117647058823529,0.08955223880597014,0.9230399819650532,0.8821486928104575,0.35,False,0.7910447761194028,,
cell_edge,Gradient boosting,0.967741935483871,0.9117647058823529,0.08955223880597014,0.9230399819650532,0.8821486928104575,0.4,False,0.7910447761194028,,
cell_edge,Gradient boosting,0.967741935483871,0.9117647058823529,0.08955223880597014,0.9230399819650532,0.8821486928104575,0.45,False,0.7910447761194028,,
cell_edge,Gradient boosting,0.967741935483871,0.9117647058823529,0.07462686567164178,0.9230399819650532,0.8821486928104575,0.5,False,0.49253731343283563,,
cell_edge,Gradient boosting,0.967479674796748,0.9044117647058824,0.07462686567164178,0.9185317852437418,0.8743361928104575,0.55,False,0.49253731343283563,,
cell_edge,Gradient boosting,0.9672131147540983,0.8970588235294118,0.07462686567164178,0.9138707682945892,0.8665236928104575,0.6,False,0.49253731343283563,,
cell_edge,Gradient boosting,0.9672131147540983,0.8970588235294118,0.07462686567164178,0.9138707682945892,0.8665236928104575,0.65,False,0.49253731343283563,,
cell_edge,Gradient boosting,0.9672131147540983,0.8970588235294118,0.05970149253731343,0.9138707682945892,0.8665236928104575,0.7,False,0.19402985074626858,,
cell_edge,Gradient boosting,0.9752066115702479,0.8897058823529411,0.04477611940298507,0.9173672717910928,0.8665236928104575,0.75,True,0.0,,
cell_edge,Gradient boosting,0.9752066115702479,0.8897058823529411,0.014925373134328358,0.9173672717910928,0.8665236928104575,0.8,True,0.0,,
cell_edge,Gradient boosting,0.975,0.8823529411764706,0.014925373134328358,0.913160541021862,0.8591707516339869,0.85,True,0.0,,
cell_edge,Gradient boosting,0.9745762711864406,0.8676470588235294,0.014925373134328358,0.9048773817436578,0.8448733660130718,0.9,True,0.0,,
cell_edge,Gradient boosting,0.9743589743589743,0.8602941176470589,0.014925373134328358,0.9003970950053066,0.8375204248366013,0.95,True,0.0,,
cell_edge,Two-stage without physics,0.9411764705882353,1.0,0.5970149253731343,0.941010377052,0.9419424019607843,,False,10.940298507462684,0.05,0.05
cell_edge,Two-stage without physics,0.9411764705882353,1.0,0.5970149253731343,0.941010377052,0.9419424019607843,,False,10.940298507462684,0.05,0.1
cell_edge,Two-stage without physics,0.9411764705882353,1.0,0.5970149253731343,0.941010377052,0.9419424019607843,,False,10.940298507462684,0.05,0.15
cell_edge,Two-stage without physics,0.9411764705882353,1.0,0.5970149253731343,0.941010377052,0.9419424019607843,,False,10.940298507462684,0.05,0.2
cell_edge,Two-stage without physics,0.9411764705882353,1.0,0.5970149253731343,0.941010377052,0.9419424019607843,,False,10.940298507462684,0.05,0.25
cell_edge,Two-stage without physics,0.9411764705882353,1.0,0.5671641791044776,0.941010377052,0.9419424019607843,,False,10.34328358208955,0.05,0.3
cell_edge,Two-stage without physics,0.9473684210526315,0.9779411764705882,0.5223880597014925,0.9369398207426377,0.927236519607843,,False,9.44776119402985,0.05,0.35
cell_edge,Two-stage without physics,0.96875,0.9411764705882353,0.40298507462686567,0.9390760281385282,0.9120710784313725,,False,7.059701492537314,0.05,0.4
cell_edge,Two-stage without physics,0.9761904761904762,0.9264705882352942,0.31343283582089554,0.9388335622710623,0.9047181372549019,,False,5.268656716417911,0.05,0.45
cell_edge,Two-stage without physics,0.9758064516129032,0.9117647058823529,0.23880597014925373,0.9307790641744884,0.8899611928104575,,False,3.776119402985074,0.05,0.5
cell_edge,Two-stage without physics,0.9829059829059829,0.8602941176470589,0.19402985074626866,0.9083310283525213,0.8453329248366013,,False,2.8805970149253732,0.05,0.55
cell_edge,Two-stage without physics,0.981651376146789,0.8014705882352942,0.13432835820895522,0.8717148719678444,0.7855392156862746,,False,1.6865671641791042,0.05,0.6
cell_edge,Two-stage without physics,0.99,0.7352941176470589,0.1044776119402985,0.8377684559293166,0.7274816176470588,,False,1.08955223880597,0.05,0.65
cell_edge,Two-stage without physics,1.0,0.6911764705882353,0.04477611940298507,0.814205677981458,0.6897467320261438,,True,0.0,0.05,0.7
cell_edge,Two-stage without physics,1.0,0.6470588235294118,0.014925373134328358,0.7821864594894562,0.6459865196078431,,True,0.0,0.05,0.75
cell_edge,Two-stage without physics,1.0,0.5882352941176471,0.014925373134328358,0.7308846419923902,0.5866523692810457,,True,0.0,0.05,0.8
cell_edge,Two-stage without physics,1.0,0.5,0.014925373134328358,0.643486941377024,0.4978553921568628,,True,0.0,0.05,0.85
cell_edge,Two-stage without physics,1.0,0.39705882352941174,0.0,0.5503535353535354,0.3973141339869281,,True,0.0,0.05,0.9
cell_edge,Two-stage without physics,1.0,0.25,0.0,0.36466993588538127,0.25035743464052285,,True,0.0,0.05,0.95
cell_edge,Two-stage without physics,0.9393939393939394,0.9705882352941176,0.4626865671641791,0.9251682589710759,0.911611519607843,,False,8.253731343283581,0.1,0.05
cell_edge,Two-stage without physics,0.9393939393939394,0.9705882352941176,0.4626865671641791,0.9251682589710759,0.911611519607843,,False,8.253731343283581,0.1,0.1
cell_edge,Two-stage without physics,0.9393939393939394,0.9705882352941176,0.4626865671641791,0.9251682589710759,0.911611519607843,,False,8.253731343283581,0.1,0.15
cell_edge,Two-stage without physics,0.9393939393939394,0.9705882352941176,0.4626865671641791,0.9251682589710759,0.911611519607843,,False,8.253731343283581,0.1,0.2
cell_edge,Two-stage without physics,0.9393939393939394,0.9705882352941176,0.4626865671641791,0.9251682589710759,0.911611519607843,,False,8.253731343283581,0.1,0.25
cell_edge,Two-stage without physics,0.9393939393939394,0.9705882352941176,0.44776119402985076,0.9251682589710759,0.911611519607843,,False,7.955223880597015,0.1,0.3
cell_edge,Two-stage without physics,0.9461538461538461,0.9558823529411765,0.417910447761194,0.9246911319314489,0.9042585784313725,,False,7.35820895522388,0.1,0.35
cell_edge,Two-stage without physics,0.9682539682539683,0.9264705882352942,0.31343283582089554,0.9308970543345544,0.8969056372549019,,False,5.268656716417911,0.1,0.4
cell_edge,Two-stage without physics,0.9758064516129032,0.9117647058823529,0.2537313432835821,0.9305227534562212,0.8895526960784313,,False,4.074626865671642,0.1,0.45
cell_edge,Two-stage without physics,0.9754098360655737,0.8970588235294118,0.19402985074626866,0.9223297546923259,0.8747957516339869,,False,2.8805970149253732,0.1,0.5
cell_edge,Two-stage without physics,0.9826086956521739,0.8455882352941176,0.14925373134328357,0.8995688616034316,0.8301674836601307,,False,1.9850746268656712,0.1,0.55
cell_edge,Two-stage without physics,0.9814814814814815,0.7941176470588235,0.1044776119402985,0.8673625934220175,0.778186274509804,,False,1.08955223880597,0.1,0.6
cell_edge,Two-stage without physics,0.98989898989899,0.7279411764705882,0.08955223880597014,0.8331236471861472,0.7201286764705882,,False,0.7910447761194028,0.1,0.65
cell_edge,Two-stage without physics,1.0,0.6838235294117647,0.029850746268656716,0.8095608692382886,0.6823937908496732,,True,0.0,0.1,0.7
cell_edge,Two-stage without physics,1.0,0.6397058823529411,0.0,0.7773841996024505,0.6386335784313726,,True,0.0,0.1,0.75
cell_edge,Two-stage without physics,1.0,0.5808823529411765,0.0,0.7260823821053846,0.5792994281045751,,True,0.0,0.1,0.8
cell_edge,Two-stage without physics,1.0,0.49264705882352944,0.0,0.6385190863215009,0.49050245098039225,,True,0.0,0.1,0.85
cell_edge,Two-stage without physics,1.0,0.3897058823529412,0.0,0.5446296296296296,0.38996119281045755,,True,0.0,0.1,0.9
cell_edge,Two-stage without physics,1.0,0.25,0.0,0.36466993588538127,0.25035743464052285,,True,0.0,0.1,0.95
cell_edge,Two-stage without physics,0.937984496124031,0.9485294117647058,0.31343283582089554,0.9127920934699104,0.8890931372549019,,False,5.268656716417911,0.15,0.05
cell_edge,Two-stage without physics,0.937984496124031,0.9485294117647058,0.31343283582089554,0.9127920934699104,0.8890931372549019,,False,5.268656716417911,0.15,0.1
cell_edge,Two-stage without physics,0.937984496124031,0.9485294117647058,0.31343283582089554,0.9127920934699104,0.8890931372549019,,False,5.268656716417911,0.15,0.15
cell_edge,Two-stage without physics,0.937984496124031,0.9485294117647058,0.31343283582089554,0.9127920934699104,0.8890931372549019,,False,5.268656716417911,0.15,0.2
cell_edge,Two-stage without physics,0.937984496124031,0.9485294117647058,0.31343283582089554,0.9127920934699104,0.8890931372549019,,False,5.268656716417911,0.15,0.25
cell_edge,Two-stage without physics,0.937984496124031,0.9485294117647058,0.31343283582089554,0.9127920934699104,0.8890931372549019,,False,5.268656716417911,0.15,0.3
cell_edge,Two-stage without physics,0.9448818897637795,0.9338235294117647,0.29850746268656714,0.9120480458508627,0.8817401960784313,,False,4.970149253731343,0.15,0.35
cell_edge,Two-stage without physics,0.967479674796748,0.9044117647058824,0.19402985074626866,0.918241967485919,0.8743872549019608,,False,2.8805970149253732,0.15,0.4
cell_edge,Two-stage without physics,0.9752066115702479,0.8897058823529411,0.14925373134328357,0.9175914340485004,0.8670343137254902,,False,1.9850746268656712,0.15,0.45
cell_edge,Two-stage without physics,0.9747899159663865,0.875,0.08955223880597014,0.9092530095839177,0.8522773692810458,,False,0.7910447761194028,0.15,0.5
cell_edge,Two-stage without physics,0.9821428571428571,0.8235294117647058,0.04477611940298507,0.8861606277958872,0.8076491013071896,,True,0.0,0.15,0.55
cell_edge,Two-stage without physics,0.9811320754716981,0.7794117647058824,0.029850746268656716,0.8576728120241451,0.7630208333333334,,True,0.0,0.15,0.6
cell_edge,Two-stage without physics,0.9896907216494846,0.7132352941176471,0.029850746268656716,0.8229341819119361,0.7049632352941176,,True,0.0,0.15,0.65
cell_edge,Two-stage without physics,1.0,0.6764705882352942,0.014925373134328358,0.804758609351283,0.6750408496732027,,True,0.0,0.15,0.7
cell_edge,Two-stage without physics,1.0,0.6323529411764706,0.0,0.7724163445469274,0.631280637254902,,True,0.0,0.15,0.75
cell_edge,Two-stage without physics,1.0,0.5735294117647058,0.0,0.7211145270498615,0.5719464869281046,,True,0.0,0.15,0.8
cell_edge,Two-stage without physics,1.0,0.4852941176470588,0.0,0.6333769205622752,0.48314950980392163,,True,0.0,0.15,0.85
cell_edge,Two-stage without physics,1.0,0.3897058823529412,0.0,0.5446296296296296,0.38996119281045755,,True,0.0,0.15,0.9
cell_edge,Two-stage without physics,1.0,0.25,0.0,0.36466993588538127,0.25035743464052285,,True,0.0,0.15,0.95
cell_edge,Two-stage without physics,0.936,0.9191176470588235,0.2835820895522388,0.8952642831654607,0.8592218137254901,,False,4.671641791044776,0.2,0.05
cell_edge,Two-stage without physics,0.936,0.9191176470588235,0.2835820895522388,0.8952642831654607,0.8592218137254901,,False,4.671641791044776,0.2,0.1
cell_edge,Two-stage without physics,0.936,0.9191176470588235,0.2835820895522388,0.8952642831654607,0.8592218137254901,,False,4.671641791044776,0.2,0.15
cell_edge,Two-stage without physics,0.936,0.9191176470588235,0.2835820895522388,0.8952642831654607,0.8592218137254901,,False,4.671641791044776,0.2,0.2
cell_edge,Two-stage without physics,0.936,0.9191176470588235,0.2835820895522388,0.8952642831654607,0.8592218137254901,,False,4.671641791044776,0.2,0.25
cell_edge,Two-stage without physics,0.936,0.9191176470588235,0.2835820895522388,0.8952642831654607,0.8592218137254901,,False,4.671641791044776,0.2,0.3
cell_edge,Two-stage without physics,0.943089430894309,0.9044117647058824,0.26865671641791045,0.8940756956204481,0.8518688725490196,,False,4.3731343283582085,0.2,0.35
cell_edge,Two-stage without physics,0.9663865546218487,0.875,0.1791044776119403,0.9002549277907884,0.844515931372549,,False,2.582089552238805,0.2,0.4
cell_edge,Two-stage without physics,0.9745762711864406,0.8676470588235294,0.13432835820895522,0.9039434523809524,0.844515931372549,,False,1.6865671641791042,0.2,0.45
cell_edge,Two-stage without physics,0.9741379310344828,0.8529411764705882,0.07462686567164178,0.8954522076885286,0.8297589869281046,,False,0.49253731343283563,0.2,0.5
cell_edge,Two-stage without physics,0.981651376146789,0.8014705882352942,0.029850746268656716,0.8720083115213298,0.7851307189542484,,True,0.0,0.2,0.55
cell_edge,Two-stage without physics,0.9807692307692307,0.7647058823529411,0.029850746268656716,0.84822574339397,0.7483149509803922,,True,0.0,0.2,0.6
cell_edge,Two-stage without physics,0.9894736842105263,0.6985294117647058,0.029850746268656716,0.8128241610971874,0.6902573529411765,,True,0.0,0.2,0.65
cell_edge,Two-stage without physics,1.0,0.6617647058823529,0.014925373134328358,0.7946485885365342,0.6603349673202615,,True,0.0,0.2,0.7
cell_edge,Two-stage without physics,1.0,0.6176470588235294,0.0,0.7619483642513609,0.6165747549019607,,True,0.0,0.2,0.75
cell_edge,Two-stage without physics,1.0,0.5588235294117647,0.0,0.710646546754295,0.5572406045751633,,True,0.0,0.2,0.8
cell_edge,Two-stage without physics,1.0,0.47058823529411764,0.0,0.6225316255064539,0.46844362745098045,,True,0.0,0.2,0.85
cell_edge,Two-stage without physics,1.0,0.3897058823529412,0.0,0.5446296296296296,0.38996119281045755,,True,0.0,0.2,0.9
cell_edge,Two-stage without physics,1.0,0.25,0.0,0.36466993588538127,0.25035743464052285,,True,0.0,0.2,0.95
cell_edge,Two-stage without physics,0.9354838709677419,0.9117647058823529,0.2835820895522388,0.8906194744222913,0.8518688725490196,,False,4.671641791044776,0.25,0.05
cell_edge,Two-stage without physics,0.9354838709677419,0.9117647058823529,0.2835820895522388,0.8906194744222913,0.8518688725490196,,False,4.671641791044776,0.25,0.1
cell_edge,Two-stage without physics,0.9354838709677419,0.9117647058823529,0.2835820895522388,0.8906194744222913,0.8518688725490196,,False,4.671641791044776,0.25,0.15
cell_edge,Two-stage without physics,0.9354838709677419,0.9117647058823529,0.2835820895522388,0.8906194744222913,0.8518688725490196,,False,4.671641791044776,0.25,0.2
cell_edge,Two-stage without physics,0.9354838709677419,0.9117647058823529,0.2835820895522388,0.8906194744222913,0.8518688725490196,,False,4.671641791044776,0.25,0.25
cell_edge,Two-stage without physics,0.9354838709677419,0.9117647058823529,0.2835820895522388,0.8906194744222913,0.8518688725490196,,False,4.671641791044776,0.25,0.3
cell_edge,Two-stage without physics,0.9426229508196722,0.8970588235294118,0.26865671641791045,0.8892734357334424,0.844515931372549,,False,4.3731343283582085,0.25,0.35
cell_edge,Two-stage without physics,0.9661016949152542,0.8676470588235294,0.1791044776119403,0.8954526679037828,0.8371629901960784,,False,2.582089552238805,0.25,0.4
cell_edge,Two-stage without physics,0.9743589743589743,0.8602941176470589,0.13432835820895522,0.8991411924939468,0.8371629901960784,,False,1.6865671641791042,0.25,0.45
cell_edge,Two-stage without physics,0.9739130434782609,0.8455882352941176,0.07462686567164178,0.890649947801523,0.822406045751634,,False,0.49253731343283563,0.25,0.5
cell_edge,Two-stage without physics,0.9814814814814815,0.7941176470588235,0.029850746268656716,0.8672060516343242,0.7777777777777778,,True,0.0,0.25,0.55
cell_edge,Two-stage without physics,0.9805825242718447,0.7573529411764706,0.029850746268656716,0.843257888338447,0.7409620098039217,,True,0.0,0.25,0.6
cell_edge,Two-stage without physics,0.9894736842105263,0.6985294117647058,0.029850746268656716,0.8128241610971874,0.6902573529411765,,True,0.0,0.25,0.65
cell_edge,Two-stage without physics,1.0,0.6617647058823529,0.014925373134328358,0.7946485885365342,0.6603349673202615,,True,0.0,0.25,0.7
cell_edge,Two-stage without physics,1.0,0.6176470588235294,0.0,0.7619483642513609,0.6165747549019607,,True,0.0,0.25,0.75
cell_edge,Two-stage without physics,1.0,0.5588235294117647,0.0,0.710646546754295,0.5572406045751633,,True,0.0,0.25,0.8
cell_edge,Two-stage without physics,1.0,0.47058823529411764,0.0,0.6225316255064539,0.46844362745098045,,True,0.0,0.25,0.85
cell_edge,Two-stage without physics,1.0,0.3897058823529412,0.0,0.5446296296296296,0.38996119281045755,,True,0.0,0.25,0.9
cell_edge,Two-stage without physics,1.0,0.25,0.0,0.36466993588538127,0.25035743464052285,,True,0.0,0.25,0.95
cell_edge,Two-stage without physics,0.9349593495934959,0.9044117647058824,0.23880597014925373,0.8858172145352856,0.844515931372549,,False,3.776119402985074,0.3,0.05
cell_edge,Two-stage without physics,0.9349593495934959,0.9044117647058824,0.23880597014925373,0.8858172145352856,0.844515931372549,,False,3.776119402985074,0.3,0.1
cell_edge,Two-stage without physics,0.9349593495934959,0.9044117647058824,0.23880597014925373,0.8858172145352856,0.844515931372549,,False,3.776119402985074,0.3,0.15
cell_edge,Two-stage without physics,0.9349593495934959,0.9044117647058824,0.23880597014925373,0.8858172145352856,0.844515931372549,,False,3.776119402985074,0.3,0.2
cell_edge,Two-stage without physics,0.9349593495934959,0.9044117647058824,0.23880597014925373,0.8858172145352856,0.844515931372549,,False,3.776119402985074,0.3,0.25
cell_edge,Two-stage without physics,0.9349593495934959,0.9044117647058824,0.23880597014925373,0.8858172145352856,0.844515931372549,,False,3.776119402985074,0.3,0.3
cell_edge,Two-stage without physics,0.9421487603305785,0.8897058823529411,0.22388059701492538,0.8843055806779193,0.8371629901960784,,False,3.477611940298507,0.3,0.35
cell_edge,Two-stage without physics,0.9658119658119658,0.8602941176470589,0.14925373134328357,0.8904848128482596,0.8298100490196079,,False,1.9850746268656712,0.3,0.4
cell_edge,Two-stage without physics,0.9741379310344828,0.8529411764705882,0.1044776119402985,0.8941733374384236,0.8298100490196079,,False,1.08955223880597,0.3,0.45
cell_edge,Two-stage without physics,0.9736842105263158,0.8382352941176471,0.05970149253731343,0.8856820927459998,0.8150531045751634,,False,0.19402985074626858,0.3,0.5
cell_edge,Two-stage without physics,0.9813084112149533,0.7867647058823529,0.014925373134328358,0.8622381965788011,0.7704248366013072,,True,0.0,0.3,0.55
cell_edge,Two-stage without physics,0.9805825242718447,0.7573529411764706,0.014925373134328358,0.843257888338447,0.7409620098039217,,True,0.0,0.3,0.6
cell_edge,Two-stage without physics,0.9894736842105263,0.6985294117647058,0.014925373134328358,0.8128241610971874,0.6902573529411765,,True,0.0,0.3,0.65
cell_edge,Two-stage without physics,1.0,0.6617647058823529,0.0,0.7946485885365342,0.6603349673202615,,True,0.0,0.3,0.7
cell_edge,Two-stage without physics,1.0,0.6176470588235294,0.0,0.7619483642513609,0.6165747549019607,,True,0.0,0.3,0.75
cell_edge,Two-stage without physics,1.0,0.5588235294117647,0.0,0.710646546754295,0.5572406045751633,,True,0.0,0.3,0.8
cell_edge,Two-stage without physics,1.0,0.47058823529411764,0.0,0.6225316255064539,0.46844362745098045,,True,0.0,0.3,0.85
cell_edge,Two-stage without physics,1.0,0.3897058823529412,0.0,0.5446296296296296,0.38996119281045755,,True,0.0,0.3,0.9
cell_edge,Two-stage without physics,1.0,0.25,0.0,0.36466993588538127,0.25035743464052285,,True,0.0,0.3,0.95
cell_edge,Two-stage without physics,0.9349593495934959,0.9044117647058824,0.22388059701492538,0.8858172145352856,0.844515931372549,,False,3.477611940298507,0.35,0.05
cell_edge,Two-stage without physics,0.9349593495934959,0.9044117647058824,0.22388059701492538,0.8858172145352856,0.844515931372549,,False,3.477611940298507,0.35,0.1
cell_edge,Two-stage without physics,0.9349593495934959,0.9044117647058824,0.22388059701492538,0.8858172145352856,0.844515931372549,,False,3.477611940298507,0.35,0.15
cell_edge,Two-stage without physics,0.9349593495934959,0.9044117647058824,0.22388059701492538,0.8858172145352856,0.844515931372549,,False,3.477611940298507,0.35,0.2
cell_edge,Two-stage without physics,0.9349593495934959,0.9044117647058824,0.22388059701492538,0.8858172145352856,0.844515931372549,,False,3.477611940298507,0.35,0.25
cell_edge,Two-stage without physics,0.9349593495934959,0.9044117647058824,0.22388059701492538,0.8858172145352856,0.844515931372549,,False,3.477611940298507,0.35,0.3
cell_edge,Two-stage without physics,0.9421487603305785,0.8897058823529411,0.22388059701492538,0.8843055806779193,0.8371629901960784,,False,3.477611940298507,0.35,0.35
cell_edge,Two-stage without physics,0.9658119658119658,0.8602941176470589,0.14925373134328357,0.8904848128482596,0.8298100490196079,,False,1.9850746268656712,0.35,0.4
cell_edge,Two-stage without physics,0.9741379310344828,0.8529411764705882,0.1044776119402985,0.8941733374384236,0.8298100490196079,,False,1.08955223880597,0.35,0.45
cell_edge,Two-stage without physics,0.9736842105263158,0.8382352941176471,0.05970149253731343,0.8856820927459998,0.8150531045751634,,False,0.19402985074626858,0.35,0.5
cell_edge,Two-stage without physics,0.9813084112149533,0.7867647058823529,0.014925373134328358,0.8622381965788011,0.7704248366013072,,True,0.0,0.35,0.55
cell_edge,Two-stage without physics,0.9805825242718447,0.7573529411764706,0.014925373134328358,0.843257888338447,0.7409620098039217,,True,0.0,0.35,0.6
cell_edge,Two-stage without physics,0.9894736842105263,0.6985294117647058,0.014925373134328358,0.8128241610971874,0.6902573529411765,,True,0.0,0.35,0.65
cell_edge,Two-stage without physics,1.0,0.6617647058823529,0.0,0.7946485885365342,0.6603349673202615,,True,0.0,0.35,0.7
cell_edge,Two-stage without physics,1.0,0.6176470588235294,0.0,0.7619483642513609,0.6165747549019607,,True,0.0,0.35,0.75
cell_edge,Two-stage without physics,1.0,0.5588235294117647,0.0,0.710646546754295,0.5572406045751633,,True,0.0,0.35,0.8
cell_edge,Two-stage without physics,1.0,0.47058823529411764,0.0,0.6225316255064539,0.46844362745098045,,True,0.0,0.35,0.85
cell_edge,Two-stage without physics,1.0,0.3897058823529412,0.0,0.5446296296296296,0.38996119281045755,,True,0.0,0.35,0.9
cell_edge,Two-stage without physics,1.0,0.25,0.0,0.36466993588538127,0.25035743464052285,,True,0.0,0.35,0.95
cell_edge,Two-stage without physics,0.9344262295081968,0.8970588235294118,0.19402985074626866,0.8808493594797626,0.8371629901960784,,False,2.8805970149253732,0.4,0.05
cell_edge,Two-stage without physics,0.9344262295081968,0.8970588235294118,0.19402985074626866,0.8808493594797626,0.8371629901960784,,False,2.8805970149253732,0.4,0.1
cell_edge,Two-stage without physics,0.9344262295081968,0.8970588235294118,0.19402985074626866,0.8808493594797626,0.8371629901960784,,False,2.8805970149253732,0.4,0.15
cell_edge,Two-stage without physics,0.9344262295081968,0.8970588235294118,0.19402985074626866,0.8808493594797626,0.8371629901960784,,False,2.8805970149253732,0.4,0.2
cell_edge,Two-stage without physics,0.9344262295081968,0.8970588235294118,0.19402985074626866,0.8808493594797626,0.8371629901960784,,False,2.8805970149253732,0.4,0.25
cell_edge,Two-stage without physics,0.9344262295081968,0.8970588235294118,0.19402985074626866,0.8808493594797626,0.8371629901960784,,False,2.8805970149253732,0.4,0.3
cell_edge,Two-stage without physics,0.9416666666666667,0.8823529411764706,0.19402985074626866,0.8791634149186937,0.8298100490196078,,False,2.8805970149253732,0.4,0.35
cell_edge,Two-stage without physics,0.9655172413793104,0.8529411764705882,0.11940298507462686,0.885342647089034,0.8224571078431372,,False,1.388059701492537,0.4,0.4
cell_edge,Two-stage without physics,0.9739130434782609,0.8455882352941176,0.07462686567164178,0.889031171679198,0.8224571078431372,,False,0.49253731343283563,0.4,0.45
cell_edge,Two-stage without physics,0.9734513274336283,0.8308823529411765,0.029850746268656716,0.8805399269867742,0.8077001633986928,,True,0.0,0.4,0.5
cell_edge,Two-stage without physics,0.9811320754716981,0.7794117647058824,0.0,0.8570960308195754,0.7630718954248366,,True,0.0,0.4,0.55
cell_edge,Two-stage without physics,0.9803921568627451,0.75,0.0,0.8381157225792213,0.733609068627451,,True,0.0,0.4,0.6
cell_edge,Two-stage without physics,0.9893617021276596,0.6911764705882353,0.0,0.8074983465608465,0.6829044117647058,,True,0.0,0.4,0.65
cell_edge,Two-stage without physics,1.0,0.6544117647058824,0.0,0.7893227740001934,0.6529820261437909,,True,0.0,0.4,0.7
cell_edge,Two-stage without physics,1.0,0.6102941176470589,0.0,0.7564288837318803,0.6092218137254901,,True,0.0,0.4,0.75
cell_edge,Two-stage without physics,1.0,0.5514705882352942,0.0,0.7051270662348145,0.5498876633986928,,True,0.0,0.4,0.8
cell_edge,Two-stage without physics,1.0,0.47058823529411764,0.0,0.6225316255064539,0.46844362745098045,,True,0.0,0.4,0.85
cell_edge,Two-stage without physics,1.0,0.3897058823529412,0.0,0.5446296296296296,0.38996119281045755,,True,0.0,0.4,0.9
cell_edge,Two-stage without physics,1.0,0.25,0.0,0.36466993588538127,0.25035743464052285,,True,0.0,0.4,0.95
cell_edge,Two-stage without physics,0.9421487603305785,0.8897058823529411,0.1791044776119403,0.8843055806779193,0.8371629901960784,,False,2.582089552238805,0.45,0.05
cell_edge,Two-stage without physics,0.9421487603305785,0.8897058823529411,0.1791044776119403,0.8843055806779193,0.8371629901960784,,False,2.582089552238805,0.45,0.1
cell_edge,Two-stage without physics,0.9421487603305785,0.8897058823529411,0.1791044776119403,0.8843055806779193,0.8371629901960784,,False,2.582089552238805,0.45,0.15
cell_edge,Two-stage without physics,0.9421487603305785,0.8897058823529411,0.1791044776119403,0.8843055806779193,0.8371629901960784,,False,2.582089552238805,0.45,0.2
cell_edge,Two-stage without physics,0.9421487603305785,0.8897058823529411,0.1791044776119403,0.8843055806779193,0.8371629901960784,,False,2.582089552238805,0.45,0.25
cell_edge,Two-stage without physics,0.9421487603305785,0.8897058823529411,0.1791044776119403,0.8843055806779193,0.8371629901960784,,False,2.582089552238805,0.45,0.3
cell_edge,Two-stage without physics,0.9495798319327731,0.875,0.1791044776119403,0.8827329548446587,0.8298100490196078,,False,2.582089552238805,0.45,0.35
cell_edge,Two-stage without physics,0.9655172413793104,0.8529411764705882,0.1044776119402985,0.885342647089034,0.8224571078431372,,False,1.08955223880597,0.45,0.4
cell_edge,Two-stage without physics,0.9739130434782609,0.8455882352941176,0.05970149253731343,0.889031171679198,0.8224571078431372,,False,0.19402985074626858,0.45,0.45
cell_edge,Two-stage without physics,0.9734513274336283,0.8308823529411765,0.014925373134328358,0.8805399269867742,0.8077001633986928,,True,0.0,0.45,0.5
cell_edge,Two-stage without physics,0.9811320754716981,0.7794117647058824,0.0,0.8570960308195754,0.7630718954248366,,True,0.0,0.45,0.55
cell_edge,Two-stage without physics,0.9803921568627451,0.75,0.0,0.8381157225792213,0.733609068627451,,True,0.0,0.45,0.6
cell_edge,Two-stage without physics,0.9893617021276596,0.6911764705882353,0.0,0.8074983465608465,0.6829044117647058,,True,0.0,0.45,0.65
cell_edge,Two-stage without physics,1.0,0.6544117647058824,0.0,0.7893227740001934,0.6529820261437909,,True,0.0,0.45,0.7
cell_edge,Two-stage without physics,1.0,0.6102941176470589,0.0,0.7564288837318803,0.6092218137254901,,True,0.0,0.45,0.75
cell_edge,Two-stage without physics,1.0,0.5514705882352942,0.0,0.7051270662348145,0.5498876633986928,,True,0.0,0.45,0.8
cell_edge,Two-stage without physics,1.0,0.47058823529411764,0.0,0.6225316255064539,0.46844362745098045,,True,0.0,0.45,0.85
cell_edge,Two-stage without physics,1.0,0.3897058823529412,0.0,0.5446296296296296,0.38996119281045755,,True,0.0,0.45,0.9
cell_edge,Two-stage without physics,1.0,0.25,0.0,0.36466993588538127,0.25035743464052285,,True,0.0,0.45,0.95
cell_edge,Two-stage without physics,0.9491525423728814,0.8676470588235294,0.14925373134328357,0.8771575198994553,0.8224571078431372,,False,1.9850746268656712,0.5,0.05
cell_edge,Two-stage without physics,0.9491525423728814,0.8676470588235294,0.14925373134328357,0.8771575198994553,0.8224571078431372,,False,1.9850746268656712,0.5,0.1
cell_edge,Two-stage without physics,0.9491525423728814,0.8676470588235294,0.14925373134328357,0.8771575198994553,0.8224571078431372,,False,1.9850746268656712,0.5,0.15
cell_edge,Two-stage without physics,0.9491525423728814,0.8676470588235294,0.14925373134328357,0.8771575198994553,0.8224571078431372,,False,1.9850746268656712,0.5,0.2
cell_edge,Two-stage without physics,0.9491525423728814,0.8676470588235294,0.14925373134328357,0.8771575198994553,0.8224571078431372,,False,1.9850746268656712,0.5,0.25
cell_edge,Two-stage without physics,0.9491525423728814,0.8676470588235294,0.14925373134328357,0.8771575198994553,0.8224571078431372,,False,1.9850746268656712,0.5,0.3
cell_edge,Two-stage without physics,0.9568965517241379,0.8529411764705882,0.14925373134328357,0.87520757930594,0.8151041666666666,,False,1.9850746268656712,0.5,0.35
cell_edge,Two-stage without physics,0.9649122807017544,0.8382352941176471,0.08955223880597014,0.8744973520332127,0.8077512254901961,,False,0.7910447761194028,0.5,0.4
cell_edge,Two-stage without physics,0.9734513274336283,0.8308823529411765,0.04477611940298507,0.8781858766233767,0.8077512254901961,,True,0.0,0.5,0.45
cell_edge,Two-stage without physics,0.972972972972973,0.8161764705882353,0.014925373134328358,0.8696946319309529,0.7929942810457516,,True,0.0,0.5,0.5
cell_edge,Two-stage without physics,0.9807692307692307,0.7647058823529411,0.0,0.8462507357637541,0.7483660130718954,,True,0.0,0.5,0.55
cell_edge,Two-stage without physics,0.98,0.7352941176470589,0.0,0.8272704275234,0.7189031862745099,,True,0.0,0.5,0.6
cell_edge,Two-stage without physics,0.9891304347826086,0.6764705882352942,0.0,0.7962549603174602,0.6681985294117647,,True,0.0,0.5,0.65
cell_edge,Two-stage without physics,1.0,0.6397058823529411,0.0,0.7780793877568071,0.6382761437908497,,True,0.0,0.5,0.7
cell_edge,Two-stage without physics,1.0,0.5955882352941176,0.0,0.7447650758416574,0.594515931372549,,True,0.0,0.5,0.75
cell_edge,Two-stage without physics,1.0,0.5367647058823529,0.0,0.6934632583445914,0.5351817810457516,,True,0.0,0.5,0.8
cell_edge,Two-stage without physics,1.0,0.45588235294117646,0.0,0.6108678176162309,0.45373774509803927,,True,0.0,0.5,0.85
cell_edge,Two-stage without physics,1.0,0.375,0.0,0.5325213675213675,0.3752553104575163,,True,0.0,0.5,0.9
cell_edge,Two-stage without physics,1.0,0.2426470588235294,0.0,0.3585015759434364,0.24300449346405228,,True,0.0,0.5,0.95
cell_edge,Two-stage without physics,0.9491525423728814,0.8676470588235294,0.14925373134328357,0.8771575198994553,0.8224571078431372,,False,1.9850746268656712,0.55,0.05
cell_edge,Two-stage without physics,0.9491525423728814,0.8676470588235294,0.14925373134328357,0.8771575198994553,0.8224571078431372,,False,1.9850746268656712,0.55,0.1
cell_edge,Two-stage without physics,0.9491525423728814,0.8676470588235294,0.14925373134328357,0.8771575198994553,0.8224571078431372,,False,1.9850746268656712,0.55,0.15
cell_edge,Two-stage without physics,0.9491525423728814,0.8676470588235294,0.14925373134328357,0.8771575198994553,0.8224571078431372,,False,1.9850746268656712,0.55,0.2
cell_edge,Two-stage without physics,0.9491525423728814,0.8676470588235294,0.14925373134328357,0.8771575198994553,0.8224571078431372,,False,1.9850746268656712,0.55,0.25
cell_edge,Two-stage without physics,0.9491525423728814,0.8676470588235294,0.14925373134328357,0.8771575198994553,0.8224571078431372,,False,1.9850746268656712,0.55,0.3
cell_edge,Two-stage without physics,0.9568965517241379,0.8529411764705882,0.14925373134328357,0.87520757930594,0.8151041666666666,,False,1.9850746268656712,0.55,0.35
cell_edge,Two-stage without physics,0.9649122807017544,0.8382352941176471,0.08955223880597014,0.8744973520332127,0.8077512254901961,,False,0.7910447761194028,0.55,0.4
cell_edge,Two-stage without physics,0.9734513274336283,0.8308823529411765,0.04477611940298507,0.8781858766233767,0.8077512254901961,,True,0.0,0.55,0.45
cell_edge,Two-stage without physics,0.972972972972973,0.8161764705882353,0.014925373134328358,0.8696946319309529,0.7929942810457516,,True,0.0,0.55,0.5
cell_edge,Two-stage without physics,0.9807692307692307,0.7647058823529411,0.0,0.8462507357637541,0.7483660130718954,,True,0.0,0.55,0.55
cell_edge,Two-stage without physics,0.98,0.7352941176470589,0.0,0.8272704275234,0.7189031862745099,,True,0.0,0.55,0.6
cell_edge,Two-stage without physics,0.9891304347826086,0.6764705882352942,0.0,0.7962549603174602,0.6681985294117647,,True,0.0,0.55,0.65
cell_edge,Two-stage without physics,1.0,0.6397058823529411,0.0,0.7780793877568071,0.6382761437908497,,True,0.0,0.55,0.7
cell_edge,Two-stage without physics,1.0,0.5955882352941176,0.0,0.7447650758416574,0.594515931372549,,True,0.0,0.55,0.75
cell_edge,Two-stage without physics,1.0,0.5367647058823529,0.0,0.6934632583445914,0.5351817810457516,,True,0.0,0.55,0.8
cell_edge,Two-stage without physics,1.0,0.45588235294117646,0.0,0.6108678176162309,0.45373774509803927,,True,0.0,0.55,0.85
cell_edge,Two-stage without physics,1.0,0.375,0.0,0.5325213675213675,0.3752553104575163,,True,0.0,0.55,0.9
cell_edge,Two-stage without physics,1.0,0.2426470588235294,0.0,0.3585015759434364,0.24300449346405228,,True,0.0,0.55,0.95
cell_edge,Two-stage without physics,0.9568965517241379,0.8529411764705882,0.08955223880597014,0.8760268420104484,0.8146446078431372,,False,0.7910447761194028,0.6,0.05
cell_edge,Two-stage without physics,0.9568965517241379,0.8529411764705882,0.08955223880597014,0.8760268420104484,0.8146446078431372,,False,0.7910447761194028,0.6,0.1
cell_edge,Two-stage without physics,0.9568965517241379,0.8529411764705882,0.08955223880597014,0.8760268420104484,0.8146446078431372,,False,0.7910447761194028,0.6,0.15
cell_edge,Two-stage without physics,0.9568965517241379,0.8529411764705882,0.08955223880597014,0.8760268420104484,0.8146446078431372,,False,0.7910447761194028,0.6,0.2
cell_edge,Two-stage without physics,0.9568965517241379,0.8529411764705882,0.08955223880597014,0.8760268420104484,0.8146446078431372,,False,0.7910447761194028,0.6,0.25
cell_edge,Two-stage without physics,0.9568965517241379,0.8529411764705882,0.08955223880597014,0.8760268420104484,0.8146446078431372,,False,0.7910447761194028,0.6,0.3
cell_edge,Two-stage without physics,0.9649122807017544,0.8382352941176471,0.08955223880597014,0.8740592740592741,0.8072916666666666,,False,0.7910447761194028,0.6,0.35
cell_edge,Two-stage without physics,0.9646017699115044,0.8308823529411765,0.04477611940298507,0.8698525432900432,0.7999387254901961,,True,0.0,0.6,0.4
cell_edge,Two-stage without physics,0.9732142857142857,0.8235294117647058,0.029850746268656716,0.8735248596742241,0.7999387254901961,,True,0.0,0.6,0.45
cell_edge,Two-stage without physics,0.9727272727272728,0.8088235294117647,0.014925373134328358,0.8648728902594157,0.7851817810457516,,True,0.0,0.6,0.5
cell_edge,Two-stage without physics,0.9805825242718447,0.7573529411764706,0.0,0.8410559305689489,0.7405535130718954,,True,0.0,0.6,0.55
cell_edge,Two-stage without physics,0.9797979797979798,0.7279411764705882,0.0,0.8218832221361946,0.7110906862745099,,True,0.0,0.6,0.6
cell_edge,Two-stage without physics,0.989010989010989,0.6691176470588235,0.0,0.7906644641609264,0.6603860294117647,,True,0.0,0.6,0.65
cell_edge,Two-stage without physics,1.0,0.6397058823529411,0.0,0.7780793877568071,0.6382761437908497,,True,0.0,0.6,0.7
cell_edge,Two-stage without physics,1.0,0.5955882352941176,0.0,0.7447650758416574,0.594515931372549,,True,0.0,0.6,0.75
cell_edge,Two-stage without physics,1.0,0.5367647058823529,0.0,0.6934632583445914,0.5351817810457516,,True,0.0,0.6,0.8
cell_edge,Two-stage without physics,1.0,0.45588235294117646,0.0,0.6108678176162309,0.45373774509803927,,True,0.0,0.6,0.85
cell_edge,Two-stage without physics,1.0,0.375,0.0,0.5325213675213675,0.3752553104575163,,True,0.0,0.6,0.9
cell_edge,Two-stage without physics,1.0,0.2426470588235294,0.0,0.3585015759434364,0.24300449346405228,,True,0.0,0.6,0.95
cell_edge,Two-stage without physics,0.956140350877193,0.8382352941176471,0.05970149253731343,0.8657259407259408,0.7994791666666666,,False,0.19402985074626858,0.65,0.05
cell_edge,Two-stage without physics,0.956140350877193,0.8382352941176471,0.05970149253731343,0.8657259407259408,0.7994791666666666,,False,0.19402985074626858,0.65,0.1
cell_edge,Two-stage without physics,0.956140350877193,0.8382352941176471,0.05970149253731343,0.8657259407259408,0.7994791666666666,,False,0.19402985074626858,0.65,0.15
cell_edge,Two-stage without physics,0.956140350877193,0.8382352941176471,0.05970149253731343,0.8657259407259408,0.7994791666666666,,False,0.19402985074626858,0.65,0.2
cell_edge,Two-stage without physics,0.956140350877193,0.8382352941176471,0.05970149253731343,0.8657259407259408,0.7994791666666666,,False,0.19402985074626858,0.65,0.25
cell_edge,Two-stage without physics,0.956140350877193,0.8382352941176471,0.05970149253731343,0.8657259407259408,0.7994791666666666,,False,0.19402985074626858,0.65,0.3
cell_edge,Two-stage without physics,0.9642857142857143,0.8235294117647058,0.05970149253731343,0.8635331084483626,0.7921262254901961,,False,0.19402985074626858,0.65,0.35
cell_edge,Two-stage without physics,0.963963963963964,0.8161764705882353,0.029850746268656716,0.8593263776791319,0.7847732843137255,,True,0.0,0.65,0.4
cell_edge,Two-stage without physics,0.9727272727272728,0.8088235294117647,0.014925373134328358,0.8629792122787812,0.7847732843137255,,True,0.0,0.65,0.45
cell_edge,Two-stage without physics,0.9722222222222222,0.7941176470588235,0.014925373134328358,0.8541580589456734,0.7700163398692811,,True,0.0,0.65,0.5
cell_edge,Two-stage without physics,0.9801980198019802,0.7426470588235294,0.0,0.8299448194578378,0.7253880718954249,,True,0.0,0.65,0.55
cell_edge,Two-stage without physics,0.979381443298969,0.7132352941176471,0.0,0.8105688202557549,0.6959252450980393,,True,0.0,0.65,0.6
cell_edge,Two-stage without physics,0.9887640449438202,0.6544117647058824,0.0,0.7789190467551316,0.6452205882352942,,True,0.0,0.65,0.65
cell_edge,Two-stage without physics,1.0,0.625,0.0,0.7661063030867191,0.6231107026143792,,True,0.0,0.65,0.7
cell_edge,Two-stage without physics,1.0,0.5808823529411765,0.0,0.7323222060957909,0.5793504901960784,,True,0.0,0.65,0.75
cell_edge,Two-stage without physics,1.0,0.5220588235294118,0.0,0.6804921773142113,0.520016339869281,,True,0.0,0.65,0.8
cell_edge,Two-stage without physics,1.0,0.4485294117647059,0.0,0.604699457674286,0.44638480392156865,,True,0.0,0.65,0.85
cell_edge,Two-stage without physics,1.0,0.36764705882352944,0.0,0.5261111111111111,0.36790236928104575,,True,0.0,0.65,0.9
cell_edge,Two-stage without physics,1.0,0.23529411764705882,0.0,0.35209131953318,0.2356515522875817,,True,0.0,0.65,0.95
cell_edge,Two-stage without physics,0.9642857142857143,0.8235294117647058,0.05970149253731343,0.8642891591167454,0.7916666666666666,,False,0.19402985074626858,0.7,0.05
cell_edge,Two-stage without physics,0.9642857142857143,0.8235294117647058,0.05970149253731343,0.8642891591167454,0.7916666666666666,,False,0.19402985074626858,0.7,0.1
cell_edge,Two-stage without physics,0.9642857142857143,0.8235294117647058,0.05970149253731343,0.8642891591167454,0.7916666666666666,,False,0.19402985074626858,0.7,0.15
cell_edge,Two-stage without physics,0.9642857142857143,0.8235294117647058,0.05970149253731343,0.8642891591167454,0.7916666666666666,,False,0.19402985074626858,0.7,0.2
cell_edge,Two-stage without physics,0.9642857142857143,0.8235294117647058,0.05970149253731343,0.8642891591167454,0.7916666666666666,,False,0.19402985074626858,0.7,0.25
cell_edge,Two-stage without physics,0.9642857142857143,0.8235294117647058,0.05970149253731343,0.8642891591167454,0.7916666666666666,,False,0.19402985074626858,0.7,0.3
cell_edge,Two-stage without physics,0.9727272727272728,0.8088235294117647,0.05970149253731343,0.8621950174581754,0.7843137254901961,,False,0.19402985074626858,0.7,0.35
cell_edge,Two-stage without physics,0.9724770642201835,0.8014705882352942,0.029850746268656716,0.8579882866889446,0.7769607843137255,,True,0.0,0.7,0.4
cell_edge,Two-stage without physics,0.9814814814814815,0.7941176470588235,0.014925373134328358,0.8617476851851851,0.7769607843137255,,True,0.0,0.7,0.45
cell_edge,Two-stage without physics,0.9811320754716981,0.7794117647058824,0.014925373134328358,0.8527226522471087,0.7622038398692811,,True,0.0,0.7,0.5
cell_edge,Two-stage without physics,0.98,0.7352941176470589,0.0,0.824354323301304,0.7175755718954249,,True,0.0,0.7,0.55
cell_edge,Two-stage without physics,0.9791666666666666,0.7058823529411765,0.0,0.8047633050162775,0.6881127450980393,,True,0.0,0.7,0.6
cell_edge,Two-stage without physics,0.9886363636363636,0.6470588235294118,0.0,0.7728858642513609,0.6374080882352942,,True,0.0,0.7,0.65
cell_edge,Two-stage without physics,1.0,0.6176470588235294,0.0,0.7598317932827975,0.6152982026143792,,True,0.0,0.7,0.7
cell_edge,Two-stage without physics,1.0,0.5735294117647058,0.0,0.7257915938508931,0.5715379901960784,,True,0.0,0.7,0.75
cell_edge,Two-stage without physics,1.0,0.5147058823529411,0.0,0.6733999787326509,0.512203839869281,,True,0.0,0.7,0.8
cell_edge,Two-stage without physics,1.0,0.4411764705882353,0.0,0.5969699890752521,0.43857230392156865,,True,0.0,0.7,0.85
cell_edge,Two-stage without physics,1.0,0.3602941176470588,0.0,0.518030303030303,0.36008986928104575,,True,0.0,0.7,0.9
cell_edge,Two-stage without physics,1.0,0.23529411764705882,0.0,0.35209131953318,0.2356515522875817,,True,0.0,0.7,0.95
cell_edge,Two-stage without physics,0.963302752293578,0.8014705882352942,0.029850746268656716,0.8492163568643831,0.7691482843137255,,True,0.0,0.75,0.05
cell_edge,Two-stage without physics,0.963302752293578,0.8014705882352942,0.029850746268656716,0.8492163568643831,0.7691482843137255,,True,0.0,0.75,0.1
cell_edge,Two-stage without physics,0.963302752293578,0.8014705882352942,0.029850746268656716,0.8492163568643831,0.7691482843137255,,True,0.0,0.75,0.15
cell_edge,Two-stage without physics,0.963302752293578,0.8014705882352942,0.029850746268656716,0.8492163568643831,0.7691482843137255,,True,0.0,0.75,0.2
cell_edge,Two-stage without physics,0.963302752293578,0.8014705882352942,0.029850746268656716,0.8492163568643831,0.7691482843137255,,True,0.0,0.75,0.25
cell_edge,Two-stage without physics,0.963302752293578,0.8014705882352942,0.029850746268656716,0.8492163568643831,0.7691482843137255,,True,0.0,0.75,0.3
cell_edge,Two-stage without physics,0.9719626168224299,0.7867647058823529,0.029850746268656716,0.8468792115902964,0.7617953431372549,,True,0.0,0.75,0.35
cell_edge,Two-stage without physics,0.9716981132075472,0.7794117647058824,0.029850746268656716,0.8425389338125187,0.7544424019607843,,True,0.0,0.75,0.4
cell_edge,Two-stage without physics,0.9809523809523809,0.7720588235294118,0.014925373134328358,0.8462727000462849,0.7544424019607843,,True,0.0,0.75,0.45
cell_edge,Two-stage without physics,0.9805825242718447,0.7573529411764706,0.014925373134328358,0.8370552669158083,0.7396854575163399,,True,0.0,0.75,0.5
cell_edge,Two-stage without physics,0.9795918367346939,0.7205882352941176,0.0,0.8126089058955092,0.7024101307189543,,True,0.0,0.75,0.55
cell_edge,Two-stage without physics,0.9787234042553191,0.6911764705882353,0.0,0.7927902203461894,0.6729473039215687,,True,0.0,0.75,0.6
cell_edge,Two-stage without physics,0.9883720930232558,0.6323529411764706,0.0,0.7604429945054945,0.6222426470588235,,True,0.0,0.75,0.65
cell_edge,Two-stage without physics,1.0,0.6029411764705882,0.0,0.7471328210959547,0.6001327614379085,,True,0.0,0.75,0.7
cell_edge,Two-stage without physics,1.0,0.5661764705882353,0.0,0.7189888727624577,0.5637254901960784,,True,0.0,0.75,0.75
cell_edge,Two-stage without physics,1.0,0.5073529411764706,0.0,0.6659994236910228,0.504391339869281,,True,0.0,0.75,0.8
cell_edge,Two-stage without physics,1.0,0.4338235294117647,0.0,0.5888891809944441,0.43075980392156865,,True,0.0,0.75,0.85
cell_edge,Two-stage without physics,1.0,0.35294117647058826,0.0,0.5095736434108527,0.35227736928104575,,True,0.0,0.75,0.9
cell_edge,Two-stage without physics,1.0,0.23529411764705882,0.0,0.35209131953318,0.2356515522875817,,True,0.0,0.75,0.95
cell_edge,Two-stage without physics,0.9626168224299065,0.7867647058823529,0.029850746268656716,0.837950640161725,0.7539828431372549,,True,0.0,0.8,0.05
cell_edge,Two-stage without physics,0.9626168224299065,0.7867647058823529,0.029850746268656716,0.837950640161725,0.7539828431372549,,True,0.0,0.8,0.1
cell_edge,Two-stage without physics,0.9626168224299065,0.7867647058823529,0.029850746268656716,0.837950640161725,0.7539828431372549,,True,0.0,0.8,0.15
cell_edge,Two-stage without physics,0.9626168224299065,0.7867647058823529,0.029850746268656716,0.837950640161725,0.7539828431372549,,True,0.0,0.8,0.2
cell_edge,Two-stage without physics,0.9626168224299065,0.7867647058823529,0.029850746268656716,0.837950640161725,0.7539828431372549,,True,0.0,0.8,0.25
cell_edge,Two-stage without physics,0.9626168224299065,0.7867647058823529,0.029850746268656716,0.837950640161725,0.7539828431372549,,True,0.0,0.8,0.3
cell_edge,Two-stage without physics,0.9714285714285714,0.7720588235294118,0.029850746268656716,0.8353537087912088,0.7466299019607843,,True,0.0,0.8,0.35
cell_edge,Two-stage without physics,0.9711538461538461,0.7647058823529411,0.029850746268656716,0.8310134310134311,0.7392769607843137,,True,0.0,0.8,0.4
cell_edge,Two-stage without physics,0.9805825242718447,0.7573529411764706,0.014925373134328358,0.8347171347171346,0.7392769607843137,,True,0.0,0.8,0.45
cell_edge,Two-stage without physics,0.9801980198019802,0.7426470588235294,0.014925373134328358,0.8252964108173296,0.7245200163398693,,True,0.0,0.8,0.5
cell_edge,Two-stage without physics,0.9791666666666666,0.7058823529411765,0.0,0.8004073634497935,0.6872446895424836,,True,0.0,0.8,0.55
cell_edge,Two-stage without physics,0.9782608695652174,0.6764705882352942,0.0,0.780347350600323,0.6577818627450981,,True,0.0,0.8,0.6
cell_edge,Two-stage without physics,0.9880952380952381,0.6176470588235294,0.0,0.74750212585034,0.6070772058823529,,True,0.0,0.8,0.65
cell_edge,Two-stage without physics,1.0,0.5882352941176471,0.0,0.7339198435972629,0.5849673202614379,,True,0.0,0.8,0.7
cell_edge,Two-stage without physics,1.0,0.5514705882352942,0.0,0.7054864177706409,0.5485600490196079,,True,0.0,0.8,0.75
cell_edge,Two-stage without physics,1.0,0.49264705882352944,0.0,0.6518596986817325,0.4892258986928104,,True,0.0,0.8,0.8
cell_edge,Two-stage without physics,1.0,0.41911764705882354,0.0,0.5740222649647374,0.4155943627450981,,True,0.0,0.8,0.85
cell_edge,Two-stage without physics,1.0,0.34558823529411764,0.0,0.5007142857142857,0.34446486928104575,,True,0.0,0.8,0.9
cell_edge,Two-stage without physics,1.0,0.23529411764705882,0.0,0.35209131953318,0.2356515522875817,,True,0.0,0.8,0.95
cell_edge,Two-stage without physics,0.9626168224299065,0.7867647058823529,0.029850746268656716,0.837950640161725,0.7539828431372549,,True,0.0,0.85,0.05
cell_edge,Two-stage without physics,0.9626168224299065,0.7867647058823529,0.029850746268656716,0.837950640161725,0.7539828431372549,,True,0.0,0.85,0.1
cell_edge,Two-stage without physics,0.9626168224299065,0.7867647058823529,0.029850746268656716,0.837950640161725,0.7539828431372549,,True,0.0,0.85,0.15
cell_edge,Two-stage without physics,0.9626168224299065,0.7867647058823529,0.029850746268656716,0.837950640161725,0.7539828431372549,,True,0.0,0.85,0.2
cell_edge,Two-stage without physics,0.9626168224299065,0.7867647058823529,0.029850746268656716,0.837950640161725,0.7539828431372549,,True,0.0,0.85,0.25
cell_edge,Two-stage without physics,0.9626168224299065,0.7867647058823529,0.029850746268656716,0.837950640161725,0.7539828431372549,,True,0.0,0.85,0.3
cell_edge,Two-stage without physics,0.9714285714285714,0.7720588235294118,0.029850746268656716,0.8353537087912088,0.7466299019607843,,True,0.0,0.85,0.35
cell_edge,Two-stage without physics,0.9711538461538461,0.7647058823529411,0.029850746268656716,0.8310134310134311,0.7392769607843137,,True,0.0,0.85,0.4
cell_edge,Two-stage without physics,0.9805825242718447,0.7573529411764706,0.014925373134328358,0.8347171347171346,0.7392769607843137,,True,0.0,0.85,0.45
cell_edge,Two-stage without physics,0.9801980198019802,0.7426470588235294,0.014925373134328358,0.8252964108173296,0.7245200163398693,,True,0.0,0.85,0.5
cell_edge,Two-stage without physics,0.9791666666666666,0.7058823529411765,0.0,0.8004073634497935,0.6872446895424836,,True,0.0,0.85,0.55
cell_edge,Two-stage without physics,0.9782608695652174,0.6764705882352942,0.0,0.780347350600323,0.6577818627450981,,True,0.0,0.85,0.6
cell_edge,Two-stage without physics,0.9880952380952381,0.6176470588235294,0.0,0.74750212585034,0.6070772058823529,,True,0.0,0.85,0.65
cell_edge,Two-stage without physics,1.0,0.5882352941176471,0.0,0.7339198435972629,0.5849673202614379,,True,0.0,0.85,0.7
cell_edge,Two-stage without physics,1.0,0.5514705882352942,0.0,0.7054864177706409,0.5485600490196079,,True,0.0,0.85,0.75
cell_edge,Two-stage without physics,1.0,0.49264705882352944,0.0,0.6518596986817325,0.4892258986928104,,True,0.0,0.85,0.8
cell_edge,Two-stage without physics,1.0,0.41911764705882354,0.0,0.5740222649647374,0.4155943627450981,,True,0.0,0.85,0.85
cell_edge,Two-stage without physics,1.0,0.34558823529411764,0.0,0.5007142857142857,0.34446486928104575,,True,0.0,0.85,0.9
cell_edge,Two-stage without physics,1.0,0.23529411764705882,0.0,0.35209131953318,0.2356515522875817,,True,0.0,0.85,0.95
cell_edge,Two-stage without physics,0.9611650485436893,0.7573529411764706,0.029850746268656716,0.8145989918100767,0.7231924019607843,,True,0.0,0.9,0.05
cell_edge,Two-stage without physics,0.9611650485436893,0.7573529411764706,0.029850746268656716,0.8145989918100767,0.7231924019607843,,True,0.0,0.9,0.1
cell_edge,Two-stage without physics,0.9611650485436893,0.7573529411764706,0.029850746268656716,0.8145989918100767,0.7231924019607843,,True,0.0,0.9,0.15
cell_edge,Two-stage without physics,0.9611650485436893,0.7573529411764706,0.029850746268656716,0.8145989918100767,0.7231924019607843,,True,0.0,0.9,0.2
cell_edge,Two-stage without physics,0.9611650485436893,0.7573529411764706,0.029850746268656716,0.8145989918100767,0.7231924019607843,,True,0.0,0.9,0.25
cell_edge,Two-stage without physics,0.9611650485436893,0.7573529411764706,0.029850746268656716,0.8145989918100767,0.7231924019607843,,True,0.0,0.9,0.3
cell_edge,Two-stage without physics,0.9702970297029703,0.7426470588235294,0.029850746268656716,0.81163576007326,0.7158394607843137,,True,0.0,0.9,0.35
cell_edge,Two-stage without physics,0.97,0.7352941176470589,0.029850746268656716,0.8072954822954822,0.7084865196078431,,True,0.0,0.9,0.4
cell_edge,Two-stage without physics,0.9797979797979798,0.7279411764705882,0.014925373134328358,0.8108776844070962,0.7084865196078431,,True,0.0,0.9,0.45
cell_edge,Two-stage without physics,0.979381443298969,0.7132352941176471,0.014925373134328358,0.8007729468599033,0.6937295751633987,,True,0.0,0.9,0.5
cell_edge,Two-stage without physics,0.978494623655914,0.6838235294117647,0.0,0.7811919849907176,0.6642667483660131,,True,0.0,0.9,0.55
cell_edge,Two-stage without physics,0.9775280898876404,0.6544117647058824,0.0,0.7606037608567333,0.6348039215686275,,True,0.0,0.9,0.6
cell_edge,Two-stage without physics,0.9878048780487805,0.6029411764705882,0.0,0.7336072061803445,0.5914522058823529,,True,0.0,0.9,0.65
cell_edge,Two-stage without physics,1.0,0.5735294117647058,0.0,0.7194270899740746,0.5693423202614379,,True,0.0,0.9,0.7
cell_edge,Two-stage without physics,1.0,0.5367647058823529,0.0,0.690356394129979,0.5329350490196079,,True,0.0,0.9,0.75
cell_edge,Two-stage without physics,1.0,0.47794117647058826,0.0,0.6353222309814742,0.4736008986928104,,True,0.0,0.9,0.8
cell_edge,Two-stage without physics,1.0,0.40441176470588236,0.0,0.555871385781527,0.3999693627450981,,True,0.0,0.9,0.85
cell_edge,Two-stage without physics,1.0,0.33088235294117646,0.0,0.4816666666666667,0.32883986928104575,,True,0.0,0.9,0.9
cell_edge,Two-stage without physics,1.0,0.23529411764705882,0.0,0.35209131953318,0.2356515522875817,,True,0.0,0.9,0.95
cell_edge,Two-stage without physics,0.968421052631579,0.6985294117647058,0.0,0.7765174456879527,0.6708026960784313,,True,0.0,0.95,0.05
cell_edge,Two-stage without physics,0.968421052631579,0.6985294117647058,0.0,0.7765174456879527,0.6708026960784313,,True,0.0,0.95,0.1
cell_edge,Two-stage without physics,0.968421052631579,0.6985294117647058,0.0,0.7765174456879527,0.6708026960784313,,True,0.0,0.95,0.15
cell_edge,Two-stage without physics,0.968421052631579,0.6985294117647058,0.0,0.7765174456879527,0.6708026960784313,,True,0.0,0.95,0.2
cell_edge,Two-stage without physics,0.968421052631579,0.6985294117647058,0.0,0.7765174456879527,0.6708026960784313,,True,0.0,0.95,0.25
cell_edge,Two-stage without physics,0.968421052631579,0.6985294117647058,0.0,0.7765174456879527,0.6708026960784313,,True,0.0,0.95,0.3
cell_edge,Two-stage without physics,0.968421052631579,0.6985294117647058,0.0,0.7765174456879527,0.6708026960784313,,True,0.0,0.95,0.35
cell_edge,Two-stage without physics,0.9680851063829787,0.6911764705882353,0.0,0.7718902643024423,0.6634497549019607,,True,0.0,0.95,0.4
cell_edge,Two-stage without physics,0.978494623655914,0.6838235294117647,0.0,0.7753596520575443,0.6634497549019607,,True,0.0,0.95,0.45
cell_edge,Two-stage without physics,0.978021978021978,0.6691176470588235,0.0,0.7647267032258378,0.6486928104575163,,True,0.0,0.95,0.5
cell_edge,Two-stage without physics,0.9770114942528736,0.6397058823529411,0.0,0.7439666995539652,0.6192299836601307,,True,0.0,0.95,0.55
cell_edge,Two-stage without physics,0.9759036144578314,0.6102941176470589,0.0,0.7220981906885504,0.5897671568627452,,True,0.0,0.95,0.6
cell_edge,Two-stage without physics,0.9868421052631579,0.5588235294117647,0.0,0.6936283541194255,0.5464154411764706,,True,0.0,0.95,0.65
cell_edge,Two-stage without physics,1.0,0.5367647058823529,0.0,0.686428371307947,0.5321180555555556,,True,0.0,0.95,0.7
cell_edge,Two-stage without physics,1.0,0.5073529411764706,0.0,0.6625017839303553,0.5030637254901961,,True,0.0,0.95,0.75
cell_edge,Two-stage without physics,1.0,0.45588235294117646,0.0,0.6128574311080365,0.4510825163398693,,True,0.0,0.95,0.8
cell_edge,Two-stage without physics,1.0,0.38235294117647056,0.0,0.5325098460436806,0.37745098039215685,,True,0.0,0.95,0.85
cell_edge,Two-stage without physics,1.0,0.3088235294117647,0.0,0.4578048142333857,0.30632148692810457,,True,0.0,0.95,0.9
cell_edge,Two-stage without physics,1.0,0.21323529411764705,0.0,0.32768965603377215,0.21313316993464052,,True,0.0,0.95,0.95
cell_edge,PhyGuard,0.9338235294117647,1.0,0.6567164179104478,0.933881881354099,0.9350490196078431,,False,12.134328358208954,0.05,0.05
cell_edge,PhyGuard,0.9338235294117647,1.0,0.6567164179104478,0.933881881354099,0.9350490196078431,,False,12.134328358208954,0.05,0.1
cell_edge,PhyGuard,0.9338235294117647,1.0,0.6567164179104478,0.933881881354099,0.9350490196078431,,False,12.134328358208954,0.05,0.15
cell_edge,PhyGuard,0.9338235294117647,1.0,0.6567164179104478,0.933881881354099,0.9350490196078431,,False,12.134328358208954,0.05,0.2
cell_edge,PhyGuard,0.9338235294117647,1.0,0.6567164179104478,0.933881881354099,0.9350490196078431,,False,12.134328358208954,0.05,0.25
cell_edge,PhyGuard,0.9407407407407408,0.9926470588235294,0.6567164179104478,0.9372919410301435,0.9350490196078431,,False,12.134328358208954,0.05,0.3
cell_edge,PhyGuard,0.9621212121212122,0.9705882352941176,0.6268656716417911,0.9476497653378435,0.9350490196078431,,False,11.53731343283582,0.05,0.35
cell_edge,PhyGuard,0.9612403100775194,0.9485294117647058,0.5671641791044776,0.9357561086214256,0.9120710784313725,,False,10.34328358208955,0.05,0.4
cell_edge,PhyGuard,0.968503937007874,0.9338235294117647,0.417910447761194,0.9356534090909091,0.905126633986928,,False,7.35820895522388,0.05,0.45
cell_edge,PhyGuard,0.9834710743801653,0.8897058823529411,0.373134328358209,0.9263298551871358,0.8756638071895424,,False,6.462686567164179,0.05,0.5
cell_edge,PhyGuard,0.9831932773109243,0.875,0.29850746268656714,0.9177889889931218,0.8613664215686274,,False,4.970149253731343,0.05,0.55
cell_edge,PhyGuard,0.9911504424778761,0.8308823529411765,0.2835820895522388,0.8988364742602031,0.8240910947712419,,False,4.671641791044776,0.05,0.6
cell_edge,PhyGuard,0.9908256880733946,0.8014705882352942,0.19402985074626866,0.8807940981432361,0.7946282679738562,,False,2.8805970149253732,0.05,0.65
cell_edge,PhyGuard,0.9893617021276596,0.6911764705882353,0.13432835820895522,0.8037086332886698,0.6823937908496731,,False,1.6865671641791042,0.05,0.7
cell_edge,PhyGuard,1.0,0.6323529411764706,0.029850746268656716,0.768131010285577,0.629953022875817,,True,0.0,0.05,0.75
cell_edge,PhyGuard,1.0,0.5955882352941176,0.014925373134328358,0.7396551724137931,0.5939542483660131,,True,0.0,0.05,0.8
cell_edge,PhyGuard,1.0,0.5147058823529411,0.014925373134328358,0.6594637261138993,0.5134293300653595,,True,0.0,0.05,0.85
cell_edge,PhyGuard,1.0,0.3897058823529412,0.0,0.5324648368668912,0.3911866830065359,,True,0.0,0.05,0.9
cell_edge,PhyGuard,1.0,0.2426470588235294,0.0,0.35470315847674333,0.24341299019607843,,True,0.0,0.05,0.95
cell_edge,PhyGuard,0.9333333333333333,0.9926470588235294,0.5223880597014925,0.9300374670619236,0.9276960784313725,,False,9.44776119402985,0.1,0.05
cell_edge,PhyGuard,0.9333333333333333,0.9926470588235294,0.5223880597014925,0.9300374670619236,0.9276960784313725,,False,9.44776119402985,0.1,0.1
cell_edge,PhyGuard,0.9333333333333333,0.9926470588235294,0.5223880597014925,0.9300374670619236,0.9276960784313725,,False,9.44776119402985,0.1,0.15
cell_edge,PhyGuard,0.9333333333333333,0.9926470588235294,0.5223880597014925,0.9300374670619236,0.9276960784313725,,False,9.44776119402985,0.1,0.2
cell_edge,PhyGuard,0.9333333333333333,0.9926470588235294,0.5223880597014925,0.9300374670619236,0.9276960784313725,,False,9.44776119402985,0.1,0.25
cell_edge,PhyGuard,0.9402985074626866,0.9852941176470589,0.5223880597014925,0.9334475267379679,0.9276960784313725,,False,9.44776119402985,0.1,0.3
cell_edge,PhyGuard,0.9618320610687023,0.9632352941176471,0.4925373134328358,0.943805351045668,0.9276960784313725,,False,8.850746268656716,0.1,0.35
cell_edge,PhyGuard,0.9609375,0.9411764705882353,0.43283582089552236,0.9317934046587216,0.9047181372549019,,False,7.656716417910447,0.1,0.4
cell_edge,PhyGuard,0.9682539682539683,0.9264705882352942,0.31343283582089554,0.9316907051282052,0.8977736928104575,,False,5.268656716417911,0.1,0.45
cell_edge,PhyGuard,0.9834710743801653,0.8897058823529411,0.2835820895522388,0.9263298551871358,0.8756638071895424,,False,4.671641791044776,0.1,0.5
cell_edge,PhyGuard,0.9831932773109243,0.875,0.23880597014925373,0.9177889889931218,0.8613664215686274,,False,3.776119402985074,0.1,0.55
cell_edge,PhyGuard,0.9911504424778761,0.8308823529411765,0.22388059701492538,0.8988364742602031,0.8240910947712419,,False,3.477611940298507,0.1,0.6
cell_edge,PhyGuard,0.9908256880733946,0.8014705882352942,0.16417910447761194,0.8807940981432361,0.7946282679738562,,False,2.2835820895522385,0.1,0.65
cell_edge,PhyGuard,0.9893617021276596,0.6911764705882353,0.11940298507462686,0.8037086332886698,0.6823937908496731,,False,1.388059701492537,0.1,0.7
cell_edge,PhyGuard,1.0,0.6323529411764706,0.014925373134328358,0.768131010285577,0.629953022875817,,True,0.0,0.1,0.75
cell_edge,PhyGuard,1.0,0.5955882352941176,0.0,0.7396551724137931,0.5939542483660131,,True,0.0,0.1,0.8
cell_edge,PhyGuard,1.0,0.5147058823529411,0.0,0.6594637261138993,0.5134293300653595,,True,0.0,0.1,0.85
cell_edge,PhyGuard,1.0,0.3897058823529412,0.0,0.5324648368668912,0.3911866830065359,,True,0.0,0.1,0.9
cell_edge,PhyGuard,1.0,0.2426470588235294,0.0,0.35470315847674333,0.24341299019607843,,True,0.0,0.1,0.95
cell_edge,PhyGuard,0.9398496240601504,0.9779411764705882,0.29850746268656714,0.9294966926729986,0.9198835784313725,,False,4.970149253731343,0.15,0.05
cell_edge,PhyGuard,0.9398496240601504,0.9779411764705882,0.29850746268656714,0.9294966926729986,0.9198835784313725,,False,4.970149253731343,0.15,0.1
cell_edge,PhyGuard,0.9398496240601504,0.9779411764705882,0.29850746268656714,0.9294966926729986,0.9198835784313725,,False,4.970149253731343,0.15,0.15
cell_edge,PhyGuard,0.9398496240601504,0.9779411764705882,0.29850746268656714,0.9294966926729986,0.9198835784313725,,False,4.970149253731343,0.15,0.2
cell_edge,PhyGuard,0.9398496240601504,0.9779411764705882,0.29850746268656714,0.9294966926729986,0.9198835784313725,,False,4.970149253731343,0.15,0.25
cell_edge,PhyGuard,0.946969696969697,0.9705882352941176,0.29850746268656714,0.9330018939393939,0.9198835784313725,,False,4.970149253731343,0.15,0.3
cell_edge,PhyGuard,0.9615384615384616,0.9558823529411765,0.29850746268656714,0.939842647082964,0.9198835784313725,,False,4.970149253731343,0.15,0.35
cell_edge,PhyGuard,0.9606299212598425,0.9338235294117647,0.23880597014925373,0.9275771348174517,0.8969056372549019,,False,3.776119402985074,0.15,0.4
cell_edge,PhyGuard,0.968,0.9191176470588235,0.19402985074626866,0.9274664347749025,0.8899611928104575,,False,2.8805970149253732,0.15,0.45
cell_edge,PhyGuard,0.9833333333333333,0.8823529411764706,0.1791044776119403,0.9219582704876823,0.8678513071895424,,False,2.582089552238805,0.15,0.5
cell_edge,PhyGuard,0.9830508474576272,0.8676470588235294,0.13432835820895522,0.9134174042936682,0.8535539215686274,,False,1.6865671641791042,0.15,0.55
cell_edge,PhyGuard,0.9910714285714286,0.8235294117647058,0.11940298507462686,0.894160845972652,0.8162785947712419,,False,1.388059701492537,0.15,0.6
cell_edge,PhyGuard,0.9908256880733946,0.8014705882352942,0.07462686567164178,0.8807940981432361,0.7946282679738562,,False,0.49253731343283563,0.15,0.65
cell_edge,PhyGuard,0.9893617021276596,0.6911764705882353,0.04477611940298507,0.8037086332886698,0.6823937908496731,,True,0.0,0.15,0.7
cell_edge,PhyGuard,1.0,0.6323529411764706,0.014925373134328358,0.768131010285577,0.629953022875817,,True,0.0,0.15,0.75
cell_edge,PhyGuard,1.0,0.5955882352941176,0.0,0.7396551724137931,0.5939542483660131,,True,0.0,0.15,0.8
cell_edge,PhyGuard,1.0,0.5147058823529411,0.0,0.6594637261138993,0.5134293300653595,,True,0.0,0.15,0.85
cell_edge,PhyGuard,1.0,0.3897058823529412,0.0,0.5324648368668912,0.3911866830065359,,True,0.0,0.15,0.9
cell_edge,PhyGuard,1.0,0.2426470588235294,0.0,0.35470315847674333,0.24341299019607843,,True,0.0,0.15,0.95
cell_edge,PhyGuard,0.9461538461538461,0.9558823529411765,0.26865671641791045,0.9246911319314488,0.9047181372549019,,False,4.3731343283582085,0.2,0.05
cell_edge,PhyGuard,0.9461538461538461,0.9558823529411765,0.26865671641791045,0.9246911319314488,0.9047181372549019,,False,4.3731343283582085,0.2,0.1
cell_edge,PhyGuard,0.9461538461538461,0.9558823529411765,0.26865671641791045,0.9246911319314488,0.9047181372549019,,False,4.3731343283582085,0.2,0.15
cell_edge,PhyGuard,0.9461538461538461,0.9558823529411765,0.26865671641791045,0.9246911319314488,0.9047181372549019,,False,4.3731343283582085,0.2,0.2
cell_edge,PhyGuard,0.9461538461538461,0.9558823529411765,0.26865671641791045,0.9246911319314488,0.9047181372549019,,False,4.3731343283582085,0.2,0.25
cell_edge,PhyGuard,0.9534883720930233,0.9485294117647058,0.26865671641791045,0.9281876354279524,0.9047181372549019,,False,4.3731343283582085,0.2,0.3
cell_edge,PhyGuard,0.9609375,0.9411764705882353,0.26865671641791045,0.9317934046587216,0.9047181372549019,,False,4.3731343283582085,0.2,0.35
cell_edge,PhyGuard,0.96,0.9191176470588235,0.208955223880597,0.9191383178100863,0.8817401960784313,,False,3.1791044776119404,0.2,0.4
cell_edge,PhyGuard,0.967479674796748,0.9044117647058824,0.1791044776119403,0.91901712529274,0.8747957516339869,,False,2.582089552238805,0.2,0.45
cell_edge,PhyGuard,0.9830508474576272,0.8676470588235294,0.16417910447761194,0.9133519580148444,0.8526858660130718,,False,2.2835820895522385,0.2,0.5
cell_edge,PhyGuard,0.9827586206896551,0.8529411764705882,0.13432835820895522,0.9048110918208303,0.8383884803921569,,False,1.6865671641791042,0.2,0.55
cell_edge,PhyGuard,0.990909090909091,0.8088235294117647,0.11940298507462686,0.8852346220906658,0.8011131535947713,,False,1.388059701492537,0.2,0.6
cell_edge,PhyGuard,0.9906542056074766,0.7867647058823529,0.07462686567164178,0.8717381428815185,0.7794628267973857,,False,0.49253731343283563,0.2,0.65
cell_edge,PhyGuard,0.9891304347826086,0.6764705882352942,0.04477611940298507,0.7931804745818318,0.6672283496732025,,True,0.0,0.2,0.7
cell_edge,PhyGuard,1.0,0.625,0.014925373134328358,0.7633287503985713,0.6226000816993464,,True,0.0,0.2,0.75
cell_edge,PhyGuard,1.0,0.5882352941176471,0.0,0.7348529125267874,0.5866013071895425,,True,0.0,0.2,0.8
cell_edge,PhyGuard,1.0,0.5073529411764706,0.0,0.6546614662268936,0.506076388888889,,True,0.0,0.2,0.85
cell_edge,PhyGuard,1.0,0.38235294117647056,0.0,0.5273226711076655,0.38383374183006536,,True,0.0,0.2,0.9
cell_edge,PhyGuard,1.0,0.23529411764705882,0.0,0.3485347985347985,0.23606004901960784,,True,0.0,0.2,0.95
cell_edge,PhyGuard,0.9453125,0.9411764705882353,0.13432835820895522,0.9164087892741062,0.8895526960784313,,False,1.6865671641791042,0.25,0.05
cell_edge,PhyGuard,0.9453125,0.9411764705882353,0.13432835820895522,0.9164087892741062,0.8895526960784313,,False,1.6865671641791042,0.25,0.1
cell_edge,PhyGuard,0.9453125,0.9411764705882353,0.13432835820895522,0.9164087892741062,0.8895526960784313,,False,1.6865671641791042,0.25,0.15
cell_edge,PhyGuard,0.9453125,0.9411764705882353,0.13432835820895522,0.9164087892741062,0.8895526960784313,,False,1.6865671641791042,0.25,0.2
cell_edge,PhyGuard,0.9453125,0.9411764705882353,0.13432835820895522,0.9164087892741062,0.8895526960784313,,False,1.6865671641791042,0.25,0.25
cell_edge,PhyGuard,0.952755905511811,0.9338235294117647,0.13432835820895522,0.9198943661971831,0.8895526960784313,,False,1.6865671641791042,0.25,0.3
cell_edge,PhyGuard,0.9603174603174603,0.9264705882352942,0.13432835820895522,0.9234905963559132,0.8895526960784313,,False,1.6865671641791042,0.25,0.35
cell_edge,PhyGuard,0.9596774193548387,0.9117647058823529,0.1044776119402985,0.9149220479688165,0.8743872549019608,,False,1.08955223880597,0.25,0.4
cell_edge,PhyGuard,0.9672131147540983,0.8970588235294118,0.08955223880597014,0.9148008554514702,0.8674428104575164,,False,0.7910447761194028,0.25,0.45
cell_edge,PhyGuard,0.9829059829059829,0.8602941176470589,0.07462686567164178,0.9091356881735745,0.8453329248366013,,False,0.49253731343283563,0.25,0.5
cell_edge,PhyGuard,0.9826086956521739,0.8455882352941176,0.05970149253731343,0.9005948219795604,0.8310355392156863,,False,0.19402985074626858,0.25,0.55
cell_edge,PhyGuard,0.9908256880733946,0.8014705882352942,0.04477611940298507,0.881018352249396,0.7937602124183006,,True,0.0,0.25,0.6
cell_edge,PhyGuard,0.9905660377358491,0.7794117647058824,0.029850746268656716,0.8673858643356916,0.772109885620915,,True,0.0,0.25,0.65
cell_edge,PhyGuard,0.9891304347826086,0.6764705882352942,0.014925373134328358,0.7931804745818318,0.6672283496732025,,True,0.0,0.25,0.7
cell_edge,PhyGuard,1.0,0.625,0.014925373134328358,0.7633287503985713,0.6226000816993464,,True,0.0,0.25,0.75
cell_edge,PhyGuard,1.0,0.5882352941176471,0.0,0.7348529125267874,0.5866013071895425,,True,0.0,0.25,0.8
cell_edge,PhyGuard,1.0,0.5073529411764706,0.0,0.6546614662268936,0.506076388888889,,True,0.0,0.25,0.85
cell_edge,PhyGuard,1.0,0.38235294117647056,0.0,0.5273226711076655,0.38383374183006536,,True,0.0,0.25,0.9
cell_edge,PhyGuard,1.0,0.23529411764705882,0.0,0.3485347985347985,0.23606004901960784,,True,0.0,0.25,0.95
cell_edge,PhyGuard,0.952755905511811,0.9338235294117647,0.1044776119402985,0.9198943661971831,0.8895526960784313,,False,1.08955223880597,0.3,0.05
cell_edge,PhyGuard,0.952755905511811,0.9338235294117647,0.1044776119402985,0.9198943661971831,0.8895526960784313,,False,1.08955223880597,0.3,0.1
cell_edge,PhyGuard,0.952755905511811,0.9338235294117647,0.1044776119402985,0.9198943661971831,0.8895526960784313,,False,1.08955223880597,0.3,0.15
cell_edge,PhyGuard,0.952755905511811,0.9338235294117647,0.1044776119402985,0.9198943661971831,0.8895526960784313,,False,1.08955223880597,0.3,0.2
cell_edge,PhyGuard,0.952755905511811,0.9338235294117647,0.1044776119402985,0.9198943661971831,0.8895526960784313,,False,1.08955223880597,0.3,0.25
cell_edge,PhyGuard,0.952755905511811,0.9338235294117647,0.1044776119402985,0.9198943661971831,0.8895526960784313,,False,1.08955223880597,0.3,0.3
cell_edge,PhyGuard,0.9603174603174603,0.9264705882352942,0.1044776119402985,0.9234905963559132,0.8895526960784313,,False,1.08955223880597,0.3,0.35
cell_edge,PhyGuard,0.9596774193548387,0.9117647058823529,0.07462686567164178,0.9149220479688165,0.8743872549019608,,False,0.49253731343283563,0.3,0.4
cell_edge,PhyGuard,0.9672131147540983,0.8970588235294118,0.07462686567164178,0.9148008554514702,0.8674428104575164,,False,0.49253731343283563,0.3,0.45
cell_edge,PhyGuard,0.9829059829059829,0.8602941176470589,0.05970149253731343,0.9091356881735745,0.8453329248366013,,False,0.19402985074626858,0.3,0.5
cell_edge,PhyGuard,0.9826086956521739,0.8455882352941176,0.05970149253731343,0.9005948219795604,0.8310355392156863,,False,0.19402985074626858,0.3,0.55
cell_edge,PhyGuard,0.9908256880733946,0.8014705882352942,0.04477611940298507,0.881018352249396,0.7937602124183006,,True,0.0,0.3,0.6
cell_edge,PhyGuard,0.9905660377358491,0.7794117647058824,0.029850746268656716,0.8673858643356916,0.772109885620915,,True,0.0,0.3,0.65
cell_edge,PhyGuard,0.9891304347826086,0.6764705882352942,0.014925373134328358,0.7931804745818318,0.6672283496732025,,True,0.0,0.3,0.7
cell_edge,PhyGuard,1.0,0.625,0.014925373134328358,0.7633287503985713,0.6226000816993464,,True,0.0,0.3,0.75
cell_edge,PhyGuard,1.0,0.5882352941176471,0.0,0.7348529125267874,0.5866013071895425,,True,0.0,0.3,0.8
cell_edge,PhyGuard,1.0,0.5073529411764706,0.0,0.6546614662268936,0.506076388888889,,True,0.0,0.3,0.85
cell_edge,PhyGuard,1.0,0.38235294117647056,0.0,0.5273226711076655,0.38383374183006536,,True,0.0,0.3,0.9
cell_edge,PhyGuard,1.0,0.23529411764705882,0.0,0.3485347985347985,0.23606004901960784,,True,0.0,0.3,0.95
cell_edge,PhyGuard,0.952755905511811,0.9338235294117647,0.07462686567164178,0.9198943661971831,0.8895526960784313,,False,0.49253731343283563,0.35,0.05
cell_edge,PhyGuard,0.952755905511811,0.9338235294117647,0.07462686567164178,0.9198943661971831,0.8895526960784313,,False,0.49253731343283563,0.35,0.1
cell_edge,PhyGuard,0.952755905511811,0.9338235294117647,0.07462686567164178,0.9198943661971831,0.8895526960784313,,False,0.49253731343283563,0.35,0.15
cell_edge,PhyGuard,0.952755905511811,0.9338235294117647,0.07462686567164178,0.9198943661971831,0.8895526960784313,,False,0.49253731343283563,0.35,0.2
cell_edge,PhyGuard,0.952755905511811,0.9338235294117647,0.07462686567164178,0.9198943661971831,0.8895526960784313,,False,0.49253731343283563,0.35,0.25
cell_edge,PhyGuard,0.952755905511811,0.9338235294117647,0.07462686567164178,0.9198943661971831,0.8895526960784313,,False,0.49253731343283563,0.35,0.3
cell_edge,PhyGuard,0.9603174603174603,0.9264705882352942,0.07462686567164178,0.9234905963559132,0.8895526960784313,,False,0.49253731343283563,0.35,0.35
cell_edge,PhyGuard,0.9596774193548387,0.9117647058823529,0.07462686567164178,0.9149220479688165,0.8743872549019608,,False,0.49253731343283563,0.35,0.4
cell_edge,PhyGuard,0.9672131147540983,0.8970588235294118,0.07462686567164178,0.9148008554514702,0.8674428104575164,,False,0.49253731343283563,0.35,0.45
cell_edge,PhyGuard,0.9829059829059829,0.8602941176470589,0.05970149253731343,0.9091356881735745,0.8453329248366013,,False,0.19402985074626858,0.35,0.5
cell_edge,PhyGuard,0.9826086956521739,0.8455882352941176,0.05970149253731343,0.9005948219795604,0.8310355392156863,,False,0.19402985074626858,0.35,0.55
cell_edge,PhyGuard,0.9908256880733946,0.8014705882352942,0.04477611940298507,0.881018352249396,0.7937602124183006,,True,0.0,0.35,0.6
cell_edge,PhyGuard,0.9905660377358491,0.7794117647058824,0.029850746268656716,0.8673858643356916,0.772109885620915,,True,0.0,0.35,0.65
cell_edge,PhyGuard,0.9891304347826086,0.6764705882352942,0.014925373134328358,0.7931804745818318,0.6672283496732025,,True,0.0,0.35,0.7
cell_edge,PhyGuard,1.0,0.625,0.014925373134328358,0.7633287503985713,0.6226000816993464,,True,0.0,0.35,0.75
cell_edge,PhyGuard,1.0,0.5882352941176471,0.0,0.7348529125267874,0.5866013071895425,,True,0.0,0.35,0.8
cell_edge,PhyGuard,1.0,0.5073529411764706,0.0,0.6546614662268936,0.506076388888889,,True,0.0,0.35,0.85
cell_edge,PhyGuard,1.0,0.38235294117647056,0.0,0.5273226711076655,0.38383374183006536,,True,0.0,0.35,0.9
cell_edge,PhyGuard,1.0,0.23529411764705882,0.0,0.3485347985347985,0.23606004901960784,,True,0.0,0.35,0.95
cell_edge,PhyGuard,0.952,0.9191176470588235,0.07462686567164178,0.9113378185781355,0.8743872549019608,,False,0.49253731343283563,0.4,0.05
cell_edge,PhyGuard,0.952,0.9191176470588235,0.07462686567164178,0.9113378185781355,0.8743872549019608,,False,0.49253731343283563,0.4,0.1
cell_edge,PhyGuard,0.952,0.9191176470588235,0.07462686567164178,0.9113378185781355,0.8743872549019608,,False,0.49253731343283563,0.4,0.15
cell_edge,PhyGuard,0.952,0.9191176470588235,0.07462686567164178,0.9113378185781355,0.8743872549019608,,False,0.49253731343283563,0.4,0.2
cell_edge,PhyGuard,0.952,0.9191176470588235,0.07462686567164178,0.9113378185781355,0.8743872549019608,,False,0.49253731343283563,0.4,0.25
cell_edge,PhyGuard,0.952,0.9191176470588235,0.07462686567164178,0.9113378185781355,0.8743872549019608,,False,0.49253731343283563,0.4,0.3
cell_edge,PhyGuard,0.9596774193548387,0.9117647058823529,0.07462686567164178,0.9149220479688165,0.8743872549019608,,False,0.49253731343283563,0.4,0.35
cell_edge,PhyGuard,0.9590163934426229,0.8970588235294118,0.07462686567164178,0.9060747932199223,0.8592218137254902,,False,0.49253731343283563,0.4,0.4
cell_edge,PhyGuard,0.9666666666666667,0.8823529411764706,0.07462686567164178,0.9059403801843318,0.8522773692810458,,False,0.49253731343283563,0.4,0.45
cell_edge,PhyGuard,0.9826086956521739,0.8455882352941176,0.05970149253731343,0.9001077813401964,0.8301674836601307,,False,0.19402985074626858,0.4,0.5
cell_edge,PhyGuard,0.9823008849557522,0.8308823529411765,0.05970149253731343,0.8915669151461824,0.8158700980392157,,False,0.19402985074626858,0.4,0.55
cell_edge,PhyGuard,0.9906542056074766,0.7867647058823529,0.04477611940298507,0.8716535423752482,0.7785947712418301,,True,0.0,0.4,0.6
cell_edge,PhyGuard,0.9903846153846154,0.7647058823529411,0.029850746268656716,0.8578783568043037,0.7569444444444444,,True,0.0,0.4,0.65
cell_edge,PhyGuard,0.989010989010989,0.6691176470588235,0.014925373134328358,0.7885356658386625,0.659875408496732,,True,0.0,0.4,0.7
cell_edge,PhyGuard,1.0,0.6176470588235294,0.014925373134328358,0.7583608953430483,0.6152471405228758,,True,0.0,0.4,0.75
cell_edge,PhyGuard,1.0,0.5808823529411765,0.0,0.7298850574712643,0.579248366013072,,True,0.0,0.4,0.8
cell_edge,PhyGuard,1.0,0.5,0.0,0.6496936111713705,0.4987234477124183,,True,0.0,0.4,0.85
cell_edge,PhyGuard,1.0,0.375,0.0,0.5219968565713247,0.3764808006535948,,True,0.0,0.4,0.9
cell_edge,PhyGuard,1.0,0.23529411764705882,0.0,0.3485347985347985,0.23606004901960784,,True,0.0,0.4,0.95
cell_edge,PhyGuard,0.9516129032258065,0.9117647058823529,0.07462686567164178,0.9069975408003577,0.8670343137254901,,False,0.49253731343283563,0.45,0.05
cell_edge,PhyGuard,0.9516129032258065,0.9117647058823529,0.07462686567164178,0.9069975408003577,0.8670343137254901,,False,0.49253731343283563,0.45,0.1
cell_edge,PhyGuard,0.9516129032258065,0.9117647058823529,0.07462686567164178,0.9069975408003577,0.8670343137254901,,False,0.49253731343283563,0.45,0.15
cell_edge,PhyGuard,0.9516129032258065,0.9117647058823529,0.07462686567164178,0.9069975408003577,0.8670343137254901,,False,0.49253731343283563,0.45,0.2
cell_edge,PhyGuard,0.9516129032258065,0.9117647058823529,0.07462686567164178,0.9069975408003577,0.8670343137254901,,False,0.49253731343283563,0.45,0.25
cell_edge,PhyGuard,0.9516129032258065,0.9117647058823529,0.07462686567164178,0.9069975408003577,0.8670343137254901,,False,0.49253731343283563,0.45,0.3
cell_edge,PhyGuard,0.959349593495935,0.9044117647058824,0.07462686567164178,0.9105817701910387,0.8670343137254901,,False,0.49253731343283563,0.45,0.35
cell_edge,PhyGuard,0.9586776859504132,0.8897058823529411,0.07462686567164178,0.9017345154421446,0.8518688725490196,,False,0.49253731343283563,0.45,0.4
cell_edge,PhyGuard,0.9663865546218487,0.875,0.07462686567164178,0.901600102406554,0.8449244281045751,,False,0.49253731343283563,0.45,0.45
cell_edge,PhyGuard,0.9824561403508771,0.8382352941176471,0.05970149253731343,0.8956274946018452,0.8228145424836601,,False,0.19402985074626858,0.45,0.5
cell_edge,PhyGuard,0.9823008849557522,0.8308823529411765,0.05970149253731343,0.8915669151461824,0.8158700980392157,,False,0.19402985074626858,0.45,0.55
cell_edge,PhyGuard,0.9906542056074766,0.7867647058823529,0.04477611940298507,0.8716535423752482,0.7785947712418301,,True,0.0,0.45,0.6
cell_edge,PhyGuard,0.9903846153846154,0.7647058823529411,0.029850746268656716,0.8578783568043037,0.7569444444444444,,True,0.0,0.45,0.65
cell_edge,PhyGuard,0.989010989010989,0.6691176470588235,0.014925373134328358,0.7885356658386625,0.659875408496732,,True,0.0,0.45,0.7
cell_edge,PhyGuard,1.0,0.6176470588235294,0.014925373134328358,0.7583608953430483,0.6152471405228758,,True,0.0,0.45,0.75
cell_edge,PhyGuard,1.0,0.5808823529411765,0.0,0.7298850574712643,0.579248366013072,,True,0.0,0.45,0.8
cell_edge,PhyGuard,1.0,0.5,0.0,0.6496936111713705,0.4987234477124183,,True,0.0,0.45,0.85
cell_edge,PhyGuard,1.0,0.375,0.0,0.5219968565713247,0.3764808006535948,,True,0.0,0.45,0.9
cell_edge,PhyGuard,1.0,0.23529411764705882,0.0,0.3485347985347985,0.23606004901960784,,True,0.0,0.45,0.95
cell_edge,PhyGuard,0.9512195121951219,0.9044117647058824,0.05970149253731343,0.9026452622545308,0.8596813725490196,,False,0.19402985074626858,0.5,0.05
cell_edge,PhyGuard,0.9512195121951219,0.9044117647058824,0.05970149253731343,0.9026452622545308,0.8596813725490196,,False,0.19402985074626858,0.5,0.1
cell_edge,PhyGuard,0.9512195121951219,0.9044117647058824,0.05970149253731343,0.9026452622545308,0.8596813725490196,,False,0.19402985074626858,0.5,0.15
cell_edge,PhyGuard,0.9512195121951219,0.9044117647058824,0.05970149253731343,0.9026452622545308,0.8596813725490196,,False,0.19402985074626858,0.5,0.2
cell_edge,PhyGuard,0.9512195121951219,0.9044117647058824,0.05970149253731343,0.9026452622545308,0.8596813725490196,,False,0.19402985074626858,0.5,0.25
cell_edge,PhyGuard,0.9512195121951219,0.9044117647058824,0.05970149253731343,0.9026452622545308,0.8596813725490196,,False,0.19402985074626858,0.5,0.3
cell_edge,PhyGuard,0.9590163934426229,0.8970588235294118,0.05970149253731343,0.9062294916452117,0.8596813725490196,,False,0.19402985074626858,0.5,0.35
cell_edge,PhyGuard,0.9583333333333334,0.8823529411764706,0.05970149253731343,0.8972395392390774,0.844515931372549,,False,0.19402985074626858,0.5,0.4
cell_edge,PhyGuard,0.9661016949152542,0.8676470588235294,0.05970149253731343,0.8971051262034868,0.8375714869281046,,False,0.19402985074626858,0.5,0.45
cell_edge,PhyGuard,0.9823008849557522,0.8308823529411765,0.04477611940298507,0.891132518398778,0.8154616013071895,,True,0.0,0.5,0.5
cell_edge,PhyGuard,0.9821428571428571,0.8235294117647058,0.04477611940298507,0.8870719389431152,0.8085171568627451,,True,0.0,0.5,0.55
cell_edge,PhyGuard,0.9905660377358491,0.7794117647058824,0.04477611940298507,0.867158566172181,0.7712418300653595,,True,0.0,0.5,0.6
cell_edge,PhyGuard,0.9902912621359223,0.7573529411764706,0.029850746268656716,0.8532335480611343,0.7495915032679739,,True,0.0,0.5,0.65
cell_edge,PhyGuard,0.9888888888888889,0.6617647058823529,0.014925373134328358,0.7837334059516569,0.6525224673202614,,True,0.0,0.5,0.7
cell_edge,PhyGuard,1.0,0.6102941176470589,0.014925373134328358,0.7532187295838226,0.6078941993464052,,True,0.0,0.5,0.75
cell_edge,PhyGuard,1.0,0.5735294117647058,0.0,0.7247428917120387,0.5718954248366013,,True,0.0,0.5,0.8
cell_edge,PhyGuard,1.0,0.49264705882352944,0.0,0.6445514454121448,0.4913705065359477,,True,0.0,0.5,0.85
cell_edge,PhyGuard,1.0,0.375,0.0,0.5219968565713247,0.3764808006535948,,True,0.0,0.5,0.9
cell_edge,PhyGuard,1.0,0.23529411764705882,0.0,0.3485347985347985,0.23606004901960784,,True,0.0,0.5,0.95
cell_edge,PhyGuard,0.9508196721311475,0.8970588235294118,0.04477611940298507,0.8981502860514636,0.852328431372549,,True,0.0,0.55,0.05
cell_edge,PhyGuard,0.9508196721311475,0.8970588235294118,0.04477611940298507,0.8981502860514636,0.852328431372549,,True,0.0,0.55,0.1
cell_edge,PhyGuard,0.9508196721311475,0.8970588235294118,0.04477611940298507,0.8981502860514636,0.852328431372549,,True,0.0,0.55,0.15
cell_edge,PhyGuard,0.9508196721311475,0.8970588235294118,0.04477611940298507,0.8981502860514636,0.852328431372549,,True,0.0,0.55,0.2
cell_edge,PhyGuard,0.9508196721311475,0.8970588235294118,0.04477611940298507,0.8981502860514636,0.852328431372549,,True,0.0,0.55,0.25
cell_edge,PhyGuard,0.9508196721311475,0.8970588235294118,0.04477611940298507,0.8981502860514636,0.852328431372549,,True,0.0,0.55,0.3
cell_edge,PhyGuard,0.9586776859504132,0.8897058823529411,0.04477611940298507,0.9017345154421446,0.852328431372549,,True,0.0,0.55,0.35
cell_edge,PhyGuard,0.957983193277311,0.875,0.04477611940298507,0.892594730495908,0.8371629901960784,,True,0.0,0.55,0.4
cell_edge,PhyGuard,0.9658119658119658,0.8602941176470589,0.04477611940298507,0.8924603174603175,0.830218545751634,,True,0.0,0.55,0.45
cell_edge,PhyGuard,0.9821428571428571,0.8235294117647058,0.029850746268656716,0.8864877096556086,0.8081086601307189,,True,0.0,0.55,0.5
cell_edge,PhyGuard,0.9819819819819819,0.8161764705882353,0.029850746268656716,0.8824271301999458,0.8011642156862745,,True,0.0,0.55,0.55
cell_edge,PhyGuard,0.9904761904761905,0.7720588235294118,0.029850746268656716,0.8625137574290117,0.7638888888888888,,True,0.0,0.55,0.6
cell_edge,PhyGuard,0.9901960784313726,0.75,0.014925373134328358,0.8484312881741286,0.7422385620915033,,True,0.0,0.55,0.65
cell_edge,PhyGuard,0.9887640449438202,0.6544117647058824,0.014925373134328358,0.7787655508961338,0.6451695261437909,,True,0.0,0.55,0.7
cell_edge,PhyGuard,1.0,0.6029411764705882,0.014925373134328358,0.7478929150474818,0.6005412581699346,,True,0.0,0.55,0.75
cell_edge,PhyGuard,1.0,0.5661764705882353,0.0,0.7194170771756978,0.5645424836601307,,True,0.0,0.55,0.8
cell_edge,PhyGuard,1.0,0.4852941176470588,0.0,0.639225630875804,0.48401756535947715,,True,0.0,0.55,0.85
cell_edge,PhyGuard,1.0,0.36764705882352944,0.0,0.5164773760518442,0.3691278594771242,,True,0.0,0.55,0.9
cell_edge,PhyGuard,1.0,0.23529411764705882,0.0,0.3485347985347985,0.23606004901960784,,True,0.0,0.55,0.95
cell_edge,PhyGuard,0.9504132231404959,0.8897058823529411,0.04477611940298507,0.8935054773082942,0.8449754901960784,,True,0.0,0.6,0.05
cell_edge,PhyGuard,0.9504132231404959,0.8897058823529411,0.04477611940298507,0.8935054773082942,0.8449754901960784,,True,0.0,0.6,0.1
cell_edge,PhyGuard,0.9504132231404959,0.8897058823529411,0.04477611940298507,0.8935054773082942,0.8449754901960784,,True,0.0,0.6,0.15
cell_edge,PhyGuard,0.9504132231404959,0.8897058823529411,0.04477611940298507,0.8935054773082942,0.8449754901960784,,True,0.0,0.6,0.2
cell_edge,PhyGuard,0.9504132231404959,0.8897058823529411,0.04477611940298507,0.8935054773082942,0.8449754901960784,,True,0.0,0.6,0.25
cell_edge,PhyGuard,0.9504132231404959,0.8897058823529411,0.04477611940298507,0.8935054773082942,0.8449754901960784,,True,0.0,0.6,0.3
cell_edge,PhyGuard,0.9583333333333334,0.8823529411764706,0.04477611940298507,0.8970897066989753,0.8449754901960784,,True,0.0,0.6,0.35
cell_edge,PhyGuard,0.9576271186440678,0.8676470588235294,0.04477611940298507,0.8877924706089023,0.8298100490196079,,True,0.0,0.6,0.4
cell_edge,PhyGuard,0.9655172413793104,0.8529411764705882,0.04477611940298507,0.8876580575733118,0.8228656045751634,,True,0.0,0.6,0.45
cell_edge,PhyGuard,0.9819819819819819,0.8161764705882353,0.029850746268656716,0.881685449768603,0.8007557189542484,,True,0.0,0.6,0.5
cell_edge,PhyGuard,0.9818181818181818,0.8088235294117647,0.029850746268656716,0.8776248703129401,0.7938112745098039,,True,0.0,0.6,0.55
cell_edge,PhyGuard,0.9903846153846154,0.7647058823529411,0.029850746268656716,0.857711497542006,0.7565359477124183,,True,0.0,0.6,0.6
cell_edge,PhyGuard,0.9900990099009901,0.7426470588235294,0.014925373134328358,0.8434634331186055,0.7348856209150327,,True,0.0,0.6,0.65
cell_edge,PhyGuard,0.9886363636363636,0.6470588235294118,0.014925373134328358,0.7736233851369081,0.6378165849673203,,True,0.0,0.6,0.7
cell_edge,PhyGuard,1.0,0.6029411764705882,0.014925373134328358,0.7478929150474818,0.6005412581699346,,True,0.0,0.6,0.75
cell_edge,PhyGuard,1.0,0.5661764705882353,0.0,0.7194170771756978,0.5645424836601307,,True,0.0,0.6,0.8
cell_edge,PhyGuard,1.0,0.4852941176470588,0.0,0.639225630875804,0.48401756535947715,,True,0.0,0.6,0.85
cell_edge,PhyGuard,1.0,0.36764705882352944,0.0,0.5164773760518442,0.3691278594771242,,True,0.0,0.6,0.9
cell_edge,PhyGuard,1.0,0.23529411764705882,0.0,0.3485347985347985,0.23606004901960784,,True,0.0,0.6,0.95
cell_edge,PhyGuard,0.95,0.8823529411764706,0.04477611940298507,0.8887032174212885,0.8376225490196079,,True,0.0,0.65,0.05
cell_edge,PhyGuard,0.95,0.8823529411764706,0.04477611940298507,0.8887032174212885,0.8376225490196079,,True,0.0,0.65,0.1
cell_edge,PhyGuard,0.95,0.8823529411764706,0.04477611940298507,0.8887032174212885,0.8376225490196079,,True,0.0,0.65,0.15
cell_edge,PhyGuard,0.95,0.8823529411764706,0.04477611940298507,0.8887032174212885,0.8376225490196079,,True,0.0,0.65,0.2
cell_edge,PhyGuard,0.95,0.8823529411764706,0.04477611940298507,0.8887032174212885,0.8376225490196079,,True,0.0,0.65,0.25
cell_edge,PhyGuard,0.95,0.8823529411764706,0.04477611940298507,0.8887032174212885,0.8376225490196079,,True,0.0,0.65,0.3
cell_edge,PhyGuard,0.957983193277311,0.875,0.04477611940298507,0.8922874468119696,0.8376225490196079,,True,0.0,0.65,0.35
cell_edge,PhyGuard,0.9572649572649573,0.8602941176470589,0.04477611940298507,0.8828246155533793,0.8224571078431373,,True,0.0,0.65,0.4
cell_edge,PhyGuard,0.9652173913043478,0.8455882352941176,0.04477611940298507,0.8826902025177887,0.8155126633986929,,True,0.0,0.65,0.45
cell_edge,PhyGuard,0.9818181818181818,0.8088235294117647,0.029850746268656716,0.8767175947130799,0.7934027777777778,,True,0.0,0.65,0.5
cell_edge,PhyGuard,0.981651376146789,0.8014705882352942,0.029850746268656716,0.872657015257417,0.7864583333333334,,True,0.0,0.65,0.55
cell_edge,PhyGuard,0.9902912621359223,0.7573529411764706,0.029850746268656716,0.8527436424864829,0.7491830065359477,,True,0.0,0.65,0.6
cell_edge,PhyGuard,0.99,0.7352941176470589,0.014925373134328358,0.8383212673593798,0.7275326797385622,,True,0.0,0.65,0.65
cell_edge,PhyGuard,0.9885057471264368,0.6397058823529411,0.014925373134328358,0.7682975706005672,0.6304636437908497,,True,0.0,0.65,0.7
cell_edge,PhyGuard,1.0,0.5955882352941176,0.014925373134328358,0.7423734345280013,0.5931883169934641,,True,0.0,0.65,0.75
cell_edge,PhyGuard,1.0,0.5588235294117647,0.0,0.7138975966562173,0.5571895424836601,,True,0.0,0.65,0.8
cell_edge,PhyGuard,1.0,0.47794117647058826,0.0,0.6337061503563235,0.47666462418300654,,True,0.0,0.65,0.85
cell_edge,PhyGuard,1.0,0.3602941176470588,0.0,0.5107534703279384,0.36177491830065356,,True,0.0,0.65,0.9
cell_edge,PhyGuard,1.0,0.22794117647058823,0.0,0.3421245421245421,0.22870710784313725,,True,0.0,0.65,0.95
cell_edge,PhyGuard,0.9572649572649573,0.8602941176470589,0.04477611940298507,0.8821774259972208,0.8229166666666665,,True,0.0,0.7,0.05
cell_edge,PhyGuard,0.9572649572649573,0.8602941176470589,0.04477611940298507,0.8821774259972208,0.8229166666666665,,True,0.0,0.7,0.1
cell_edge,PhyGuard,0.9572649572649573,0.8602941176470589,0.04477611940298507,0.8821774259972208,0.8229166666666665,,True,0.0,0.7,0.15
cell_edge,PhyGuard,0.9572649572649573,0.8602941176470589,0.04477611940298507,0.8821774259972208,0.8229166666666665,,True,0.0,0.7,0.2
cell_edge,PhyGuard,0.9572649572649573,0.8602941176470589,0.04477611940298507,0.8821774259972208,0.8229166666666665,,True,0.0,0.7,0.25
cell_edge,PhyGuard,0.9572649572649573,0.8602941176470589,0.04477611940298507,0.8821774259972208,0.8229166666666665,,True,0.0,0.7,0.3
cell_edge,PhyGuard,0.9655172413793104,0.8529411764705882,0.04477611940298507,0.8858791711056291,0.8229166666666665,,True,0.0,0.7,0.35
cell_edge,PhyGuard,0.9652173913043478,0.8455882352941176,0.04477611940298507,0.8813709743843176,0.8151041666666665,,True,0.0,0.7,0.4
cell_edge,PhyGuard,0.9649122807017544,0.8382352941176471,0.04477611940298507,0.8775480367585631,0.8081597222222221,,True,0.0,0.7,0.45
cell_edge,PhyGuard,0.981651376146789,0.8014705882352942,0.029850746268656716,0.8715754289538542,0.7860498366013071,,True,0.0,0.7,0.5
cell_edge,PhyGuard,0.9814814814814815,0.7941176470588235,0.029850746268656716,0.8675148494981914,0.7791053921568627,,True,0.0,0.7,0.55
cell_edge,PhyGuard,0.9901960784313726,0.75,0.029850746268656716,0.8476014767272573,0.7418300653594772,,True,0.0,0.7,0.6
cell_edge,PhyGuard,0.98989898989899,0.7279411764705882,0.014925373134328358,0.832995452823039,0.7201797385620915,,True,0.0,0.7,0.65
cell_edge,PhyGuard,0.9885057471264368,0.6397058823529411,0.014925373134328358,0.7682975706005672,0.6304636437908497,,True,0.0,0.7,0.7
cell_edge,PhyGuard,1.0,0.5955882352941176,0.014925373134328358,0.7423734345280013,0.5931883169934641,,True,0.0,0.7,0.75
cell_edge,PhyGuard,1.0,0.5588235294117647,0.0,0.7138975966562173,0.5571895424836601,,True,0.0,0.7,0.8
cell_edge,PhyGuard,1.0,0.47794117647058826,0.0,0.6337061503563235,0.47666462418300654,,True,0.0,0.7,0.85
cell_edge,PhyGuard,1.0,0.3602941176470588,0.0,0.5107534703279384,0.36177491830065356,,True,0.0,0.7,0.9
cell_edge,PhyGuard,1.0,0.22794117647058823,0.0,0.3421245421245421,0.22870710784313725,,True,0.0,0.7,0.95
cell_edge,PhyGuard,0.9557522123893806,0.8308823529411765,0.014925373134328358,0.8623568679999811,0.7930453431372548,,True,0.0,0.75,0.05
cell_edge,PhyGuard,0.9557522123893806,0.8308823529411765,0.014925373134328358,0.8623568679999811,0.7930453431372548,,True,0.0,0.75,0.1
cell_edge,PhyGuard,0.9557522123893806,0.8308823529411765,0.014925373134328358,0.8623568679999811,0.7930453431372548,,True,0.0,0.75,0.15
cell_edge,PhyGuard,0.9557522123893806,0.8308823529411765,0.014925373134328358,0.8623568679999811,0.7930453431372548,,True,0.0,0.75,0.2
cell_edge,PhyGuard,0.9557522123893806,0.8308823529411765,0.014925373134328358,0.8623568679999811,0.7930453431372548,,True,0.0,0.75,0.25
cell_edge,PhyGuard,0.9557522123893806,0.8308823529411765,0.014925373134328358,0.8623568679999811,0.7930453431372548,,True,0.0,0.75,0.3
cell_edge,PhyGuard,0.9642857142857143,0.8235294117647058,0.014925373134328358,0.866045392590145,0.7930453431372548,,True,0.0,0.75,0.35
cell_edge,PhyGuard,0.963963963963964,0.8161764705882353,0.014925373134328358,0.8613843756409925,0.7852328431372548,,True,0.0,0.75,0.4
cell_edge,PhyGuard,0.9636363636363636,0.8088235294117647,0.014925373134328358,0.8575614380152379,0.7782883986928104,,True,0.0,0.75,0.45
cell_edge,PhyGuard,0.9809523809523809,0.7720588235294118,0.0,0.8512632670920749,0.7561785130718954,,True,0.0,0.75,0.5
cell_edge,PhyGuard,0.9807692307692307,0.7647058823529411,0.0,0.847202687636412,0.749234068627451,,True,0.0,0.75,0.55
cell_edge,PhyGuard,0.98989898989899,0.7279411764705882,0.0,0.8315613764766306,0.719311683006536,,True,0.0,0.75,0.6
cell_edge,PhyGuard,0.9895833333333334,0.7058823529411765,0.0,0.8165572613848475,0.6976613562091504,,True,0.0,0.75,0.65
cell_edge,PhyGuard,0.9882352941176471,0.625,0.0,0.757054184357181,0.6157577614379086,,True,0.0,0.75,0.7
cell_edge,PhyGuard,1.0,0.5808823529411765,0.0,0.7307096266377782,0.5784824346405228,,True,0.0,0.75,0.75
cell_edge,PhyGuard,1.0,0.5441176470588235,0.0,0.7022337887659943,0.542483660130719,,True,0.0,0.75,0.8
cell_edge,PhyGuard,1.0,0.4632352941176471,0.0,0.6220423424661005,0.46195874183006536,,True,0.0,0.75,0.85
cell_edge,PhyGuard,1.0,0.34558823529411764,0.0,0.4986452082196763,0.34706903594771243,,True,0.0,0.75,0.9
cell_edge,PhyGuard,1.0,0.22058823529411764,0.0,0.3354578754578755,0.22135416666666666,,True,0.0,0.75,0.95
cell_edge,PhyGuard,0.9528301886792453,0.7794117647058824,0.0,0.828986498814085,0.7406045751633987,,True,0.0,0.8,0.05
cell_edge,PhyGuard,0.9528301886792453,0.7794117647058824,0.0,0.828986498814085,0.7406045751633987,,True,0.0,0.8,0.1
cell_edge,PhyGuard,0.9528301886792453,0.7794117647058824,0.0,0.828986498814085,0.7406045751633987,,True,0.0,0.8,0.15
cell_edge,PhyGuard,0.9528301886792453,0.7794117647058824,0.0,0.828986498814085,0.7406045751633987,,True,0.0,0.8,0.2
cell_edge,PhyGuard,0.9528301886792453,0.7794117647058824,0.0,0.828986498814085,0.7406045751633987,,True,0.0,0.8,0.25
cell_edge,PhyGuard,0.9528301886792453,0.7794117647058824,0.0,0.828986498814085,0.7406045751633987,,True,0.0,0.8,0.3
cell_edge,PhyGuard,0.9619047619047619,0.7720588235294118,0.0,0.8326162628794208,0.7406045751633987,,True,0.0,0.8,0.35
cell_edge,PhyGuard,0.9619047619047619,0.7720588235294118,0.0,0.8326162628794208,0.7406045751633987,,True,0.0,0.8,0.4
cell_edge,PhyGuard,0.9619047619047619,0.7720588235294118,0.0,0.8326162628794208,0.7406045751633987,,True,0.0,0.8,0.45
cell_edge,PhyGuard,0.98,0.7352941176470589,0.0,0.825607101255157,0.7184946895424837,,True,0.0,0.8,0.5
cell_edge,PhyGuard,0.9797979797979798,0.7279411764705882,0.0,0.8215465217994943,0.7115502450980393,,True,0.0,0.8,0.55
cell_edge,PhyGuard,0.9893617021276596,0.6911764705882353,0.0,0.804749748394237,0.6816278594771241,,True,0.0,0.8,0.6
cell_edge,PhyGuard,0.989010989010989,0.6691176470588235,0.0,0.7891716773792246,0.6599775326797386,,True,0.0,0.8,0.65
cell_edge,PhyGuard,0.9876543209876543,0.5955882352941176,0.0,0.7321408002000993,0.5854268790849674,,True,0.0,0.8,0.7
cell_edge,PhyGuard,1.0,0.5661764705882353,0.0,0.7174966491390864,0.5633169934640523,,True,0.0,0.8,0.75
cell_edge,PhyGuard,1.0,0.5294117647058824,0.0,0.6884749235177674,0.5273182189542484,,True,0.0,0.8,0.8
cell_edge,PhyGuard,1.0,0.45588235294117646,0.0,0.6146417874244724,0.45414624183006536,,True,0.0,0.8,0.85
cell_edge,PhyGuard,1.0,0.3382352941176471,0.0,0.4905644001388682,0.33925653594771243,,True,0.0,0.8,0.9
cell_edge,PhyGuard,1.0,0.21323529411764705,0.0,0.3246616541353384,0.21354166666666666,,True,0.0,0.8,0.95
cell_edge,PhyGuard,0.9509803921568627,0.75,0.0,0.8078023235345889,0.7111417483660131,,True,0.0,0.85,0.05
cell_edge,PhyGuard,0.9509803921568627,0.75,0.0,0.8078023235345889,0.7111417483660131,,True,0.0,0.85,0.1
cell_edge,PhyGuard,0.9509803921568627,0.75,0.0,0.8078023235345889,0.7111417483660131,,True,0.0,0.85,0.15
cell_edge,PhyGuard,0.9509803921568627,0.75,0.0,0.8078023235345889,0.7111417483660131,,True,0.0,0.85,0.2
cell_edge,PhyGuard,0.9509803921568627,0.75,0.0,0.8078023235345889,0.7111417483660131,,True,0.0,0.85,0.25
cell_edge,PhyGuard,0.9509803921568627,0.75,0.0,0.8078023235345889,0.7111417483660131,,True,0.0,0.85,0.3
cell_edge,PhyGuard,0.9603960396039604,0.7426470588235294,0.0,0.8114050804268196,0.7111417483660131,,True,0.0,0.85,0.35
cell_edge,PhyGuard,0.9603960396039604,0.7426470588235294,0.0,0.8114050804268196,0.7111417483660131,,True,0.0,0.85,0.4
cell_edge,PhyGuard,0.9603960396039604,0.7426470588235294,0.0,0.8114050804268196,0.7111417483660131,,True,0.0,0.85,0.45
cell_edge,PhyGuard,0.979381443298969,0.7132352941176471,0.0,0.8094382596912321,0.6968443627450981,,True,0.0,0.85,0.5
cell_edge,PhyGuard,0.979381443298969,0.7132352941176471,0.0,0.8094382596912321,0.6968443627450981,,True,0.0,0.85,0.55
cell_edge,PhyGuard,0.9891304347826086,0.6764705882352942,0.0,0.7926414862859748,0.666921977124183,,True,0.0,0.85,0.6
cell_edge,PhyGuard,0.9887640449438202,0.6544117647058824,0.0,0.7765930610270233,0.6452716503267973,,True,0.0,0.85,0.65
cell_edge,PhyGuard,0.9873417721518988,0.5808823529411765,0.0,0.719562183847898,0.5707209967320261,,True,0.0,0.85,0.7
cell_edge,PhyGuard,1.0,0.5514705882352942,0.0,0.7049180327868851,0.5486111111111112,,True,0.0,0.85,0.75
cell_edge,PhyGuard,1.0,0.5147058823529411,0.0,0.6758963071655661,0.5126123366013072,,True,0.0,0.85,0.8
cell_edge,PhyGuard,1.0,0.4411764705882353,0.0,0.6020631710722711,0.4394403594771242,,True,0.0,0.85,0.85
cell_edge,PhyGuard,1.0,0.33088235294117646,0.0,0.48415414372861176,0.3319035947712418,,True,0.0,0.85,0.9
cell_edge,PhyGuard,1.0,0.20588235294117646,0.0,0.31772287862513426,0.20618872549019607,,True,0.0,0.85,0.95
cell_edge,PhyGuard,0.9574468085106383,0.6911764705882353,0.0,0.7720588235294118,0.6577818627450981,,True,0.0,0.9,0.05
cell_edge,PhyGuard,0.9574468085106383,0.6911764705882353,0.0,0.7720588235294118,0.6577818627450981,,True,0.0,0.9,0.1
cell_edge,PhyGuard,0.9574468085106383,0.6911764705882353,0.0,0.7720588235294118,0.6577818627450981,,True,0.0,0.9,0.15
cell_edge,PhyGuard,0.9574468085106383,0.6911764705882353,0.0,0.7720588235294118,0.6577818627450981,,True,0.0,0.9,0.2
cell_edge,PhyGuard,0.9574468085106383,0.6911764705882353,0.0,0.7720588235294118,0.6577818627450981,,True,0.0,0.9,0.25
cell_edge,PhyGuard,0.9574468085106383,0.6911764705882353,0.0,0.7720588235294118,0.6577818627450981,,True,0.0,0.9,0.3
cell_edge,PhyGuard,0.9574468085106383,0.6911764705882353,0.0,0.7720588235294118,0.6577818627450981,,True,0.0,0.9,0.35
cell_edge,PhyGuard,0.9574468085106383,0.6911764705882353,0.0,0.7720588235294118,0.6577818627450981,,True,0.0,0.9,0.4
cell_edge,PhyGuard,0.9574468085106383,0.6911764705882353,0.0,0.7720588235294118,0.6577818627450981,,True,0.0,0.9,0.45
cell_edge,PhyGuard,0.9777777777777777,0.6617647058823529,0.0,0.7697534668721109,0.643484477124183,,True,0.0,0.9,0.5
cell_edge,PhyGuard,0.9777777777777777,0.6617647058823529,0.0,0.7697534668721109,0.643484477124183,,True,0.0,0.9,0.55
cell_edge,PhyGuard,0.9882352941176471,0.625,0.0,0.7504723346828609,0.613562091503268,,True,0.0,0.9,0.6
cell_edge,PhyGuard,0.9879518072289156,0.6102941176470589,0.0,0.7406994047619047,0.5992647058823529,,True,0.0,0.9,0.65
cell_edge,PhyGuard,0.9864864864864865,0.5441176470588235,0.0,0.6824564324564324,0.5316584967320261,,True,0.0,0.9,0.7
cell_edge,PhyGuard,1.0,0.5147058823529411,0.0,0.6661583428644046,0.5095486111111112,,True,0.0,0.9,0.75
cell_edge,PhyGuard,1.0,0.47794117647058826,0.0,0.6353694581280788,0.47354983660130723,,True,0.0,0.9,0.8
cell_edge,PhyGuard,1.0,0.4117647058823529,0.0,0.5689368770764119,0.4081903594771242,,True,0.0,0.9,0.85
cell_edge,PhyGuard,1.0,0.3014705882352941,0.0,0.44779050736497544,0.3006535947712418,,True,0.0,0.9,0.9
cell_edge,PhyGuard,1.0,0.19852941176470587,0.0,0.3063430777716492,0.19837622549019607,,True,0.0,0.9,0.95
cell_edge,PhyGuard,0.9518072289156626,0.6102941176470589,0.0,0.7019056004528159,0.5749591503267973,,True,0.0,0.95,0.05
cell_edge,PhyGuard,0.9518072289156626,0.6102941176470589,0.0,0.7019056004528159,0.5749591503267973,,True,0.0,0.95,0.1
cell_edge,PhyGuard,0.9518072289156626,0.6102941176470589,0.0,0.7019056004528159,0.5749591503267973,,True,0.0,0.95,0.15
cell_edge,PhyGuard,0.9518072289156626,0.6102941176470589,0.0,0.7019056004528159,0.5749591503267973,,True,0.0,0.95,0.2
cell_edge,PhyGuard,0.9518072289156626,0.6102941176470589,0.0,0.7019056004528159,0.5749591503267973,,True,0.0,0.95,0.25
cell_edge,PhyGuard,0.9518072289156626,0.6102941176470589,0.0,0.7019056004528159,0.5749591503267973,,True,0.0,0.95,0.3
cell_edge,PhyGuard,0.9518072289156626,0.6102941176470589,0.0,0.7019056004528159,0.5749591503267973,,True,0.0,0.95,0.35
cell_edge,PhyGuard,0.9518072289156626,0.6102941176470589,0.0,0.7019056004528159,0.5749591503267973,,True,0.0,0.95,0.4
cell_edge,PhyGuard,0.9518072289156626,0.6102941176470589,0.0,0.7019056004528159,0.5749591503267973,,True,0.0,0.95,0.45
cell_edge,PhyGuard,0.9746835443037974,0.5808823529411765,0.0,0.6986382229223977,0.5606617647058824,,True,0.0,0.95,0.5
cell_edge,PhyGuard,0.9746835443037974,0.5808823529411765,0.0,0.6986382229223977,0.5606617647058824,,True,0.0,0.95,0.55
cell_edge,PhyGuard,0.9866666666666667,0.5514705882352942,0.0,0.6802124358515336,0.5380923202614379,,True,0.0,0.95,0.6
cell_edge,PhyGuard,0.9863013698630136,0.5367647058823529,0.0,0.6701503181917928,0.5237949346405228,,True,0.0,0.95,0.65
cell_edge,PhyGuard,0.9848484848484849,0.4852941176470588,0.0,0.6228594590421288,0.47181372549019607,,True,0.0,0.95,0.7
cell_edge,PhyGuard,1.0,0.45588235294117646,0.0,0.6043867351373404,0.44970383986928103,,True,0.0,0.95,0.75
cell_edge,PhyGuard,1.0,0.4338235294117647,0.0,0.5870153405491751,0.4284620098039216,,True,0.0,0.95,0.8
cell_edge,PhyGuard,1.0,0.36764705882352944,0.0,0.5201832497513561,0.3631025326797386,,True,0.0,0.95,0.85
cell_edge,PhyGuard,1.0,0.27205882352941174,0.0,0.4131324336091573,0.27032271241830064,,True,0.0,0.95,0.9
cell_edge,PhyGuard,1.0,0.18382352941176472,0.0,0.2915797256222788,0.1836703431372549,,True,0.0,0.95,0.95
